planta,sku,mes,lgbm,xgb,rf,ml_mean,naive
MMRO,HP2/01/110gsm/1990mm/1200-1400,2026-10,15.126,17.68,15.902,16.236,22.797
MMRO,HP2/01/110gsm/2150mm/1200-1400,2026-10,1.756,2.061,2.047,1.955,0.0
MMRO,HP2/01/110gsm/2250mm/1200-1400,2026-10,7.283,8.066,6.944,7.431,2.067
MMRO,HP2/01/110gsm/2440mm/1200-1400,2026-10,1.648,2.139,1.887,1.891,0.0
MMRO,HP2/01/115gsm/1790mm/1200-1400,2026-10,18.182,21.976,19.271,19.81,17.499
MMRO,HP2/01/115gsm/1990mm/1200-1400,2026-10,1.668,1.81,1.902,1.793,0.0
MMRO,HP2/01/115gsm/2150mm/1200-1400,2026-10,30.389,32.433,31.615,31.479,45.158
MMRO,HP2/01/115gsm/2250mm/1200-1400,2026-10,14.804,15.593,16.102,15.499,11.308
MMRO,HP2/01/115gsm/2440mm/1200-1400,2026-10,21.168,15.263,13.265,16.565,2.863
MMRO,HP2/01/125gsm/1790mm/1200-1450,2026-10,0.928,1.446,1.199,1.191,0.0
MMRO,HP2/01/125gsm/1990mm/1200-1450,2026-10,30.126,33.792,26.563,30.16,46.851
MMRO,HP2/01/125gsm/2150mm/1200-1450,2026-10,35.152,41.285,41.342,39.26,58.815
MMRO,HP2/01/125gsm/2250mm/1200-1450,2026-10,7.512,6.411,5.555,6.493,4.474
MMRO,HP2/01/125gsm/2440mm/1200-1450,2026-10,7.93,5.999,6.947,6.959,0.0
MMRO,HP2/01/135gsm/1790mm/1200-1400,2026-10,1.857,2.186,2.436,2.16,0.0
MMRO,HP2/01/135gsm/1990mm/1200-1400,2026-10,13.874,17.773,15.849,15.832,22.634
MMRO,HP2/01/135gsm/2150mm/1200-1400,2026-10,8.436,8.523,9.189,8.716,6.287
MMRO,HP2/01/135gsm/2250mm/1200-1400,2026-10,0.442,0.245,0.348,0.345,0.0
MMRO,HP2/01/135gsm/2440mm/1200-1400,2026-10,25.28,26.569,25.076,25.642,32.752
MMRO,HP2/01/150gsm/1995mm/1200-1450,2026-10,1.19,1.241,1.083,1.171,0.0
MMRO,HP2/01/155gsm/1790mm/1200-1450,2026-10,23.624,24.305,20.018,22.649,40.266
MMRO,HP2/01/155gsm/1990mm/1200-1450,2026-10,20.257,23.619,24.101,22.659,38.192
MMRO,HP2/01/155gsm/2150mm/1200-1450,2026-10,18.214,17.609,13.314,16.379,18.618
MMRO,HP2/01/155gsm/2250mm/1200-1450,2026-10,23.999,25.559,22.923,24.161,37.112
MMRO,HP2/01/155gsm/2440mm/1200-1450,2026-10,8.762,8.307,7.914,8.327,2.335
MMRO,HP2/01/160gsm/1790mm/1200-1450,2026-10,2.643,2.634,2.158,2.478,0.0
MMRO,HP2/01/160gsm/1990mm/1200-1450,2026-10,2.21,2.349,2.897,2.485,0.0
MMRO,HP2/01/160gsm/2150mm/1200-1450,2026-10,12.993,17.3,15.642,15.312,21.232
MMRO,HP2/01/160gsm/2250mm/1200-1450,2026-10,4.823,8.442,8.805,7.357,4.681
MMRO,HP2/01/160gsm/2440mm/1200-1450,2026-10,1.439,1.397,1.177,1.337,0.0
MMRO,HP2/01/160gsm/2450mm/1200-1450,2026-10,26.917,30.802,23.035,26.918,45.958
MMRO,HP2/01/175gsm/1795mm/1200-1450,2026-10,2.761,2.782,2.158,2.567,0.0
MMRO,HP2/01/175gsm/1990mm/1200-1450,2026-10,2.329,2.363,2.712,2.468,0.0
MMRO,HP2/01/175gsm/2150mm/1200-1350,2026-10,0.442,0.245,0.348,0.345,0.0
MMRO,HP2/01/175gsm/2250mm/1200-1350,2026-10,1.2,1.399,1.092,1.23,0.0
MMRO,HP2/01/175gsm/2440mm/1200-1450,2026-10,0.442,0.245,0.348,0.345,0.0
MMRO,HP3/01/125gsm/1790mm/1200-1450,2026-10,39.519,45.238,41.334,42.03,36.743
MMRO,HP3/01/125gsm/1990mm/1200-1450,2026-10,26.041,25.351,25.074,25.489,7.506
MMRO,HP3/01/125gsm/2150mm/1200-1450,2026-10,23.985,20.382,21.939,22.102,4.676
MMRO,HP3/01/125gsm/2250mm/1200-1450,2026-10,42.556,44.551,42.121,43.076,37.717
MMRO,HP3/01/125gsm/2440mm/1200-1450,2026-10,27.654,28.865,29.515,28.678,8.36
MMRO,K/01/100GSM/2450MM/1200-1250,2026-10,1.585,1.583,1.902,1.69,0.0
MMRO,K/01/110gsm/1800mm/1200-1450,2026-10,6.225,6.746,6.985,6.652,0.607
MMRO,K/01/110gsm/1850mm/1200-1450,2026-10,0.315,0.154,0.116,0.195,0.0
MMRO,K/01/110gsm/2000mm/1200-1450,2026-10,6.682,7.919,8.034,7.545,4.414
MMRO,K/01/110gsm/2150mm/1200-1450,2026-10,2.766,3.088,3.328,3.061,0.0
MMRO,K/01/110gsm/2250mm/1200-1450,2026-10,2.627,2.429,2.885,2.647,0.0
MMRO,K/01/110gsm/2450mm/1200-1450,2026-10,6.179,6.793,7.8,6.924,2.7
MMRO,K/01/125gsm/1800mm/1200-1450,2026-10,0.315,0.149,0.178,0.214,0.0
MMRO,K/01/125gsm/1850mm/1200-1450,2026-10,0.315,0.149,0.166,0.21,0.0
MMRO,K/01/125gsm/2000mm/1200-1400,2026-10,0.977,0.838,0.778,0.865,0.0
MMRO,K/01/125gsm/2150mm/1200-1450,2026-10,0.68,0.71,0.838,0.743,0.0
MMRO,K/01/135gsm/1800mm/1200-1450,2026-10,21.387,24.776,24.183,23.449,20.229
MMRO,K/01/135gsm/2000mm/1200-1450,2026-10,36.826,41.298,42.822,40.316,36.229
MMRO,K/01/135gsm/2150mm/1200-1450,2026-10,28.368,32.139,25.797,28.768,28.594
MMRO,K/01/135gsm/2250mm/1200-1450,2026-10,14.281,13.062,10.654,12.666,2.613
MMRO,K/01/135gsm/2450mm/1200-1450,2026-10,29.525,32.942,29.811,30.759,26.652
MMRO,K/01/150gsm/1800mm/1200-1450,2026-10,1.348,1.198,1.01,1.186,0.0
MMRO,K/01/160gsm/1800mm/1200-1450,2026-10,20.932,25.097,23.84,23.29,17.083
MMRO,K/01/160gsm/2000mm/1200-1450,2026-10,39.523,45.512,53.101,46.045,40.658
MMRO,K/01/160gsm/2050mm/1200-1450,2026-10,0.473,0.478,0.445,0.466,0.0
MMRO,K/01/160gsm/2150mm/1200-1450,2026-10,21.888,26.204,24.715,24.269,22.674
MMRO,K/01/160gsm/2250mm/1200-1450,2026-10,25.312,27.911,20.384,24.535,29.823
MMRO,K/01/160gsm/2450mm/1200-1450,2026-10,27.287,30.168,31.108,29.521,24.8
MMRO,K/01/200gsm/1800mm/1200-1400,2026-10,2.345,2.305,2.176,2.275,0.0
MMRO,K/01/200gsm/1800mm/1200-1450,2026-10,1.648,2.022,1.973,1.881,0.0
MMRO,K/01/200gsm/2000mm/1200-1450,2026-10,1.888,2.137,1.971,1.999,0.0
MMRO,K/01/200gsm/2150mm/1200-1400,2026-10,1.508,1.347,0.987,1.281,0.0
MMRO,K/01/200gsm/2150mm/1200-1450,2026-10,1.668,2.119,1.793,1.86,0.0
MMRO,K/01/200gsm/2250mm/1200-1400,2026-10,2.094,2.004,1.853,1.983,0.0
MMRO,K/01/200gsm/2450mm/1200-1400,2026-10,2.094,2.004,1.938,2.012,0.0
MMRO,K/01/200gsm/2450mm/1200-1450,2026-10,5.572,7.008,7.94,6.84,2.936
MMRO,K/01/225gsm/1800mm/1200-1450,2026-10,29.66,31.812,32.697,31.39,22.849
MMRO,K/01/225gsm/2000mm/1200-1400,2026-10,31.082,32.711,31.374,31.723,30.65
MMRO,K/01/225gsm/2000mm/1200-1450,2026-10,0.442,0.245,0.348,0.345,0.0
MMRO,K/01/225gsm/2050mm/1200-1450,2026-10,1.256,1.452,1.695,1.468,0.0
MMRO,K/01/225gsm/2150mm/1200-1450,2026-10,23.401,28.213,28.766,26.793,19.691
MMRO,K/01/225gsm/2250mm/1200-1450,2026-10,9.919,11.378,9.797,10.365,2.457
MMRO,K/01/225gsm/2450mm/1200-1450,2026-10,22.34,25.068,23.653,23.687,21.667
MMRO,K/01/275gsm/1800mm/1200-1450,2026-10,1.91,1.928,2.011,1.95,0.0
MMRO,K/01/275gsm/2000mm/1200-1450,2026-10,14.314,17.253,20.866,17.478,10.294
MMRO,K/01/275gsm/2050mm/1200-1450,2026-10,1.689,1.68,1.858,1.742,0.0
MMRO,K/01/275gsm/2150mm/1200-1450,2026-10,2.407,2.529,2.338,2.425,0.0
MMRO,K/01/275gsm/2250mm/1200-1450,2026-10,2.024,2.156,2.373,2.184,0.0
MMRO,K/01/275gsm/2450mm/1200-1450,2026-10,6.648,6.927,7.144,6.907,1.784
MMRO,K/01/280gsm/2000mm/1200-1450,2026-10,10.605,12.298,12.893,11.932,9.02
MMRO,KCL/134/145gsm/1955mm/1200-1450,2026-10,0.863,0.8,1.232,0.965,0.0
MMRO,KCL/134/145gsm/2150mm/1200-1450,2026-10,0.736,0.676,1.058,0.823,0.0
MMRO,KW2/01/135gsm/1800mm/1200-1450,2026-10,9.579,10.314,10.6,10.165,5.867
MMRO,KW2/01/135gsm/2000mm/1200-1450,2026-10,11.086,11.722,13.599,12.136,10.389
MMRO,KW2/01/135gsm/2150mm/1200-1450,2026-10,8.94,10.236,10.316,9.831,3.313
MMRO,KW2/01/135gsm/2250mm/1200-1450,2026-10,8.514,8.715,6.967,8.065,1.72
MMRO,KW2/01/135gsm/2450mm/1200-1450,2026-10,11.086,11.677,13.853,12.205,10.382
MMRO,KW2/01/160gsm/1800mm/1200-1450,2026-10,0.807,0.812,1.014,0.878,0.0
MMRO,KW2/01/160gsm/2000mm/1200-1450,2026-10,6.065,5.223,4.988,5.425,0.0
MMRO,KW2/01/160gsm/2150mm/1200-1450,2026-10,1.428,1.652,2.369,1.816,0.0
MMRO,KW2/01/160gsm/2250mm/1200-1450,2026-10,0.442,0.245,0.348,0.345,0.0
MMRO,KW2/01/160gsm/2450mm/1200-1450,2026-10,2.231,2.098,2.463,2.264,0.0
MMRO,SF1/01/130gsm/1845mm/1200-1450,2026-10,5.372,4.954,6.24,5.522,1.681
MMRO,SF1/01/130gsm/2445mm/1200-1450,2026-10,4.72,4.689,2.848,4.086,0.0
MMRO,SF1/01/140gsm/1800mm/1200-1450,2026-10,6.606,9.202,13.612,9.806,4.106
MMRO,SF1/01/140gsm/2000mm/1200-1450,2026-10,2.753,2.55,2.756,2.687,0.0
MMRO,SF1/01/140gsm/2150mm/1200-1450,2026-10,21.047,24.24,22.3,22.529,12.467
MMRO,SF1/01/140gsm/2250mm/1200-1450,2026-10,13.597,16.16,16.692,15.483,6.176
MMRO,SF1/01/140gsm/2450mm/1200-1450,2026-10,13.845,16.45,21.253,17.182,15.247
MMRO,SF1/01/150gsm/2150mm/1200-1450,2026-10,3.036,3.481,2.167,2.895,0.0
MMRO,SF1/01/150gsm/2450mm/1200-1400,2026-10,4.521,4.079,3.163,3.921,0.0
MMRO,SF1/01/160gsm/1800mm/1200-1450,2026-10,12.396,16.67,20.298,16.455,6.13
MMRO,SF1/01/160gsm/2000mm/1200-1450,2026-10,15.428,21.151,26.813,21.131,14.597
MMRO,SF1/01/160gsm/2150mm/1200-1450,2026-10,19.006,22.836,26.104,22.649,16.054
MMRO,SF1/01/160gsm/2250mm/1200-1450,2026-10,21.227,24.48,22.82,22.842,12.25
MMRO,SF1/01/160gsm/2450mm/1200-1450,2026-10,14.384,17.72,21.457,17.854,10.896
MMRO,SF2/01/140gsm/1800mm/1200-1450,2026-10,19.173,24.485,21.284,21.647,15.66
MMRO,SF2/01/140gsm/2000mm/1200-1450,2026-10,21.114,26.114,21.498,22.909,21.165
MMRO,SF2/01/140gsm/2145mm/1200-1450,2026-10,1.611,1.81,1.763,1.728,0.0
MMRO,SF2/01/140gsm/2295mm/1200-1450,2026-10,1.797,2.009,1.82,1.875,0.0
MMRO,SF2/01/140gsm/2450mm/1200-1450,2026-10,7.343,6.434,5.421,6.399,0.0
MMRO,SF2/01/150gsm/1795mm/1200-1450,2026-10,21.313,25.161,23.08,23.185,19.493
MMRO,SF2/01/150gsm/1995mm/1200-1450,2026-10,21.559,25.988,20.162,22.57,16.638
MMRO,SF2/01/150gsm/2150mm/1200-1450,2026-10,1.797,2.009,2.148,1.984,0.0
MMRO,SF2/01/150gsm/2450mm/1200-1400,2026-10,1.662,1.848,1.689,1.733,0.0
MMRO,SF2/01/160gsm/1800mm/1200-1450,2026-10,0.704,0.787,0.711,0.734,0.0
MMRO,SF2/01/160gsm/2000mm/1200-1450,2026-10,5.354,4.763,2.445,4.187,0.0
MMRO,SF2/01/160gsm/2150mm/1200-1450,2026-10,2.016,1.903,1.938,1.952,0.0
MMRO,SF2/01/160gsm/2250mm/1200-1450,2026-10,0.677,0.752,1.0,0.81,0.0
MMRO,SF2/01/160gsm/2450mm/1200-1450,2026-10,3.046,3.036,2.272,2.785,0.0
MMRO,T3/51/100gsm/1800mm/1200-1450,2026-10,1.891,2.329,2.375,2.198,0.0
MMRO,T3/51/100gsm/2000mm/1200-1450,2026-10,1.855,1.964,1.961,1.927,0.0
MMRO,T3/51/100gsm/2150mm/1200-1450,2026-10,0.315,0.276,0.293,0.295,0.0
MMRO,T3/51/100gsm/2250mm/1200-1450,2026-10,0.701,0.74,0.874,0.771,0.0
MMRO,T3/51/100gsm/2450mm/1200-1450,2026-10,1.743,2.048,2.003,1.931,0.0
MMRO,T3/51/90gsm/1800mm/1200-1250,2026-10,1.105,1.185,1.696,1.329,0.0
MMRO,T3/51/90gsm/1800mm/1200-1450,2026-10,0.315,0.167,0.295,0.259,0.0
MMRO,T3/51/90gsm/1830mm/1200-1450,2026-10,0.442,0.245,0.348,0.345,0.0
MMRO,T3/51/90gsm/2000mm/1200-1450,2026-10,0.315,0.165,0.202,0.228,0.0
MMRO,T3/51/90gsm/2150mm/1200-1450,2026-10,1.907,1.917,2.289,2.038,0.0
MMRO,T3/51/90gsm/2250mm/1200-1250,2026-10,0.442,0.332,0.383,0.386,0.0
MMRO,T3/51/90gsm/2250mm/1200-1450,2026-10,0.315,0.149,0.166,0.21,0.0
MMRO,T3/51/90gsm/2450mm/1200-1450,2026-10,2.713,2.292,3.132,2.712,0.331
MMRO,TCH/45/160gsm/2000mm/1200-1450,2026-10,0.871,0.925,1.211,1.002,0.0
MMRO,TCH/49/160gsm/1800mm/1200-1450,2026-10,2.189,1.382,2.778,2.116,0.318
MMRO,TCH/49/160gsm/2150mm/1200-1450,2026-10,0.88,0.876,1.532,1.096,0.0
MMRO,TCH/49/160gsm/2250mm/1200-1450,2026-10,0.315,0.155,0.197,0.223,0.0
MMRO,TCH/49/160gsm/2450mm/1200-1450,2026-10,3.462,3.263,4.37,3.699,0.0
MMRO,THP/01/110gsm/2000mm/1200-1450,2026-10,20.021,23.67,18.714,20.802,19.676
MMRO,THP/01/110gsm/2150mm/1200-1450,2026-10,11.524,12.028,9.761,11.104,2.456
MMRO,THP/01/110gsm/2250mm/1200-1450,2026-10,5.94,5.781,6.214,5.978,1.04
MMRO,THP/01/110gsm/2450mm/1200-1450,2026-10,29.313,34.45,31.273,31.679,43.21
MMRO,THP/01/125gsm/1800mm/1200-1450,2026-10,34.792,40.985,31.778,35.852,44.264
MMRO,THP/01/125gsm/2000mm/1200-1450,2026-10,25.781,32.077,29.202,29.02,28.843
MMRO,THP/01/125gsm/2150mm/1200-1450,2026-10,25.506,29.05,26.598,27.051,22.213
MMRO,THP/01/125gsm/2250mm/1200-1450,2026-10,26.329,28.452,25.503,26.761,24.246
MMRO,THP/01/125gsm/2450mm/1200-1450,2026-10,28.019,32.728,28.84,29.862,22.423
MMRO,THP/01/160gsm/1800mm/1200-1450,2026-10,73.743,81.121,64.18,73.015,76.69
MMRO,THP/01/160gsm/2000mm/1200-1450,2026-10,28.393,34.468,27.662,30.174,16.944
MMRO,THP/01/160gsm/2150mm/1200-1450,2026-10,6.348,6.168,4.694,5.737,0.0
MMRO,THP/01/160gsm/2250mm/1200-1450,2026-10,4.99,4.916,3.372,4.426,0.0
MMRO,THP/01/160gsm/2450mm/1200-1450,2026-10,11.763,8.954,12.137,10.951,0.0
MMRO,TSL/01/100gsm/1800mm/1200-1400,2026-10,24.917,27.517,24.014,25.482,25.106
MMRO,TSL/01/100gsm/2000mm/1200-1400,2026-10,24.015,31.533,27.394,27.647,33.284
MMRO,TSL/01/100gsm/2150mm/1200-1400,2026-10,24.872,27.307,24.172,25.451,22.629
MMRO,TSL/01/100gsm/2250mm/1200-1400,2026-10,19.54,22.355,19.01,20.302,13.058
MMRO,TSL/01/100gsm/2450mm/1200-1400,2026-10,51.896,53.896,45.628,50.474,42.667
MMRO,TSL/01/120gsm/2000mm/1200-1350,2026-10,7.955,9.872,7.965,8.597,2.304
MMRO,TSL/01/120gsm/2100mm/1200-1400,2026-10,1.662,1.765,1.924,1.784,0.0
MMRO,TSL/01/120gsm/2450mm/1200-1350,2026-10,1.662,1.707,1.9,1.756,0.0
MMRO,TSL/01/125gsm/1800mm/1200-1450,2026-10,0.599,0.667,0.701,0.656,0.0
MMRO,TSL/01/125gsm/2000mm/1200-1450,2026-10,0.442,0.245,0.348,0.345,0.0
MMRO,TSL/01/125gsm/2150mm/1200-1450,2026-10,0.442,0.245,0.348,0.345,0.0
MMRO,TSL/01/125gsm/2250mm/1200-1450,2026-10,0.315,0.24,0.662,0.406,0.0
MMRO,TSL/01/125gsm/2450mm/1200-1450,2026-10,0.442,0.245,0.348,0.345,0.0
MMRO,TSL/01/130gsm/1800mm/1200-1400,2026-10,13.735,15.59,18.6,15.975,5.97
MMRO,TSL/01/130gsm/2000mm/1200-1400,2026-10,27.068,30.367,29.411,28.949,24.781
MMRO,TSL/01/130gsm/2150mm/1200-1400,2026-10,25.72,29.259,27.101,27.36,23.43
MMRO,TSL/01/130gsm/2250mm/1200-1400,2026-10,2.464,2.603,2.205,2.424,0.0
MMRO,TSL/01/130gsm/2450mm/1200-1400,2026-10,84.807,95.671,73.226,84.568,108.84
MMRO,TSL/01/150gsm/1800mm/1200-1400,2026-10,0.315,0.164,0.181,0.22,0.0
MMRO,TSL/01/150gsm/2000mm/1200-1400,2026-10,0.315,0.168,0.232,0.239,0.0
MMRO,TSL/01/150gsm/2150mm/1200-1400,2026-10,0.315,0.149,0.166,0.21,0.0
MMRO,TSL/01/150gsm/2250mm/1200-1400,2026-10,0.315,0.149,0.178,0.214,0.0
MMRO,TSL/01/80gsm/1800mm/1200-1450,2026-10,90.812,94.916,89.203,91.643,75.438
MMRO,TSL/01/80gsm/2000mm/1200-1450,2026-10,26.587,30.136,26.175,27.633,21.47
MMRO,TSL/01/80gsm/2150mm/1200-1450,2026-10,15.114,15.405,11.819,14.112,4.494
MMRO,TSL/01/80gsm/2250mm/1200-1450,2026-10,19.978,21.728,19.816,20.507,16.307
MMRO,TSL/01/80gsm/2450mm/1200-1450,2026-10,52.326,58.646,47.827,52.933,53.658
MMRO,TSL/01/85gsm/1800mm/1200-1450,2026-10,14.301,14.667,13.836,14.268,3.954
MMRO,TSL/01/85gsm/2000mm/1200-1450,2026-10,1.91,2.006,1.905,1.94,0.0
MMRO,TSL/01/85gsm/2150mm/1200-1450,2026-10,6.502,8.025,6.754,7.094,6.211
MMRO,TSL/01/85gsm/2200mm/1200-1450,2026-10,0.442,0.245,0.348,0.345,0.0
MMRO,TSL/01/85gsm/2250mm/1200-1450,2026-10,3.741,3.473,3.081,3.432,0.0
MMRO,TSL/01/85gsm/2450mm/1200-1450,2026-10,16.8,20.857,14.686,17.448,27.648
MMRO,TW2000/51/115gsm/1800mm/1200-1450,2026-10,5.357,5.766,6.849,5.991,0.828
MMRO,TW2000/51/115gsm/2000mm/1200-1450,2026-10,9.44,9.356,10.472,9.756,5.636
MMRO,TW2000/51/115gsm/2150mm/1200-1450,2026-10,4.856,4.189,3.593,4.213,0.0
MMRO,TW2000/51/115gsm/2250mm/1200-1450,2026-10,3.137,2.9,3.071,3.036,1.869
MMRO,TW2000/51/115gsm/2450mm/1200-1450,2026-10,15.588,17.543,16.418,16.517,18.738
MMRO,TW2000/51/120gsm/1800mm/1200-1450,2026-10,0.62,0.857,0.654,0.711,0.0
MMRO,TW2000/51/120gsm/2000mm/1200-1450,2026-10,0.442,0.245,0.348,0.345,0.0
MMRO,TW2000/51/120gsm/2150mm/1200-1450,2026-10,0.773,0.912,1.264,0.983,0.0
MMRO,TW2000/51/120gsm/2250mm/1200-1450,2026-10,0.315,0.149,0.166,0.21,0.0
MMRO,TW2000/51/120gsm/2450mm/1200-1450,2026-10,2.016,1.697,1.889,1.867,0.0
MMRO,TW2000/51/135gsm/1800mm/1200-1450,2026-10,0.903,1.203,1.379,1.162,0.0
MMRO,TW2000/51/135gsm/2000mm/1200-1450,2026-10,0.851,1.411,1.109,1.124,0.0
MMRO,TW2000/51/135gsm/2150mm/1200-1450,2026-10,0.315,0.149,0.178,0.214,0.0
MMRO,TW2000/51/135gsm/2250mm/1200-1450,2026-10,1.073,1.079,1.403,1.185,0.0
MMRO,TW2000/51/135gsm/2450mm/1200-1450,2026-10,0.315,0.154,0.115,0.195,0.0
MMRO,TWTC1/51/135gsm/1800mm/1200-1450,2026-10,8.374,7.798,9.138,8.437,0.0
MMRO,TWTC1/51/135gsm/2000mm/1200-1450,2026-10,11.2,13.296,14.732,13.076,21.807
MMRO,TWTC1/51/135gsm/2150mm/1200-1450,2026-10,7.606,8.109,6.386,7.367,7.181
MMRO,TWTC1/51/135gsm/2250mm/1200-1450,2026-10,5.851,5.92,4.808,5.527,3.581
MMRO,TWTC1/51/135gsm/2450mm/1200-1450,2026-10,2.211,2.515,3.197,2.641,0.0
MMRO,TWTC2/51/115gsm/1800mm/1200-1450,2026-10,56.511,57.49,44.529,52.843,46.916
MMRO,TWTC2/51/115gsm/2000mm/1200-1450,2026-10,8.016,7.461,7.828,7.768,0.0
MMRO,TWTC2/51/115gsm/2150mm/1200-1450,2026-10,11.036,12.984,14.394,12.804,15.986
MMRO,TWTC2/51/115gsm/2250mm/1200-1350,2026-10,5.743,5.35,5.89,5.661,0.0
MMRO,TWTC2/51/115gsm/2450mm/1200-1450,2026-10,2.024,2.154,2.108,2.095,0.0
PCEL,HP2/01/105gsm/1990mm/1200-1400,2026-10,0.318,0.162,0.553,0.344,0.0
PCEL,HP2/01/105gsm/2190mm/1200-1400,2026-10,0.318,0.162,0.553,0.344,0.0
PCEL,HP2/01/105gsm/2440mm/1200-1400,2026-10,0.318,0.162,0.553,0.344,0.0
PCEL,HP2/01/115gsm/1990mm/1200-1400,2026-10,29.79,33.244,43.356,35.463,38.365
PCEL,HP2/01/115gsm/2190mm/1200-1400,2026-10,76.576,88.046,100.218,88.28,105.823
PCEL,HP2/01/115gsm/2440mm/1200-1400,2026-10,141.158,156.034,168.349,155.181,216.365
PCEL,HP2/01/115gsm/2640mm/1200-1450,2026-10,38.831,40.026,43.848,40.902,44.822
PCEL,HP2/01/115gsm/2790mm/1200-1450,2026-10,55.692,56.893,72.416,61.667,68.607
PCEL,HP2/01/125gsm/1990mm/1200-1450,2026-10,2.437,3.359,2.453,2.75,0.0
PCEL,HP2/01/125gsm/2190mm/1200-1450,2026-10,88.827,98.44,121.044,102.77,108.147
PCEL,HP2/01/125gsm/2440mm/1200-1450,2026-10,104.482,119.771,133.813,119.355,157.307
PCEL,HP2/01/125gsm/2640mm/1200-1450,2026-10,14.658,13.303,11.901,13.287,6.786
PCEL,HP2/01/125gsm/2790mm/1200-1450,2026-10,29.845,29.673,34.078,31.199,24.656
PCEL,HP2/01/127gsm/2640mm/1200-1450,2026-10,60.292,62.681,81.607,68.193,77.391
PCEL,HP2/01/127gsm/2790mm/1200-1450,2026-10,38.216,40.306,43.915,40.812,62.633
PCEL,HP2/01/155gsm/1990mm/1200-1450,2026-10,2.524,2.65,6.386,3.854,0.0
PCEL,HP2/01/155gsm/2190mm/1200-1450,2026-10,88.712,100.652,109.847,99.737,94.195
PCEL,HP2/01/155gsm/2440mm/1200-1450,2026-10,106.988,125.767,142.425,125.06,190.502
PCEL,HP2/01/155gsm/2440mm/1200-1450/Subst.,2026-10,0.258,0.18,0.21,0.216,0.0
PCEL,HP2/01/155gsm/2640mm/1200-1450,2026-10,218.594,227.644,308.567,251.602,337.217
PCEL,HP2/01/155gsm/2790mm/1200-1450,2026-10,63.739,69.646,88.227,73.871,88.036
PCEL,HP2/01/160gsm/1990mm/1200-1450,2026-10,0.318,0.162,0.553,0.344,0.0
PCEL,HP2/01/160gsm/2190mm/1200-1450,2026-10,0.318,0.162,0.553,0.344,0.0
PCEL,HP2/01/160gsm/2440mm/1200-1450,2026-10,0.318,0.162,0.553,0.344,0.0
PCEL,K/01/110gsm/2000mm/1200-1450,2026-10,14.563,15.945,19.013,16.507,14.545
PCEL,K/01/110gsm/2200mm/1200-1250,2026-10,32.285,34.053,32.661,33.0,44.145
PCEL,K/01/110gsm/2450mm/1200-1250,2026-10,50.329,52.969,55.055,52.784,62.695
PCEL,K/01/110gsm/2450mm/1200-1450,2026-10,0.593,0.496,0.737,0.609,0.0
PCEL,K/01/110gsm/2800mm/1200-1450,2026-10,4.076,3.383,4.953,4.137,2.0
PCEL,K/01/125gsm/2000mm/1200-1250,2026-10,8.918,8.704,10.646,9.423,5.69
PCEL,K/01/125gsm/2200mm/1200-1450,2026-10,38.778,41.071,43.754,41.201,44.59
PCEL,K/01/125gsm/2450mm/1200-1250,2026-10,52.874,57.519,59.44,56.611,86.795
PCEL,K/01/125gsm/2450mm/1200-1450,2026-10,2.478,1.665,2.91,2.351,1.384
PCEL,K/01/125gsm/2650mm/1200-1450,2026-10,22.42,21.389,22.621,22.143,29.255
PCEL,K/01/125gsm/2800mm/1200-1450,2026-10,10.887,9.526,9.606,10.006,10.72
PCEL,K/01/135gsm/2000mm/1200-1450,2026-10,0.318,0.162,0.553,0.344,0.0
PCEL,K/01/135gsm/2200mm/1200-1250,2026-10,0.318,0.162,0.553,0.344,0.0
PCEL,K/01/135gsm/2200mm/1200-1450,2026-10,0.227,0.092,0.204,0.174,0.0
PCEL,K/01/135gsm/2450mm/1200-1250,2026-10,0.318,0.162,0.553,0.344,0.0
PCEL,K/01/135gsm/2450mm/1200-1450,2026-10,0.227,0.093,0.229,0.183,0.0
PCEL,K/01/135gsm/2650mm/1200-1450,2026-10,2.168,1.911,1.876,1.985,0.0
PCEL,K/01/160gsm/2000mm/1200-1450,2026-10,34.436,34.767,39.597,36.267,34.525
PCEL,K/01/160gsm/2100mm/1200-1450,2026-10,0.46,0.519,0.816,0.598,0.0
PCEL,K/01/160gsm/2200mm/1200-1250,2026-10,37.026,37.928,39.451,38.135,45.37
PCEL,K/01/160gsm/2450mm/1200-1250,2026-10,22.938,22.782,22.922,22.881,28.39
PCEL,K/01/225gsm/2000mm/1200-1450,2026-10,30.508,31.237,37.593,33.113,29.485
PCEL,K/01/225gsm/2200mm/1200-1250,2026-10,19.91,20.377,21.156,20.481,34.6
PCEL,K/01/225gsm/2450mm/1200-1250,2026-10,10.948,9.812,9.631,10.13,12.575
PCEL,K/01/225gsm/2450mm/1200-1450,2026-10,0.875,0.939,1.617,1.144,0.0
PCEL,K/01/275gsm/2000mm/1200-1450,2026-10,0.318,0.162,0.553,0.344,0.0
PCEL,K/01/275gsm/2200mm/1200-1250,2026-10,0.318,0.162,0.553,0.344,0.0
PCEL,K/01/275gsm/2200mm/1200-1450,2026-10,2.804,2.793,4.505,3.367,0.0
PCEL,KBA/10/132gsm/2450mm/1200-1450,2026-10,0.227,0.093,0.229,0.183,0.0
PCEL,KBA/157/157GSM/2200mm/1200-1450,2026-10,0.318,0.162,0.553,0.344,0.0
PCEL,KCH/337/135gsm/2450mm/1200-1450,2026-10,0.526,0.447,0.746,0.573,0.0
PCEL,KS/257/125gsm/2000mm/1200-1450,2026-10,1.244,1.123,1.528,1.299,0.0
PCEL,KS/257/125gsm/2200mm/1200-1450,2026-10,4.735,4.759,6.693,5.396,0.0
PCEL,KS/257/125gsm/2230mm/1200-1450,2026-10,0.318,0.162,0.553,0.344,0.0
PCEL,KS/257/125gsm/2450mm/1200-1450,2026-10,5.223,4.301,5.269,4.931,0.0
PCEL,KS/257/165gsm/2000mm/1200-1450,2026-10,2.283,1.819,2.955,2.352,0.0
PCEL,KS/257/165gsm/2200mm/1200-1450,2026-10,2.394,2.204,2.687,2.428,0.0
PCEL,KS/257/165gsm/2450mm/1200-1450,2026-10,6.362,5.964,6.716,6.347,8.658
PCEL,KW2/01/125gsm/2000mm/1200-1450,2026-10,5.061,3.149,5.771,4.661,0.3
PCEL,KW2/01/125gsm/2100mm/1200-1450,2026-10,0.227,0.085,0.183,0.165,0.0
PCEL,KW2/01/125gsm/2200mm/1200-1250,2026-10,38.23,39.11,45.384,40.908,41.755
PCEL,KW2/01/125gsm/2450mm/1200-1250,2026-10,59.541,66.257,73.412,66.403,78.103
PCEL,KW2/01/125gsm/2450mm/1200-1450,2026-10,0.318,0.246,0.352,0.305,0.0
PCEL,KW2/01/125gsm/2800mm/1200-1450,2026-10,21.083,18.824,20.765,20.224,20.057
PCEL,KW2/01/160gsm/2000mm/1200-1450,2026-10,4.923,4.048,3.688,4.22,3.43
PCEL,KW2/01/160gsm/2200mm/1200-1250,2026-10,14.448,12.451,11.998,12.966,10.155
PCEL,KW2/01/160gsm/2450mm/1200-1250,2026-10,11.273,10.087,9.451,10.27,9.785
PCEL,KW2/01/160gsm/2800mm/1200-1250,2026-10,1.614,1.299,1.962,1.625,1.4
PCEL,RF1/01/100gsm/1990mm/1200-1450,2026-10,1.721,1.955,1.862,1.846,0.0
PCEL,RF1/01/100gsm/2190mm/1200-1450,2026-10,2.3,3.095,2.174,2.523,0.0
PCEL,RF1/01/100gsm/2440mm/1200-1450,2026-10,0.674,0.519,0.499,0.564,0.0
PCEL,RF1/01/75gsm/1990mm/1200-1400,2026-10,3.995,3.866,3.99,3.95,0.0
PCEL,RF1/01/75gsm/2190mm/1200-1400,2026-10,4.367,5.306,6.194,5.289,0.0
PCEL,RF1/01/75gsm/2440mm/1200-1400,2026-10,4.098,3.858,5.854,4.603,0.0
PCEL,RF1/01/80gsm/1990mm/1200-1450,2026-10,0.318,0.162,0.553,0.344,0.0
PCEL,RF1/01/80gsm/2190mm/1200-1450,2026-10,0.318,0.162,0.553,0.344,0.0
PCEL,RF1/01/80gsm/2440mm/1200-1450,2026-10,0.318,0.162,0.553,0.344,0.0
PCEL,SF1/01/160gsm/1990mm/1200-1400,2026-10,53.87,61.509,71.846,62.408,71.043
PCEL,SF1/01/160gsm/2190mm/1200-1450,2026-10,21.878,22.749,22.812,22.479,31.507
PCEL,SF1/01/160gsm/2440mm/1200-1450,2026-10,9.321,8.664,8.263,8.749,6.616
PCEL,TCH/43/125gsm/2000mm/1200-1450,2026-10,3.152,2.627,2.885,2.888,3.272
PCEL,TCH/43/125gsm/2200mm/1200-1450,2026-10,1.416,1.305,2.0,1.574,0.0
PCEL,TCH/43/125gsm/2450mm/1200-1450,2026-10,2.402,2.226,2.801,2.476,0.0
PCEL,TCH/43/150gsm/2000mm/1200-1450,2026-10,5.484,4.238,4.005,4.576,2.83
PCEL,TCH/43/150gsm/2200mm/1200-1450,2026-10,6.256,5.524,6.689,6.156,7.08
PCEL,TCH/43/150gsm/2450mm/1200-1450,2026-10,26.58,24.76,36.577,29.306,52.228
PCEL,TCH/43/165gsm/2000mm/1200-1450,2026-10,2.421,2.563,4.126,3.037,0.0
PCEL,TCH/43/165gsm/2030mm/1200-1450,2026-10,0.227,0.079,0.086,0.131,0.0
PCEL,TCH/43/165gsm/2200mm/1200-1450,2026-10,2.804,2.805,4.574,3.394,0.0
PCEL,TCH/43/165gsm/2450mm/1200-1450,2026-10,8.543,5.557,9.221,7.774,0.338
PCEL,TSL/01/100gsm/2200mm/1200-1400,2026-10,44.583,45.265,51.533,47.127,55.428
PCEL,TSL/01/100gsm/2450mm/1200-1400,2026-10,124.468,145.973,183.392,151.278,228.099
PCEL,TSL/01/100gsm/2650mm/1200-1450,2026-10,99.258,113.372,146.791,119.807,160.142
PCEL,TSL/01/100gsm/2800mm/1200-1450,2026-10,21.026,20.278,25.548,22.284,35.202
PCEL,TSL/01/110gsm/2000mm/1200-1400,2026-10,1.94,2.782,3.46,2.727,0.0
PCEL,TSL/01/110gsm/2200mm/1200-1400,2026-10,4.292,5.049,5.022,4.788,0.0
PCEL,TSL/01/110gsm/2450mm/1200-1400,2026-10,4.626,6.03,8.042,6.232,0.0
PCEL,TSL/01/110gsm/2650mm/1200-1450,2026-10,4.783,5.061,7.33,5.725,0.0
PCEL,TSL/01/110gsm/2800mm/1200-1450,2026-10,4.622,4.864,7.36,5.615,0.0
PCEL,TSL/01/125gsm/2000mm/1200-1450,2026-10,1.736,2.411,3.278,2.475,0.0
PCEL,TSL/01/125gsm/2200mm/1200-1450,2026-10,43.476,43.984,48.802,45.421,42.014
PCEL,TSL/01/125gsm/2450mm/1200-1450,2026-10,40.223,39.019,41.808,40.35,34.014
PCEL,TSL/01/125gsm/2650mm/1200-1450,2026-10,146.644,151.046,194.518,164.07,183.859
PCEL,TSL/01/125gsm/2800mm/1200-1450,2026-10,40.228,41.65,44.78,42.22,53.365
PCEL,TSL/01/150gsm/2000mm/1200-1400,2026-10,1.715,1.927,1.902,1.848,0.0
PCEL,TSL/01/150gsm/2200mm/1200-1400,2026-10,2.888,3.003,2.32,2.737,0.0
PCEL,TSL/01/150gsm/2450mm/1200-1400,2026-10,3.055,2.72,2.498,2.758,0.0
PCEL,TSL/01/150gsm/2650mm/1200-1450,2026-10,2.326,2.011,1.516,1.951,0.0
PCEL,TSL/01/150gsm/2800mm/1200-1450,2026-10,1.946,1.677,1.046,1.556,0.0
PCEL,TSL/01/80gsm/2000mm/1200-1450,2026-10,16.372,16.537,18.327,17.079,13.02
PCEL,TSL/01/80gsm/2200mm/1200-1450,2026-10,59.748,65.263,69.376,64.796,86.15
PCEL,TSL/01/80gsm/2450mm/1200-1450,2026-10,182.526,205.322,217.369,201.739,338.246
PCEL,TSL/01/80gsm/2650mm/1200-1450,2026-10,39.808,42.416,46.245,42.823,66.818
PCEL,TSL/01/80gsm/2800mm/1200-1450,2026-10,33.234,31.236,41.948,35.473,58.942
PCEL,TW2000/51/115gsm/2200mm/1200-1450,2026-10,18.794,17.904,19.098,18.599,20.9
PCEL,TW2000/51/115gsm/2450mm/1200-1450,2026-10,35.672,37.647,41.724,38.347,50.324
PCEL,TW2000/51/115gsm/2650mm/1200-1450,2026-10,11.251,10.199,9.602,10.351,14.632
PCEL,TW2000/51/115gsm/2800mm/1200-1450,2026-10,18.016,17.667,18.905,18.196,25.768
PCEL,TWTC2/51/120gsm/2000mm/1200-1350,2026-10,4.841,4.559,7.112,5.504,2.5
PCEL,TWTC2/51/120gsm/2200mm/1200-1350,2026-10,4.264,3.94,5.288,4.497,0.0
PCEL,TWTC2/51/120gsm/2450mm/1200-1350,2026-10,2.727,3.659,3.575,3.32,0.0
SALC,FBG/263/140gsm/2000mm/1200-1450,2026-10,0.251,0.084,0.076,0.137,0.0
SALC,FBG/263/140gsm/2300mm/1200-1450,2026-10,0.251,0.084,0.084,0.14,0.0
SALC,FBG/263/140gsm/2450mm/1200-1450,2026-10,0.251,0.084,0.076,0.137,0.0
SALC,HP2/01/115gsm/1990mm/1200-1400,2026-10,51.064,51.655,46.909,49.876,64.596
SALC,HP2/01/115gsm/1990mm/1200-1400/Subst.,2026-10,2.459,2.576,3.408,2.814,4.401
SALC,HP2/01/115gsm/2290mm/1200-1400,2026-10,144.568,156.663,134.122,145.118,153.29
SALC,HP2/01/115gsm/2290mm/1200-1400/Subst.,2026-10,0.717,0.671,0.78,0.723,0.0
SALC,HP2/01/115gsm/2440mm/1200-1400,2026-10,165.144,168.639,151.082,161.622,159.851
SALC,HP2/01/115gsm/2440mm/1200-1400/Subst.,2026-10,0.331,0.281,0.694,0.435,0.0
SALC,HP2/01/115gsm/2500mm/1200-1450,2026-10,0.251,0.081,0.116,0.149,0.0
SALC,HP2/01/125gsm/1990mm/1200-1450,2026-10,53.776,56.026,56.996,55.599,51.85
SALC,HP2/01/125gsm/1990mm/1200-1450/Subst.,2026-10,0.475,0.369,0.846,0.563,0.0
SALC,HP2/01/125gsm/2290mm/1200-1450,2026-10,149.987,147.949,150.735,149.557,126.301
SALC,HP2/01/125gsm/2440mm/1200-1450,2026-10,126.238,128.148,128.763,127.716,114.993
SALC,HP2/01/130gsm/1990mm/1200-1450,2026-10,0.351,0.135,0.338,0.275,0.0
SALC,HP2/01/155gsm/1990mm/1200-1450,2026-10,71.147,72.697,68.005,70.616,71.457
SALC,HP2/01/155gsm/1990mm/1200-1450/Subst.,2026-10,5.97,5.813,5.954,5.912,8.184
SALC,HP2/01/155gsm/2250mm/1200-1450,2026-10,1.865,1.818,1.318,1.667,0.0
SALC,HP2/01/155gsm/2290mm/1200-1450,2026-10,256.333,277.411,259.722,264.489,274.999
SALC,HP2/01/155gsm/2440mm/1200-1450,2026-10,296.801,324.496,310.159,310.485,320.445
SALC,HP2/01/155gsm/2440mm/1200-1450/Subst.,2026-10,5.513,5.559,5.429,5.5,8.186
SALC,HP2/01/155gsm/2500mm/1200-1450,2026-10,108.747,115.433,105.443,109.875,109.376
SALC,HP2/01/160gsm/1990mm/1200-1450,2026-10,0.351,0.135,0.338,0.275,0.0
SALC,HP2/01/160gsm/1990mm/1200-1450/Subst.,2026-10,0.251,0.079,0.079,0.136,0.0
SALC,HP2/01/160gsm/2290mm/1200-1450,2026-10,0.351,0.135,0.338,0.275,0.0
SALC,HP2/01/160gsm/2290mm/1200-1450/Subst.,2026-10,0.351,0.135,0.338,0.275,0.0
SALC,HP2/01/160gsm/2440mm/1200-1450,2026-10,0.351,0.135,0.338,0.275,0.0
SALC,HP2/01/160gsm/2440mm/1200-1450/Subst.,2026-10,0.251,0.089,0.134,0.158,0.0
SALC,K/01/110gsm/2000mm/1200-1450,2026-10,16.183,17.068,15.379,16.21,10.944
SALC,K/01/110gsm/2300mm/1200-1250,2026-10,38.813,40.445,38.293,39.184,38.591
SALC,K/01/110gsm/2300mm/1200-1450,2026-10,2.373,2.331,1.14,1.948,0.0
SALC,K/01/110gsm/2450mm/1200-1250,2026-10,26.458,26.973,25.343,26.258,24.528
SALC,K/01/125gsm/2000mm/1200-1450,2026-10,0.351,0.135,0.338,0.275,0.0
SALC,K/01/125gsm/2300mm/1200-1450,2026-10,0.351,0.135,0.338,0.275,0.0
SALC,K/01/125gsm/2450mm/1200-1450,2026-10,0.351,0.135,0.338,0.275,0.0
SALC,K/01/160gsm/2000mm/1200-1450,2026-10,6.871,7.367,7.573,7.27,2.044
SALC,K/01/160gsm/2300mm/1200-1450,2026-10,22.125,20.902,21.654,21.56,11.402
SALC,K/01/160gsm/2450mm/1200-1450,2026-10,12.91,14.254,13.342,13.502,8.264
SALC,K/01/200gsm/2000mm/1200-1450,2026-10,9.731,10.518,10.647,10.299,7.653
SALC,K/01/200gsm/2300mm/1200-1450,2026-10,63.527,65.033,53.193,60.584,68.876
SALC,K/01/200gsm/2450mm/1200-1450,2026-10,24.904,26.332,25.441,25.559,22.302
SALC,K/01/225gsm/2000mm/1200-1450,2026-10,11.436,11.521,10.809,11.255,9.723
SALC,K/01/225gsm/2300mm/1200-1450,2026-10,34.882,34.761,34.095,34.579,29.654
SALC,K/01/225gsm/2370mm/1200-1450,2026-10,11.038,11.285,8.559,10.294,4.42
SALC,K/01/225gsm/2450mm/1200-1450,2026-10,26.461,27.135,27.103,26.899,20.96
SALC,KCH/01/135gsm/2000mm/1200-1450,2026-10,0.351,0.135,0.338,0.275,0.0
SALC,KCH/01/135gsm/2300mm/1200-1450,2026-10,0.351,0.199,0.376,0.309,0.0
SALC,KCH/01/135gsm/2450mm/1200-1450,2026-10,0.351,0.135,0.338,0.275,0.0
SALC,KCH/01/190gsm/2000mm/1200-1450,2026-10,0.351,0.135,0.338,0.275,0.0
SALC,KCH/01/190gsm/2300mm/1200-1450,2026-10,0.351,0.135,0.338,0.275,0.0
SALC,KCH/01/190gsm/2450mm/1200-1450,2026-10,0.351,0.135,0.338,0.275,0.0
SALC,KCH/337/135gsm/2000mm/1200-1450,2026-10,25.796,28.314,29.861,27.99,35.741
SALC,KCH/337/135gsm/2300mm/1200-1450,2026-10,1.631,1.596,0.956,1.394,0.0
SALC,KCH/337/135gsm/2450mm/1200-1450,2026-10,4.664,5.193,6.13,5.329,0.0
SALC,KCH/337/190gsm/2000mm/1200-1450,2026-10,3.935,3.766,4.708,4.136,1.314
SALC,KCH/337/190gsm/2300mm/1200-1450,2026-10,5.553,5.796,5.548,5.632,1.97
SALC,KCH/337/190gsm/2450mm/1200-1450,2026-10,2.502,2.187,2.043,2.244,0.0
SALC,KCL/134/145gsm/2000mm/1200-1450,2026-10,8.244,9.537,9.917,9.232,6.413
SALC,KCL/134/145gsm/2300mm/1200-1450,2026-10,11.271,11.424,13.652,12.115,18.001
SALC,KCL/134/145gsm/2450mm/1200-1450,2026-10,8.644,9.464,10.242,9.45,6.598
SALC,KCL/84/135gsm/2000mm/1200-1450,2026-10,6.667,6.672,6.842,6.727,6.396
SALC,KCL/84/135gsm/2300mm/1200-1450,2026-10,7.073,4.878,4.935,5.629,0.362
SALC,KCL/84/135gsm/2350mm/1200-1450,2026-10,14.642,17.443,14.403,15.496,12.284
SALC,KCL/84/135gsm/2450mm/1200-1450,2026-10,27.607,28.54,28.81,28.319,32.449
SALC,KS/257/165gsm/2000mm/1200-1450,2026-10,0.302,0.168,0.262,0.244,0.0
SALC,KW2/01/115gsm/2000mm/1200-1450,2026-10,63.483,64.962,61.843,63.429,54.251
SALC,KW2/01/115gsm/2300mm/1200-1450,2026-10,87.468,94.335,98.175,93.326,80.065
SALC,KW2/01/115gsm/2450mm/1200-1250,2026-10,1.66,2.113,2.659,2.144,0.0
SALC,KW2/01/115gsm/2450mm/1200-1450,2026-10,206.195,212.541,198.862,205.866,206.063
SALC,KW2/01/125gsm/2450mm/1200-1450,2026-10,0.71,0.903,0.571,0.728,0.0
SALC,KW2/01/160gsm/2000mm/1200-1450,2026-10,16.998,17.05,15.174,16.407,10.316
SALC,KW2/01/160gsm/2300mm/1200-1450,2026-10,118.704,121.33,124.668,121.568,123.09
SALC,KW2/01/160gsm/2450mm/1200-1450,2026-10,127.43,133.439,124.706,128.525,153.916
SALC,KW2/01/160gsm/2500mm/1200-1450,2026-10,144.774,151.344,137.721,144.613,166.245
SALC,KWT/01/160gsm/2430mm/1200-1450,2026-10,0.362,0.386,0.564,0.438,0.0
SALC,KWTBA/283/155GSM/2000MM/1200-1450,2026-10,0.351,0.135,0.338,0.275,0.0
SALC,KWTBA/283/155GSM/2300MM/1200-1450,2026-10,0.251,0.084,0.084,0.14,0.0
SALC,RF1/01/100gsm/1990mm/1200-1450,2026-10,57.11,60.425,50.756,56.097,71.707
SALC,RF1/01/100gsm/2290mm/1200-1450,2026-10,165.576,169.618,180.242,171.812,136.925
SALC,RF1/01/100gsm/2350mm/1200-1450,2026-10,118.78,126.453,115.168,120.134,136.067
SALC,RF1/01/100gsm/2440mm/1200-1450,2026-10,294.251,323.241,323.442,313.645,338.642
SALC,RF1/01/100gsm/2490mm/1200-1450,2026-10,0.351,0.135,0.338,0.275,0.0
SALC,RF1/01/80gsm/1990mm/1200-1450,2026-10,10.65,11.398,9.601,10.55,13.379
SALC,RF1/01/80gsm/2290mm/1200-1450,2026-10,24.157,24.563,20.112,22.944,25.873
SALC,RF1/01/80gsm/2440mm/1200-1450,2026-10,44.326,44.52,45.021,44.622,30.455
SALC,TCH/263/140gsm/2000mm/1200-1450,2026-10,15.98,15.661,14.763,15.468,10.904
SALC,TCH/263/140gsm/2300mm/1200-1450,2026-10,7.147,8.409,10.432,8.663,5.43
SALC,TCH/263/140gsm/2450mm/1200-1450,2026-10,7.867,7.778,7.497,7.714,2.044
SALC,TCH/40/140gsm/2000mm/1200-1450,2026-10,0.966,1.112,0.83,0.969,0.0
SALC,TCH/40/140gsm/2200mm/1200-1450,2026-10,0.251,0.086,0.131,0.156,0.0
SALC,TCH/40/140gsm/2300mm/1200-1450,2026-10,13.869,14.557,12.643,13.69,6.451
SALC,TCH/40/140gsm/2450mm/1200-1450,2026-10,13.046,15.896,13.571,14.171,16.311
SALC,TCL/41/135gsm/2330mm/1200-1450,2026-10,0.251,0.085,0.241,0.192,0.0
SALC,THP/01/125gsm/2000mm/1200-1450,2026-10,0.251,0.089,0.134,0.158,0.0
SALC,THP/01/125gsm/2300mm/1200-1450,2026-10,0.251,0.089,0.134,0.158,0.0
SALC,THP/01/125gsm/2350mm/1200-1450,2026-10,0.251,0.089,0.134,0.158,0.0
SALC,THP/01/125gsm/2450mm/1200-1450,2026-10,0.251,0.089,0.134,0.158,0.0
SALC,TSL/01/100gsm/2000mm/1200-1400,2026-10,10.932,11.075,11.185,11.064,7.992
SALC,TSL/01/100gsm/2300mm/1200-1400,2026-10,45.195,45.798,43.961,44.985,33.02
SALC,TSL/01/100gsm/2300mm/1200-1400/Subst.,2026-10,10.263,11.531,11.556,11.117,7.466
SALC,TSL/01/100gsm/2450mm/1200-1400,2026-10,106.531,110.003,106.357,107.63,95.138
SALC,TSL/01/110gsm/2500mm/1200-1400,2026-10,3.352,4.68,7.488,5.173,2.928
SALC,TSL/01/110gsm/2500mm/1200-1450,2026-10,0.251,0.086,0.283,0.207,0.0
SALC,TSL/01/125gsm/2000mm/1200-1450,2026-10,37.516,39.5,36.714,37.91,38.476
SALC,TSL/01/125gsm/2000mm/1200-1450/Subst.,2026-10,2.138,1.651,2.338,2.042,1.1
SALC,TSL/01/125gsm/2300mm/1200-1450,2026-10,131.028,132.831,136.724,133.528,116.172
SALC,TSL/01/125gsm/2300mm/1200-1450/Subst.,2026-10,10.955,13.264,12.924,12.381,21.258
SALC,TSL/01/125gsm/2350mm/1200-1450,2026-10,142.301,145.088,140.5,142.63,143.338
SALC,TSL/01/125gsm/2350mm/1200-1450/Subst.,2026-10,4.078,4.696,5.222,4.666,5.295
SALC,TSL/01/125gsm/2450mm/1200-1450,2026-10,261.821,278.287,271.121,270.41,268.69
SALC,TSL/01/125gsm/2450mm/1200-1450/Subst.,2026-10,0.948,1.116,0.985,1.016,0.0
SALC,TSL/01/125gsm/2500mm/1200-1450,2026-10,0.251,0.085,0.241,0.192,0.0
SALC,TSL/01/150gsm/2000mm/1200-1400,2026-10,43.777,45.414,42.894,44.029,57.956
SALC,TSL/01/150gsm/2000mm/1200-1400/Subst.,2026-10,1.686,1.285,1.31,1.427,2.242
SALC,TSL/01/150gsm/2300mm/1200-1400,2026-10,131.459,134.736,129.747,131.981,125.137
SALC,TSL/01/150gsm/2300mm/1200-1400/Subst.,2026-10,1.493,1.647,1.632,1.591,1.904
SALC,TSL/01/150gsm/2350mm/1200-1450,2026-10,0.251,0.081,0.116,0.149,0.0
SALC,TSL/01/150gsm/2450mm/1200-1400,2026-10,190.204,198.154,187.455,191.938,186.865
SALC,TSL/01/150gsm/2450mm/1200-1400/Subst.,2026-10,8.423,9.644,11.824,9.964,16.634
SALC,TW2000/51/115gsm/2000mm/1200-1450,2026-10,18.196,21.074,17.603,18.958,23.258
SALC,TW2000/51/115gsm/2300mm/1200-1450,2026-10,2.304,2.188,2.785,2.426,0.0
SALC,TW2000/51/115gsm/2450mm/1200-1450,2026-10,1.998,1.937,2.055,1.996,1.831
SALC,TW2000/51/115gsm/2500mm/1200-1450,2026-10,0.488,0.457,0.552,0.499,0.0
SALC,TW2000/51/120gsm/2000mm/1200-1450,2026-10,0.952,1.177,0.801,0.977,0.0
SALC,TW2000/51/120gsm/2300mm/1200-1450,2026-10,1.288,1.238,1.127,1.218,0.0
SALC,TW2000/51/120gsm/2450mm/1200-1450,2026-10,0.885,0.971,0.578,0.811,0.0
SALC,TW2000/51/120gsm/2500mm/1200-1450,2026-10,0.787,0.606,0.499,0.631,0.0
SALC,TWTA1/01/170gsm/2300mm/1200-1400,2026-10,0.874,1.138,1.218,1.076,0.0
SALC,TWTA1/01/170gsm/2450mm/1200-1400,2026-10,0.598,0.497,1.095,0.73,0.0
SALC,TWTA1/01/170gsm/2500mm/1200-1450,2026-10,6.626,6.62,7.126,6.79,0.0
SALC,TWTC1/51/135gsm/2000mm/1200-1450,2026-10,0.351,0.135,0.338,0.275,0.0
SALC,TWTC1/51/135gsm/2300mm/1200-1450,2026-10,0.351,0.135,0.338,0.275,0.0
SALC,TWTC1/51/135gsm/2450mm/1200-1450,2026-10,0.351,0.135,0.338,0.275,0.0
SALI,HP1/01/190gsm/1790mm/1200-1450,2026-10,5.93,6.699,6.851,6.493,2.092
SALI,HP1/01/190gsm/1955mm/1200-1450,2026-10,0.331,0.141,0.3,0.257,0.0
SALI,HP1/01/190gsm/2040mm/1200-1450,2026-10,0.331,0.141,0.3,0.257,0.0
SALI,HP1/01/190gsm/2150mm/1200-1450,2026-10,0.331,0.141,0.3,0.257,0.0
SALI,HP1/01/190gsm/2250mm/1200-1450,2026-10,3.584,5.662,6.901,5.383,0.0
SALI,HP1/01/190gsm/2440mm/1200-1450,2026-10,0.331,0.141,0.3,0.257,0.0
SALI,HP2/01/105gsm/1955mm/1200-1400,2026-10,0.236,0.166,0.235,0.212,0.0
SALI,HP2/01/115gsm/1790mm/1200-1400,2026-10,67.354,67.66,63.979,66.331,60.366
SALI,HP2/01/115gsm/1850mm/1200-1400,2026-10,94.321,89.609,73.314,85.748,68.357
SALI,HP2/01/115gsm/1955mm/1200-1400,2026-10,55.708,59.499,57.302,57.503,44.039
SALI,HP2/01/115gsm/2040mm/1200-1400,2026-10,73.452,70.823,59.35,67.875,49.876
SALI,HP2/01/115gsm/2150mm/1200-1400,2026-10,61.409,61.983,57.696,60.363,46.018
SALI,HP2/01/115gsm/2250mm/1200-1400,2026-10,81.668,77.228,71.274,76.723,50.273
SALI,HP2/01/115gsm/2370mm/1200-1400,2026-10,37.501,38.996,34.367,36.955,29.387
SALI,HP2/01/115gsm/2440mm/1200-1400,2026-10,57.883,56.913,55.36,56.719,38.521
SALI,HP2/01/125gsm/1790mm/1200-1450,2026-10,0.331,0.141,0.3,0.257,0.0
SALI,HP2/01/125gsm/1850mm/1200-1450,2026-10,0.331,0.141,0.3,0.257,0.0
SALI,HP2/01/125gsm/1955mm/1200-1450,2026-10,0.331,0.141,0.3,0.257,0.0
SALI,HP2/01/125gsm/1955mm/1200-1450/Subst.,2026-10,0.331,0.141,0.3,0.257,0.0
SALI,HP2/01/125gsm/2040mm/1200-1450,2026-10,0.331,0.141,0.3,0.257,0.0
SALI,HP2/01/125gsm/2150mm/1200-1450,2026-10,0.331,0.141,0.3,0.257,0.0
SALI,HP2/01/125gsm/2250mm/1200-1450,2026-10,0.331,0.141,0.3,0.257,0.0
SALI,HP2/01/125gsm/2370mm/1200-1450,2026-10,0.331,0.141,0.3,0.257,0.0
SALI,HP2/01/125gsm/2440mm/1200-1450,2026-10,0.331,0.141,0.3,0.257,0.0
SALI,HP2/01/145gsm/1955mm/1200-1450,2026-10,128.95,126.147,132.205,129.1,95.791
SALI,HP2/01/155gsm/1790mm/1200-1450,2026-10,137.175,134.866,169.475,147.172,116.206
SALI,HP2/01/155gsm/1790mm/1200-1450/Subst.,2026-10,0.236,0.159,0.239,0.211,0.0
SALI,HP2/01/155gsm/1850mm/1200-1450,2026-10,213.235,193.691,191.623,199.516,157.01
SALI,HP2/01/155gsm/1850mm/1200-1450/Subst.,2026-10,0.305,0.269,0.315,0.297,0.0
SALI,HP2/01/155gsm/1955mm/1200-1450,2026-10,49.64,59.79,59.627,56.352,35.321
SALI,HP2/01/155gsm/1955mm/1200-1450/Subst.,2026-10,0.236,0.141,0.294,0.224,0.0
SALI,HP2/01/155gsm/2040mm/1200-1450,2026-10,186.566,177.715,186.951,183.744,140.834
SALI,HP2/01/155gsm/2040mm/1200-1450/Subst.,2026-10,0.298,0.244,0.404,0.315,0.0
SALI,HP2/01/155gsm/2150mm/1200-1450,2026-10,146.774,149.194,150.893,148.954,125.992
SALI,HP2/01/155gsm/2150mm/1200-1450/Subst.,2026-10,0.298,0.247,0.393,0.313,0.0
SALI,HP2/01/155gsm/2250mm/1200-1450,2026-10,188.586,165.632,179.602,177.94,133.582
SALI,HP2/01/155gsm/2250mm/1200-1450/Subst.,2026-10,0.236,0.082,0.093,0.137,0.0
SALI,HP2/01/155gsm/2370mm/1200-1450,2026-10,99.138,89.588,69.766,86.164,76.862
SALI,HP2/01/155gsm/2370mm/1200-1450/Subst.,2026-10,0.236,0.168,0.264,0.223,0.0
SALI,HP2/01/155gsm/2440mm/1200-1450,2026-10,125.042,131.101,127.551,127.898,93.202
SALI,HP2/01/155gsm/2440mm/1200-1450/Subst.,2026-10,0.236,0.166,0.262,0.221,0.0
SALI,HP2/01/160gsm/1790mm/1200-1450,2026-10,0.331,0.141,0.3,0.257,0.0
SALI,HP2/01/160gsm/1790mm/1200-1450/Subst.,2026-10,0.236,0.08,0.047,0.121,0.0
SALI,HP2/01/160gsm/1850mm/1200-1450,2026-10,0.331,0.141,0.3,0.257,0.0
SALI,HP2/01/160gsm/1850mm/1200-1450/Subst.,2026-10,0.331,0.141,0.3,0.257,0.0
SALI,HP2/01/160gsm/1955mm/1200-1450,2026-10,0.331,0.141,0.3,0.257,0.0
SALI,HP2/01/160gsm/1955mm/1200-1450/Subst.,2026-10,0.236,0.08,0.047,0.121,0.0
SALI,HP2/01/160gsm/1990mm/1200-1450/Subst.,2026-10,0.236,0.082,0.071,0.13,0.0
SALI,HP2/01/160gsm/2040mm/1200-1450,2026-10,0.331,0.141,0.3,0.257,0.0
SALI,HP2/01/160gsm/2040mm/1200-1450/Subst.,2026-10,0.331,0.141,0.3,0.257,0.0
SALI,HP2/01/160gsm/2150mm/1200-1450,2026-10,0.331,0.141,0.3,0.257,0.0
SALI,HP2/01/160gsm/2150mm/1200-1450/Subst.,2026-10,0.331,0.141,0.3,0.257,0.0
SALI,HP2/01/160gsm/2190mm/1200-1450/Subst.,2026-10,0.236,0.082,0.071,0.13,0.0
SALI,HP2/01/160gsm/2250mm/1200-1450,2026-10,0.331,0.141,0.3,0.257,0.0
SALI,HP2/01/160gsm/2370mm/1200-1450,2026-10,0.331,0.141,0.3,0.257,0.0
SALI,HP2/01/160gsm/2440mm/1200-1450,2026-10,0.331,0.141,0.3,0.257,0.0
SALI,HP2/01/160gsm/2440mm/1200-1450/Subst.,2026-10,0.331,0.141,0.3,0.257,0.0
SALI,K/01/110gsm/1800mm/1200-1450,2026-10,11.984,12.489,15.679,13.384,6.455
SALI,K/01/110gsm/1850mm/1200-1450,2026-10,25.221,27.55,35.084,29.285,19.465
SALI,K/01/110gsm/1955mm/1200-1450,2026-10,26.671,30.221,38.524,31.806,20.01
SALI,K/01/110gsm/2050mm/1200-1450,2026-10,1.429,1.34,1.549,1.44,0.0
SALI,K/01/110gsm/2150mm/1200-1450,2026-10,15.175,14.336,14.251,14.587,5.495
SALI,K/01/110gsm/2250mm/1200-1450,2026-10,11.845,13.119,15.216,13.393,5.695
SALI,K/01/110gsm/2370mm/1200-1450,2026-10,18.041,18.015,19.017,18.358,14.95
SALI,K/01/110gsm/2450mm/1200-1250,2026-10,0.236,0.087,0.102,0.142,0.0
SALI,K/01/110gsm/2450mm/1200-1450,2026-10,19.831,19.822,20.877,20.177,12.515
SALI,K/01/125gsm/1800mm/1200-1450,2026-10,32.713,34.551,39.678,35.647,29.56
SALI,K/01/125gsm/1850mm/1200-1450,2026-10,36.558,35.519,37.65,36.576,26.315
SALI,K/01/125gsm/1955mm/1200-1450,2026-10,28.691,28.575,27.691,28.319,19.26
SALI,K/01/125gsm/2050mm/1200-1450,2026-10,61.345,62.486,64.878,62.903,44.45
SALI,K/01/125gsm/2150mm/1200-1450,2026-10,32.589,30.923,34.045,32.519,19.885
SALI,K/01/125gsm/2250mm/1200-1450,2026-10,56.107,54.769,51.584,54.153,43.495
SALI,K/01/125gsm/2370mm/1200-1450,2026-10,42.595,39.125,31.988,37.902,27.04
SALI,K/01/125gsm/2450mm/1200-1450,2026-10,44.842,42.757,40.316,42.638,37.975
SALI,K/01/160gsm/1800mm/1200-1450,2026-10,54.374,54.351,59.655,56.127,37.293
SALI,K/01/160gsm/1850mm/1200-1450,2026-10,62.2,57.785,49.241,56.409,41.459
SALI,K/01/160gsm/1890mm/1200-1450,2026-10,0.257,0.165,0.219,0.214,0.0
SALI,K/01/160gsm/1955mm/1200-1450,2026-10,40.656,39.744,37.608,39.336,26.975
SALI,K/01/160gsm/2050mm/1200-1450,2026-10,72.099,70.475,69.297,70.624,50.368
SALI,K/01/160gsm/2150mm/1200-1450,2026-10,54.894,54.782,50.002,53.226,47.194
SALI,K/01/160gsm/2250mm/1200-1450,2026-10,40.499,34.747,38.002,37.749,18.19
SALI,K/01/160gsm/2370mm/1200-1450,2026-10,38.304,34.943,30.688,34.645,20.886
SALI,K/01/160gsm/2440mm/1200-1250,2026-10,0.257,0.165,0.237,0.219,0.0
SALI,K/01/160gsm/2450mm/1200-1450,2026-10,31.415,31.063,31.448,31.309,21.52
SALI,K/01/200gsm/2050mm/1200-1450,2026-10,0.236,0.082,0.095,0.138,0.0
SALI,K/01/200gsm/2150mm/1200-1450,2026-10,0.973,0.826,1.149,0.983,0.0
SALI,K/01/200gsm/2250mm/1200-1450,2026-10,1.883,1.714,1.357,1.651,0.0
SALI,K/01/225gsm/1800mm/1200-1450,2026-10,42.038,44.223,48.528,44.93,29.57
SALI,K/01/225gsm/1850mm/1200-1450,2026-10,26.347,20.909,28.034,25.097,6.74
SALI,K/01/225gsm/1955mm/1200-1450,2026-10,28.055,26.049,29.136,27.747,12.235
SALI,K/01/225gsm/2050mm/1200-1450,2026-10,36.858,25.688,29.858,30.802,7.79
SALI,K/01/225gsm/2150mm/1200-1450,2026-10,37.313,37.259,42.322,38.965,23.315
SALI,K/01/225gsm/2250mm/1200-1450,2026-10,36.451,31.051,34.861,34.121,13.945
SALI,K/01/225gsm/2370mm/1200-1450,2026-10,30.712,22.787,26.047,26.515,5.995
SALI,K/01/225gsm/2450mm/1200-1450,2026-10,6.348,8.893,14.907,10.049,0.0
SALI,K/01/275gsm/1800mm/1200-1450,2026-10,19.033,19.07,17.289,18.464,16.62
SALI,K/01/275gsm/1850mm/1200-1450,2026-10,33.281,34.058,32.283,33.207,31.335
SALI,K/01/275gsm/1955mm/1200-1450,2026-10,18.624,18.046,16.708,17.793,7.155
SALI,K/01/275gsm/2050mm/1200-1450,2026-10,22.661,21.134,19.316,21.037,14.69
SALI,K/01/275gsm/2150mm/1200-1450,2026-10,24.411,25.365,26.431,25.402,20.74
SALI,K/01/275gsm/2250mm/1200-1450,2026-10,19.712,19.632,17.564,18.969,14.31
SALI,K/01/275gsm/2370mm/1200-1450,2026-10,27.387,25.789,24.045,25.74,20.005
SALI,K/01/275gsm/2450mm/1200-1450,2026-10,20.314,18.545,16.824,18.561,6.17
SALI,K/322/160gsm/1800mm/1200-1450,2026-10,0.994,1.232,1.183,1.137,0.0
SALI,K/322/160gsm/1850mm/1200-1450,2026-10,1.445,1.291,1.642,1.459,0.0
SALI,K/322/160gsm/1955mm/1200-1450,2026-10,1.176,1.297,1.209,1.227,1.921
SALI,K/322/160gsm/2050mm/1200-1450,2026-10,0.877,1.132,1.242,1.084,0.0
SALI,K/322/160gsm/2150mm/1200-1450,2026-10,2.158,2.472,3.079,2.57,0.0
SALI,K/322/160gsm/2250mm/1200-1450,2026-10,7.173,7.397,6.756,7.109,9.156
SALI,K/322/160gsm/2370mm/1200-1450,2026-10,0.236,0.087,0.096,0.14,0.0
SALI,K/322/160gsm/2450mm/1200-1450,2026-10,4.659,5.538,5.527,5.241,3.366
SALI,K/322/200gsm/1850mm/1200-1450,2026-10,0.557,0.487,0.545,0.53,0.0
SALI,K/322/200gsm/1955mm/1200-1450,2026-10,0.531,0.439,0.567,0.512,0.0
SALI,K/322/225gsm/1800mm/1200-1450,2026-10,0.316,0.358,0.479,0.385,0.0
SALI,K/322/225gsm/1850mm/1200-1450,2026-10,0.784,0.946,1.235,0.989,0.0
SALI,K/322/225gsm/1955mm/1200-1450,2026-10,0.446,0.462,0.577,0.495,0.0
SALI,K/322/225gsm/2050mm/1200-1450,2026-10,9.546,8.055,7.124,8.242,16.309
SALI,K/322/225gsm/2150mm/1200-1450,2026-10,3.315,3.42,4.874,3.869,0.0
SALI,K/322/225gsm/2250mm/1200-1450,2026-10,1.243,1.42,1.978,1.547,0.0
SALI,K/322/225gsm/2370mm/1200-1450,2026-10,5.309,5.249,4.739,5.099,3.162
SALI,K/322/225gsm/2450mm/1200-1450,2026-10,0.957,0.888,1.067,0.971,0.0
SALI,KCH/259/130gsm/2450mm/1200-1450,2026-10,0.535,0.495,0.975,0.668,0.0
SALI,KCH/264/135gsm/2250mm/1200-1450,2026-10,0.531,0.424,0.655,0.537,0.0
SALI,KCH/264/145gsm/1800mm/1200-1450,2026-10,3.995,3.271,4.764,4.01,2.15
SALI,KCH/264/145gsm/1850mm/1200-1450,2026-10,2.681,2.472,2.606,2.587,0.0
SALI,KCH/264/145gsm/1955mm/1200-1450,2026-10,1.627,1.55,1.592,1.59,0.0
SALI,KCH/264/145gsm/2150mm/1200-1450,2026-10,3.075,2.966,1.921,2.654,0.0
SALI,KCH/264/145gsm/2250mm/1200-1450,2026-10,3.315,3.464,4.698,3.826,0.0
SALI,KCH/264/145gsm/2370mm/1200-1450,2026-10,1.403,1.275,1.642,1.44,0.0
SALI,KCH/264/145gsm/2450mm/1200-1450,2026-10,0.993,1.012,0.939,0.981,0.0
SALI,KCL/134/145gsm/1800mm/1200-1450,2026-10,22.012,22.666,18.273,20.983,25.565
SALI,KCL/134/145gsm/1850mm/1200-1450,2026-10,16.264,16.674,16.095,16.345,20.14
SALI,KCL/134/145gsm/1955mm/1200-1450,2026-10,17.939,17.819,17.92,17.893,12.872
SALI,KCL/134/145gsm/2050mm/1200-1450,2026-10,23.408,21.514,22.02,22.314,17.808
SALI,KCL/134/145gsm/2150mm/1200-1450,2026-10,16.533,16.974,15.538,16.348,18.998
SALI,KCL/134/145gsm/2250mm/1200-1450,2026-10,15.732,15.261,15.014,15.335,9.87
SALI,KCL/134/145gsm/2370mm/1200-1450,2026-10,12.834,12.683,10.508,12.008,5.1
SALI,KCL/134/145gsm/2450mm/1200-1450,2026-10,16.416,16.168,17.138,16.574,5.376
SALI,KS/257/115gsm/1955mm/1200-1450,2026-10,0.236,0.08,0.054,0.123,0.0
SALI,KS/257/125gsm/2050mm/1200-1450,2026-10,18.037,17.774,14.885,16.899,7.378
SALI,KS/257/125gsm/2370mm/1200-1450,2026-10,0.331,0.141,0.3,0.257,0.0
SALI,KS/257/215gsm/1800mm/1200-1450,2026-10,38.991,39.95,44.026,40.989,58.174
SALI,KS/257/215gsm/1850mm/1200-1450,2026-10,36.537,38.03,32.513,35.693,42.362
SALI,KS/257/215gsm/1955mm/1200-1450,2026-10,31.299,33.684,27.134,30.706,35.23
SALI,KS/257/215gsm/2050mm/1200-1450,2026-10,102.979,103.265,102.335,102.86,100.82
SALI,KS/257/215gsm/2150mm/1200-1450,2026-10,35.247,34.306,36.377,35.31,28.368
SALI,KS/257/215gsm/2250mm/1200-1450,2026-10,48.462,50.281,47.292,48.679,48.222
SALI,KS/257/215gsm/2370mm/1200-1450,2026-10,26.096,23.94,26.072,25.369,11.338
SALI,KS/257/215gsm/2450mm/1200-1450,2026-10,56.371,57.576,57.092,57.013,60.834
SALI,KS/257/245gsm/2050mm/1200-1450,2026-10,2.313,2.204,1.652,2.056,0.0
SALI,KS/257/245gsm/2250mm/1200-1450,2026-10,2.708,2.969,1.294,2.323,0.0
SALI,KW2/01/115gsm/1800mm/1200-1450,2026-10,21.123,21.247,19.884,20.751,18.311
SALI,KW2/01/115gsm/1850mm/1200-1450,2026-10,36.416,35.748,41.517,37.894,28.915
SALI,KW2/01/115gsm/1955mm/1200-1450,2026-10,17.734,17.996,18.646,18.125,10.929
SALI,KW2/01/115gsm/2050mm/1200-1450,2026-10,18.137,17.861,15.659,17.219,13.776
SALI,KW2/01/115gsm/2150mm/1200-1450,2026-10,15.19,14.764,14.601,14.852,11.144
SALI,KW2/01/115gsm/2250mm/1200-1450,2026-10,21.992,19.933,22.015,21.314,8.044
SALI,KW2/01/115gsm/2370mm/1200-1450,2026-10,6.572,6.288,7.153,6.671,3.252
SALI,KW2/01/115gsm/2450mm/1200-1450,2026-10,9.892,9.869,10.024,9.928,6.76
SALI,KW2/01/125gsm/1800mm/1200-1450,2026-10,0.331,0.141,0.3,0.257,0.0
SALI,KW2/01/125gsm/1850mm/1200-1450,2026-10,0.331,0.208,0.344,0.294,0.0
SALI,KW2/01/125gsm/1955mm/1200-1450,2026-10,0.331,0.141,0.3,0.257,0.0
SALI,KW2/01/125gsm/2050mm/1200-1450,2026-10,0.331,0.141,0.3,0.257,0.0
SALI,KW2/01/125gsm/2150mm/1200-1450,2026-10,0.331,0.141,0.3,0.257,0.0
SALI,KW2/01/125gsm/2250mm/1200-1450,2026-10,0.331,0.141,0.3,0.257,0.0
SALI,KW2/01/125gsm/2370mm/1200-1450,2026-10,0.331,0.141,0.3,0.257,0.0
SALI,KW2/01/125gsm/2450mm/1200-1450,2026-10,0.331,0.263,0.435,0.343,0.0
SALI,KW2/01/135gsm/1955mm/1200-1450,2026-10,0.236,0.096,0.186,0.173,0.0
SALI,KW2/01/135gsm/2250mm/1200-1450,2026-10,0.236,0.093,0.206,0.179,0.0
SALI,KW2/01/160gsm/1800mm/1200-1450,2026-10,18.776,18.662,19.473,18.97,11.424
SALI,KW2/01/160gsm/1850mm/1200-1450,2026-10,13.315,12.357,11.521,12.398,8.166
SALI,KW2/01/160gsm/1955mm/1200-1450,2026-10,5.684,5.762,6.442,5.963,2.597
SALI,KW2/01/160gsm/2050mm/1200-1450,2026-10,16.374,15.672,15.192,15.746,16.147
SALI,KW2/01/160gsm/2150mm/1200-1450,2026-10,13.999,13.697,11.926,13.207,8.434
SALI,KW2/01/160gsm/2250mm/1200-1450,2026-10,7.409,7.23,7.548,7.396,2.892
SALI,KW2/01/160gsm/2370mm/1200-1450,2026-10,15.764,15.965,14.655,15.461,6.34
SALI,KW2/01/160gsm/2450mm/1200-1250,2026-10,0.395,0.401,0.612,0.469,0.0
SALI,KW2/01/160gsm/2450mm/1200-1450,2026-10,11.391,11.029,10.888,11.103,3.173
SALI,KWT/01/160gsm/2450mm/1200-1450,2026-10,0.383,0.31,0.531,0.408,0.0
SALI,RF1/01/100gsm/1790mm/1200-1450,2026-10,2.677,2.55,5.305,3.511,0.0
SALI,RF1/01/100gsm/1850mm/1200-1450,2026-10,2.514,2.396,3.024,2.644,0.0
SALI,RF1/01/100gsm/1955mm/1200-1450,2026-10,0.536,0.48,0.449,0.488,0.0
SALI,RF1/01/100gsm/2150mm/1200-1450,2026-10,0.545,0.617,0.563,0.575,0.0
SALI,RF1/01/100gsm/2250mm/1200-1450,2026-10,13.046,12.565,12.031,12.547,19.208
SALI,RF1/01/100gsm/2370mm/1200-1450,2026-10,0.553,0.609,0.569,0.577,0.0
SALI,RF1/01/100gsm/2440mm/1200-1450,2026-10,36.067,37.169,33.742,35.66,41.414
SALI,RF1/01/80gsm/1790mm/1200-1450,2026-10,2.16,1.901,3.244,2.435,0.0
SALI,RF1/01/80gsm/2370mm/1200-1450,2026-10,0.643,0.612,0.67,0.642,0.0
SALI,SF1/01/150gsm/2250mm/1200-1450,2026-10,0.236,0.085,0.15,0.157,0.0
SALI,SF1/01/160gsm/1790mm/1200-1450,2026-10,68.739,69.661,76.425,71.608,63.795
SALI,SF1/01/160gsm/1850mm/1200-1450,2026-10,108.673,106.088,91.536,102.099,89.715
SALI,SF1/01/160gsm/1955mm/1200-1450,2026-10,73.84,72.546,70.772,72.386,56.178
SALI,SF1/01/160gsm/2040mm/1200-1450,2026-10,177.991,153.583,179.117,170.23,132.964
SALI,SF1/01/160gsm/2150mm/1200-1450,2026-10,82.38,83.876,72.66,79.639,63.664
SALI,SF1/01/160gsm/2250mm/1200-1450,2026-10,126.626,117.885,101.999,115.503,91.428
SALI,SF1/01/160gsm/2370mm/1200-1450,2026-10,85.295,76.571,63.795,75.22,44.141
SALI,SF1/01/160gsm/2440mm/1200-1450,2026-10,90.291,88.848,80.284,86.474,65.169
SALI,SF2/01/160gsm/1790mm/1200-1400,2026-10,10.779,15.14,10.632,12.184,19.08
SALI,SF2/01/160gsm/1850mm/1200-1450,2026-10,0.331,0.141,0.3,0.257,0.0
SALI,SF2/01/160gsm/1955mm/1200-1450,2026-10,3.83,3.642,5.435,4.302,4.662
SALI,SF2/01/160gsm/2040mm/1200-1450,2026-10,3.576,3.774,6.293,4.548,4.886
SALI,SF2/01/160gsm/2150mm/1200-1450,2026-10,0.331,0.141,0.3,0.257,0.0
SALI,SF2/01/160gsm/2250mm/1200-1450,2026-10,0.425,0.438,0.498,0.454,0.0
SALI,SF2/01/160gsm/2370mm/1200-1450,2026-10,0.236,0.096,0.186,0.173,0.0
SALI,SF2/01/160gsm/2440mm/1200-1450,2026-10,0.236,0.087,0.099,0.141,0.0
SALI,SF2/01/175gsm/1790mm/1200-1450,2026-10,0.331,0.141,0.3,0.257,0.0
SALI,SF2/01/175gsm/1795mm/1200-1450,2026-10,0.331,0.141,0.3,0.257,0.0
SALI,SF2/01/175gsm/1955mm/1200-1450,2026-10,0.331,0.141,0.3,0.257,0.0
SALI,SF2/01/175gsm/2040mm/1200-1450,2026-10,0.331,0.141,0.3,0.257,0.0
SALI,TCH/43/150gsm/1800mm/1200-1450,2026-10,0.236,0.096,0.186,0.173,0.0
SALI,TCH/43/150gsm/1850mm/1200-1450,2026-10,0.236,0.082,0.095,0.138,0.0
SALI,TCH/43/150gsm/2450mm/1200-1450,2026-10,0.236,0.08,0.056,0.124,0.0
SALI,TCH/49/150gsm/2370mm/1200-1450,2026-10,0.236,0.08,0.047,0.121,0.0
SALI,TSL/01/100gsm/1955mm/1200-1400,2026-10,0.236,0.087,0.2,0.174,0.0
SALI,TSL/01/100gsm/2150mm/1200-1400,2026-10,0.844,1.028,0.832,0.901,0.0
SALI,TSL/01/100gsm/2370mm/1200-1400,2026-10,49.838,51.119,45.957,48.972,53.758
SALI,TSL/01/125gsm/1800mm/1200-1450,2026-10,0.71,1.132,0.824,0.889,0.0
SALI,TSL/01/125gsm/1800mm/1200-1450/Subst.,2026-10,0.236,0.137,0.265,0.213,0.0
SALI,TSL/01/125gsm/1850mm/1200-1450,2026-10,0.804,1.319,0.968,1.03,0.0
SALI,TSL/01/125gsm/1850mm/1200-1450/Subst.,2026-10,0.236,0.134,0.169,0.18,0.0
SALI,TSL/01/125gsm/1955mm/1200-1450,2026-10,5.355,6.899,7.43,6.561,2.116
SALI,TSL/01/125gsm/1955mm/1200-1450/Subst.,2026-10,0.236,0.134,0.17,0.18,0.0
SALI,TSL/01/125gsm/2050mm/1200-1450,2026-10,0.815,0.965,0.629,0.803,0.0
SALI,TSL/01/125gsm/2050mm/1200-1450/Subst.,2026-10,0.257,0.159,0.221,0.212,0.0
SALI,TSL/01/125gsm/2150mm/1200-1450,2026-10,0.695,1.23,0.949,0.958,0.0
SALI,TSL/01/125gsm/2150mm/1200-1450/Subst.,2026-10,0.236,0.136,0.191,0.188,0.0
SALI,TSL/01/125gsm/2200mm/1200-1450/Subst.,2026-10,0.236,0.082,0.071,0.13,0.0
SALI,TSL/01/125gsm/2250mm/1200-1450,2026-10,8.284,10.453,15.036,11.257,5.062
SALI,TSL/01/125gsm/2350mm/1200-1450/Subst.,2026-10,0.236,0.082,0.071,0.13,0.0
SALI,TSL/01/125gsm/2370mm/1200-1450,2026-10,0.616,0.77,0.333,0.573,0.0
SALI,TSL/01/125gsm/2370mm/1200-1450/Subst.,2026-10,0.236,0.144,0.268,0.216,0.0
SALI,TSL/01/125gsm/2450mm/1200-1450,2026-10,0.616,0.833,0.456,0.635,0.0
SALI,TSL/01/125gsm/2450mm/1200-1450/Subst.,2026-10,0.383,0.324,0.429,0.379,0.0
SALM,HP1/01/170gsm/2150mm/1200-1450,2026-10,0.571,0.562,0.784,0.639,0.0
SALM,HP1/01/190gsm/1790mm/1200-1450,2026-10,0.283,0.133,0.289,0.235,0.0
SALM,HP1/01/190gsm/2150mm/1200-1450,2026-10,0.283,0.133,0.289,0.235,0.0
SALM,HP1/01/190gsm/2370mm/1200-1450,2026-10,0.283,0.133,0.289,0.235,0.0
SALM,HP2/01/105gsm/1780mm/1200-1450,2026-10,0.46,0.459,0.693,0.538,0.0
SALM,HP2/01/105gsm/1790mm/1200-1400,2026-10,7.717,8.334,11.638,9.23,8.955
SALM,HP2/01/105gsm/1955mm/1200-1400,2026-10,0.283,0.128,0.278,0.23,0.0
SALM,HP2/01/105gsm/2040mm/1200-1450,2026-10,0.507,0.407,0.635,0.516,0.0
SALM,HP2/01/105gsm/2150mm/1200-1450,2026-10,0.283,0.123,0.246,0.217,0.0
SALM,HP2/01/105gsm/2290mm/1200-1400,2026-10,0.337,0.338,0.384,0.353,0.0
SALM,HP2/01/115gsm/1790mm/1200-1400,2026-10,72.745,74.453,62.413,69.87,81.49
SALM,HP2/01/115gsm/1790mm/1200-1400/Subst.,2026-10,1.328,1.55,1.168,1.349,1.23
SALM,HP2/01/115gsm/1850mm/1200-1400,2026-10,84.558,95.105,75.49,85.051,108.05
SALM,HP2/01/115gsm/1850mm/1200-1400/Subst.,2026-10,0.396,0.197,0.364,0.319,0.0
SALM,HP2/01/115gsm/1955mm/1200-1400,2026-10,111.622,128.887,119.914,120.141,145.895
SALM,HP2/01/115gsm/1955mm/1200-1400/Subst.,2026-10,0.347,0.231,0.188,0.255,0.0
SALM,HP2/01/115gsm/2040mm/1200-1400,2026-10,75.125,77.679,62.607,71.804,86.162
SALM,HP2/01/115gsm/2040mm/1200-1400/Subst.,2026-10,1.373,1.287,1.061,1.24,1.612
SALM,HP2/01/115gsm/2150mm/1200-1400,2026-10,72.417,78.275,63.713,71.469,100.105
SALM,HP2/01/115gsm/2150mm/1200-1400/Subst.,2026-10,1.689,1.549,1.485,1.574,1.806
SALM,HP2/01/115gsm/2250mm/1200-1400,2026-10,71.858,76.913,71.119,73.296,66.854
SALM,HP2/01/115gsm/2250mm/1200-1400/Subst.,2026-10,0.337,0.233,0.234,0.268,0.0
SALM,HP2/01/115gsm/2370mm/1200-1400,2026-10,22.94,20.895,23.356,22.397,25.186
SALM,HP2/01/115gsm/2440mm/1200-1400,2026-10,54.11,55.727,53.158,54.332,65.242
SALM,HP2/01/115gsm/2440mm/1200-1400/Subst.,2026-10,0.337,0.362,0.427,0.375,0.0
SALM,HP2/01/125gsm/1500mm/1200-1450/Subst.,2026-10,0.677,0.611,0.816,0.701,0.0
SALM,HP2/01/125gsm/1790mm/1200-1450,2026-10,10.735,13.396,11.093,11.741,12.226
SALM,HP2/01/125gsm/1790mm/1200-1450/Subst.,2026-10,0.54,0.543,0.677,0.587,0.0
SALM,HP2/01/125gsm/1955mm/1200-1450,2026-10,0.283,0.123,0.04,0.149,0.0
SALM,HP2/01/125gsm/1955mm/1200-1450/Subst.,2026-10,0.283,0.133,0.289,0.235,0.0
SALM,HP2/01/125gsm/2440mm/1200-1450/Subst.,2026-10,0.396,0.317,0.398,0.371,0.0
SALM,HP2/01/145gsm/1955mm/1200-1450,2026-10,44.114,50.076,60.301,51.497,50.366
SALM,HP2/01/155gsm/1790mm/1200-1450,2026-10,127.483,145.371,158.572,143.808,151.147
SALM,HP2/01/155gsm/1790mm/1200-1450/Subst.,2026-10,0.542,0.598,0.447,0.529,0.0
SALM,HP2/01/155gsm/1850mm/1200-1450,2026-10,194.554,212.869,225.08,210.834,184.738
SALM,HP2/01/155gsm/1850mm/1200-1450/Subst.,2026-10,4.919,5.375,5.819,5.371,7.092
SALM,HP2/01/155gsm/1955mm/1200-1450,2026-10,251.784,269.026,255.798,258.869,293.97
SALM,HP2/01/155gsm/1955mm/1200-1450/Subst.,2026-10,0.571,0.609,0.518,0.566,0.0
SALM,HP2/01/155gsm/2040mm/1200-1450,2026-10,148.063,159.976,163.109,157.049,141.925
SALM,HP2/01/155gsm/2040mm/1200-1450/Subst.,2026-10,3.279,3.534,4.873,3.895,4.653
SALM,HP2/01/155gsm/2150mm/1200-1450,2026-10,207.27,221.53,246.756,225.185,197.778
SALM,HP2/01/155gsm/2150mm/1200-1450/Subst.,2026-10,1.299,1.657,1.384,1.447,1.641
SALM,HP2/01/155gsm/2250mm/1200-1450,2026-10,85.144,97.954,98.568,93.889,78.231
SALM,HP2/01/155gsm/2250mm/1200-1450/Subst.,2026-10,0.337,0.328,0.296,0.321,0.0
SALM,HP2/01/155gsm/2370mm/1200-1450,2026-10,96.695,96.615,86.952,93.421,61.929
SALM,HP2/01/155gsm/2370mm/1200-1450/Subst.,2026-10,0.345,0.259,0.195,0.266,0.0
SALM,HP2/01/155gsm/2440mm/1200-1450,2026-10,111.785,116.832,117.061,115.226,85.067
SALM,HP2/01/155gsm/2440mm/1200-1450/Subst.,2026-10,3.497,5.255,4.198,4.317,1.807
SALM,HP2/01/160gsm/1790mm/1200-1450,2026-10,0.396,0.197,0.364,0.319,0.0
SALM,HP2/01/160gsm/1790mm/1200-1450/Subst.,2026-10,0.283,0.123,0.246,0.217,0.0
SALM,HP2/01/160gsm/1850mm/1200-1450,2026-10,0.396,0.197,0.364,0.319,0.0
SALM,HP2/01/160gsm/1850mm/1200-1450/Subst.,2026-10,0.283,0.133,0.289,0.235,0.0
SALM,HP2/01/160gsm/1955mm/1200-1450,2026-10,0.396,0.197,0.364,0.319,0.0
SALM,HP2/01/160gsm/1955mm/1200-1450/Subst.,2026-10,0.283,0.123,0.246,0.217,0.0
SALM,HP2/01/160gsm/2040mm/1200-1450,2026-10,0.396,0.197,0.364,0.319,0.0
SALM,HP2/01/160gsm/2040mm/1200-1450/Subst.,2026-10,0.283,0.133,0.289,0.235,0.0
SALM,HP2/01/160gsm/2150mm/1200-1450,2026-10,0.396,0.197,0.364,0.319,0.0
SALM,HP2/01/160gsm/2250mm/1200-1450,2026-10,0.396,0.197,0.364,0.319,0.0
SALM,HP2/01/160gsm/2250mm/1200-1450/Subst.,2026-10,0.283,0.127,0.039,0.15,0.0
SALM,HP2/01/160gsm/2370mm/1200-1450,2026-10,0.396,0.197,0.364,0.319,0.0
SALM,HP2/01/160gsm/2370mm/1200-1450/Subst.,2026-10,0.283,0.127,0.04,0.15,0.0
SALM,HP2/01/160gsm/2440mm/1200-1450,2026-10,0.396,0.197,0.364,0.319,0.0
SALM,HP2/01/160gsm/2440mm/1200-1450/Subst.,2026-10,0.396,0.197,0.364,0.319,0.0
SALM,K/01/110gsm/1800mm/1200-1450,2026-10,18.091,20.217,17.29,18.533,13.775
SALM,K/01/110gsm/1850mm/1200-1450,2026-10,34.756,38.789,40.205,37.917,35.475
SALM,K/01/110gsm/1955mm/1200-1450,2026-10,44.026,46.878,45.496,45.466,53.165
SALM,K/01/110gsm/2050mm/1200-1450,2026-10,24.295,25.514,23.184,24.331,18.785
SALM,K/01/110gsm/2150mm/1200-1450,2026-10,32.346,36.149,33.475,33.99,31.8
SALM,K/01/110gsm/2250mm/1200-1450,2026-10,16.297,20.941,20.413,19.217,12.14
SALM,K/01/110gsm/2370mm/1200-1450,2026-10,17.779,19.336,18.502,18.539,14.69
SALM,K/01/110gsm/2450mm/1200-1450,2026-10,17.779,20.706,19.097,19.194,12.37
SALM,K/01/125gsm/1800mm/1200-1450,2026-10,6.954,8.148,9.817,8.306,5.88
SALM,K/01/125gsm/1850mm/1200-1450,2026-10,8.228,9.689,13.727,10.548,5.625
SALM,K/01/125gsm/1955mm/1200-1450,2026-10,10.153,10.307,16.145,12.201,6.005
SALM,K/01/125gsm/2050mm/1200-1450,2026-10,16.862,17.41,19.638,17.97,15.9
SALM,K/01/125gsm/2150mm/1200-1450,2026-10,4.254,5.606,11.63,7.163,4.4
SALM,K/01/125gsm/2250mm/1200-1450,2026-10,9.272,9.054,10.362,9.563,9.855
SALM,K/01/125gsm/2370mm/1200-1450,2026-10,8.238,8.581,10.784,9.201,9.935
SALM,K/01/125gsm/2450mm/1200-1450,2026-10,8.493,8.54,10.48,9.171,10.395
SALM,K/01/160gsm/1800mm/1200-1450,2026-10,45.711,49.581,56.932,50.741,49.829
SALM,K/01/160gsm/1850mm/1200-1450,2026-10,48.427,55.45,71.889,58.589,48.673
SALM,K/01/160gsm/1955mm/1200-1450,2026-10,72.207,75.403,70.855,72.822,75.813
SALM,K/01/160gsm/2050mm/1200-1450,2026-10,61.951,63.637,59.52,61.703,59.764
SALM,K/01/160gsm/2150mm/1200-1450,2026-10,41.784,45.97,51.934,46.563,43.271
SALM,K/01/160gsm/2250mm/1200-1450,2026-10,24.378,27.757,23.991,25.375,17.654
SALM,K/01/160gsm/2350mm/1200-1450,2026-10,0.283,0.132,0.042,0.152,0.0
SALM,K/01/160gsm/2370mm/1200-1450,2026-10,31.899,30.449,27.374,29.907,11.783
SALM,K/01/160gsm/2450mm/1200-1450,2026-10,26.377,28.203,25.637,26.739,20.216
SALM,K/01/200gsm/1800mm/1200-1450,2026-10,2.436,2.703,3.351,2.83,3.205
SALM,K/01/200gsm/1850mm/1200-1450,2026-10,13.527,16.144,22.072,17.248,12.48
SALM,K/01/200gsm/1955mm/1200-1450,2026-10,16.354,18.831,23.75,19.645,16.6
SALM,K/01/200gsm/2050mm/1200-1450,2026-10,0.396,0.197,0.364,0.319,0.0
SALM,K/01/200gsm/2150mm/1200-1450,2026-10,0.396,0.197,0.364,0.319,0.0
SALM,K/01/200gsm/2250mm/1200-1450,2026-10,3.45,3.879,5.512,4.281,0.0
SALM,K/01/200gsm/2370mm/1200-1450,2026-10,2.988,3.537,4.486,3.67,0.0
SALM,K/01/200gsm/2450mm/1200-1450,2026-10,1.952,2.169,2.267,2.129,0.0
SALM,K/01/225gsm/1800mm/1200-1450,2026-10,23.579,26.525,27.521,25.875,19.448
SALM,K/01/225gsm/1850mm/1200-1450,2026-10,57.63,64.876,79.118,67.208,45.645
SALM,K/01/225gsm/1955mm/1200-1450,2026-10,69.564,74.168,83.424,75.719,56.24
SALM,K/01/225gsm/2050mm/1200-1450,2026-10,61.512,62.133,71.626,65.09,38.155
SALM,K/01/225gsm/2150mm/1200-1450,2026-10,55.294,64.053,65.548,61.632,35.415
SALM,K/01/225gsm/2250mm/1200-1450,2026-10,54.459,59.093,65.403,59.652,40.462
SALM,K/01/225gsm/2370mm/1200-1450,2026-10,23.232,25.856,24.819,24.636,9.67
SALM,K/01/225gsm/2450mm/1200-1450,2026-10,44.09,52.891,61.862,52.948,37.785
SALM,K/01/275gsm/1800mm/1200-1450,2026-10,10.278,10.345,11.792,10.805,10.585
SALM,K/01/275gsm/1850mm/1200-1450,2026-10,9.221,10.709,13.553,11.161,6.915
SALM,K/01/275gsm/1955mm/1200-1450,2026-10,78.08,86.065,69.198,77.781,91.655
SALM,K/01/275gsm/2050mm/1200-1450,2026-10,34.539,36.798,38.738,36.692,33.32
SALM,K/01/275gsm/2150mm/1200-1450,2026-10,11.865,14.936,15.388,14.063,5.205
SALM,K/01/275gsm/2250mm/1200-1450,2026-10,4.564,4.632,5.861,5.019,1.34
SALM,K/01/275gsm/2370mm/1200-1450,2026-10,7.521,9.186,11.688,9.465,15.205
SALM,K/01/275gsm/2450mm/1200-1450,2026-10,15.067,18.083,18.307,17.152,15.47
SALM,K/322/160gsm/1800mm/1200-1450,2026-10,8.472,8.782,9.422,8.892,10.25
SALM,K/322/160gsm/1850mm/1200-1450,2026-10,10.175,10.44,12.593,11.07,10.577
SALM,K/322/160gsm/1955mm/1200-1450,2026-10,11.389,12.381,15.016,12.929,14.645
SALM,K/322/160gsm/2050mm/1200-1450,2026-10,0.95,1.157,0.819,0.975,0.0
SALM,K/322/160gsm/2150mm/1200-1450,2026-10,0.949,1.399,1.003,1.117,0.0
SALM,K/322/160gsm/2250mm/1200-1450,2026-10,1.428,1.72,2.005,1.718,0.0
SALM,K/322/160gsm/2450mm/1200-1450,2026-10,0.53,0.547,0.443,0.507,0.0
SALM,K/322/200gsm/1850mm/1200-1450,2026-10,0.674,0.69,0.559,0.641,0.0
SALM,K/322/200gsm/1955mm/1200-1450,2026-10,0.527,0.6,0.524,0.55,0.0
SALM,K/322/225gsm/1800mm/1200-1450,2026-10,0.879,1.387,0.83,1.032,0.0
SALM,K/322/225gsm/1850mm/1200-1450,2026-10,17.731,19.768,18.256,18.585,22.097
SALM,K/322/225gsm/1955mm/1200-1450,2026-10,4.042,5.909,6.653,5.535,0.0
SALM,K/322/225gsm/2050mm/1200-1450,2026-10,3.069,3.614,4.301,3.661,0.0
SALM,K/322/225gsm/2150mm/1200-1450,2026-10,2.144,2.168,3.539,2.617,0.0
SALM,K/322/225gsm/2250mm/1200-1450,2026-10,9.888,11.106,15.857,12.284,5.963
SALM,K/322/225gsm/2370mm/1200-1450,2026-10,1.566,2.252,2.239,2.019,0.0
SALM,K/322/225gsm/2450mm/1200-1450,2026-10,6.938,7.905,8.292,7.712,4.852
SALM,KCH/01/135gsm/1955mm/1200-1450,2026-10,0.396,0.197,0.364,0.319,0.0
SALM,KCH/01/155gsm/1850mm/1200-1450,2026-10,0.396,0.197,0.364,0.319,0.0
SALM,KCH/264/145gsm/1800mm/1200-1450,2026-10,2.43,2.574,3.702,2.902,0.0
SALM,KCH/264/145gsm/1850mm/1200-1450,2026-10,0.688,0.641,0.569,0.632,0.0
SALM,KCH/264/145gsm/1955mm/1200-1450,2026-10,2.956,3.249,4.769,3.658,1.738
SALM,KCH/264/145gsm/2050mm/1200-1450,2026-10,0.578,0.533,0.5,0.537,0.0
SALM,KCH/264/145gsm/2150mm/1200-1450,2026-10,1.0,1.166,1.214,1.127,0.0
SALM,KCH/264/145gsm/2250mm/1200-1450,2026-10,5.857,5.301,7.219,6.126,3.912
SALM,KCH/264/145gsm/2370mm/1200-1450,2026-10,1.402,1.532,1.414,1.449,0.0
SALM,KCH/264/145gsm/2450mm/1200-1450,2026-10,8.788,10.232,14.155,11.058,11.236
SALM,KCH/351/135gsm/1955mm/1200-1450,2026-10,1.933,1.944,3.621,2.499,0.4
SALM,KCH/351/145gsm/1955mm/1200-1450,2026-10,6.456,6.778,8.533,7.256,2.616
SALM,KCL/134/145gsm/1800mm/1200-1450,2026-10,17.465,20.799,23.02,20.428,20.436
SALM,KCL/134/145gsm/1850mm/1200-1450,2026-10,21.925,21.631,20.987,21.515,11.33
SALM,KCL/134/145gsm/1955mm/1200-1450,2026-10,37.3,37.712,38.501,37.838,44.647
SALM,KCL/134/145gsm/2000mm/1200-1450,2026-10,0.283,0.127,0.039,0.15,0.0
SALM,KCL/134/145gsm/2050mm/1200-1450,2026-10,16.697,17.473,18.205,17.458,14.364
SALM,KCL/134/145gsm/2100mm/1200-1450,2026-10,0.396,0.197,0.364,0.319,0.0
SALM,KCL/134/145gsm/2150mm/1200-1450,2026-10,21.723,22.485,22.576,22.261,19.105
SALM,KCL/134/145gsm/2200mm/1200-1450,2026-10,0.283,0.127,0.039,0.15,0.0
SALM,KCL/134/145gsm/2250mm/1200-1450,2026-10,7.61,7.937,9.004,8.184,3.211
SALM,KCL/134/145gsm/2300mm/1200-1450,2026-10,0.283,0.127,0.039,0.15,0.0
SALM,KCL/134/145gsm/2370mm/1200-1450,2026-10,13.735,13.825,13.49,13.683,9.593
SALM,KCL/134/145gsm/2450mm/1200-1450,2026-10,12.101,13.284,14.133,13.173,6.506
SALM,KCL/134/145gsm/2500mm/1200-1450,2026-10,0.283,0.123,0.048,0.151,0.0
SALM,KS/257/215gsm/1800mm/1200-1450,2026-10,32.532,35.131,30.733,32.799,52.284
SALM,KS/257/215gsm/1850mm/1200-1450,2026-10,44.73,45.136,39.352,43.072,46.746
SALM,KS/257/215gsm/1955mm/1200-1450,2026-10,70.337,79.093,70.49,73.306,107.9
SALM,KS/257/215gsm/2050mm/1200-1450,2026-10,56.297,69.384,55.17,60.283,93.01
SALM,KS/257/215gsm/2150mm/1200-1450,2026-10,64.178,77.688,70.837,70.901,109.392
SALM,KS/257/215gsm/2250mm/1200-1450,2026-10,22.25,24.667,21.87,22.929,19.442
SALM,KS/257/215gsm/2370mm/1200-1450,2026-10,27.428,29.794,29.19,28.804,36.952
SALM,KS/257/215gsm/2450mm/1200-1450,2026-10,33.981,35.03,31.508,33.506,29.724
SALM,KW2/01/115gsm/1800mm/1200-1450,2026-10,12.83,15.885,19.286,16.001,12.58
SALM,KW2/01/115gsm/1850mm/1200-1450,2026-10,22.877,25.812,25.8,24.83,18.527
SALM,KW2/01/115gsm/1955mm/1200-1450,2026-10,21.528,23.772,20.13,21.81,26.54
SALM,KW2/01/115gsm/2050mm/1200-1450,2026-10,20.621,22.445,19.566,20.877,21.628
SALM,KW2/01/115gsm/2150mm/1200-1450,2026-10,16.203,18.884,20.674,18.587,19.943
SALM,KW2/01/115gsm/2250mm/1200-1450,2026-10,11.182,11.502,12.583,11.756,5.5
SALM,KW2/01/115gsm/2370mm/1200-1450,2026-10,2.6,3.166,4.369,3.378,1.35
SALM,KW2/01/115gsm/2450mm/1200-1450,2026-10,6.823,7.211,8.848,7.627,3.195
SALM,KW2/01/125gsm/1800mm/1200-1450,2026-10,0.396,0.197,0.364,0.319,0.0
SALM,KW2/01/125gsm/1850mm/1200-1450,2026-10,0.396,0.197,0.364,0.319,0.0
SALM,KW2/01/125gsm/1955mm/1200-1450,2026-10,0.396,0.197,0.364,0.319,0.0
SALM,KW2/01/125gsm/2050mm/1200-1450,2026-10,0.396,0.197,0.364,0.319,0.0
SALM,KW2/01/125gsm/2150mm/1200-1450,2026-10,0.396,0.197,0.364,0.319,0.0
SALM,KW2/01/125gsm/2250mm/1200-1450,2026-10,0.396,0.197,0.364,0.319,0.0
SALM,KW2/01/125gsm/2370mm/1200-1450,2026-10,0.396,0.197,0.364,0.319,0.0
SALM,KW2/01/125gsm/2450mm/1200-1450,2026-10,0.396,0.197,0.364,0.319,0.0
SALM,KW2/01/135gsm/1800mm/1200-1450,2026-10,0.396,0.197,0.364,0.319,0.0
SALM,KW2/01/135gsm/1850mm/1200-1450,2026-10,0.396,0.197,0.364,0.319,0.0
SALM,KW2/01/135gsm/1955mm/1200-1450,2026-10,0.396,0.197,0.364,0.319,0.0
SALM,KW2/01/135gsm/2150mm/1200-1450,2026-10,0.283,0.132,0.042,0.152,0.0
SALM,KW2/01/135gsm/2250mm/1200-1450,2026-10,0.396,0.197,0.364,0.319,0.0
SALM,KW2/01/160gsm/1800mm/1200-1450,2026-10,5.999,6.061,8.236,6.765,4.74
SALM,KW2/01/160gsm/1850mm/1200-1450,2026-10,8.255,8.435,9.823,8.838,3.839
SALM,KW2/01/160gsm/1955mm/1200-1450,2026-10,18.304,20.486,18.447,19.079,15.313
SALM,KW2/01/160gsm/2000mm/1200-1450,2026-10,0.283,0.127,0.039,0.15,0.0
SALM,KW2/01/160gsm/2050mm/1200-1450,2026-10,9.876,10.763,12.378,11.006,11.067
SALM,KW2/01/160gsm/2150mm/1200-1450,2026-10,13.592,16.574,16.23,15.465,10.938
SALM,KW2/01/160gsm/2250mm/1200-1450,2026-10,9.229,11.559,12.749,11.179,5.253
SALM,KW2/01/160gsm/2370mm/1200-1450,2026-10,26.647,27.387,19.975,24.67,14.447
SALM,KW2/01/160gsm/2450mm/1200-1450,2026-10,11.218,12.729,12.85,12.266,5.558
SALM,RF1/01/100gsm/1450mm/1200-1450,2026-10,0.396,0.197,0.364,0.319,0.0
SALM,RF1/01/100gsm/1790mm/1200-1450,2026-10,0.283,0.123,0.263,0.223,0.0
SALM,RF1/01/100gsm/1850mm/1200-1450,2026-10,0.283,0.129,0.084,0.166,0.0
SALM,RF1/01/100gsm/1955mm/1200-1450,2026-10,0.283,0.128,0.278,0.23,0.0
SALM,RF1/01/100gsm/2440mm/1200-1450,2026-10,0.283,0.123,0.263,0.223,0.0
SALM,RF1/01/105gsm/2040mm/1200-1450,2026-10,0.283,0.137,0.283,0.234,0.0
SALM,RF1/01/105gsm/2370mm/1200-1400,2026-10,0.283,0.128,0.278,0.23,0.0
SALM,RF1/01/75gsm/2250mm/1200-1450,2026-10,0.396,0.197,0.364,0.319,0.0
SALM,RF1/01/80gsm/1450mm/1200-1450,2026-10,0.688,0.829,0.967,0.828,0.0
SALM,RF1/01/85gsm/1450mm/1200-1450,2026-10,0.396,0.197,0.364,0.319,0.0
SALM,SF1/01/140gsm/1790mm/1200-1450,2026-10,0.421,0.426,0.419,0.422,0.0
SALM,SF1/01/140gsm/1850mm/1200-1450,2026-10,0.396,0.197,0.364,0.319,0.0
SALM,SF1/01/140gsm/1955mm/1200-1450,2026-10,0.396,0.197,0.364,0.319,0.0
SALM,SF1/01/140gsm/2040mm/1200-1450,2026-10,0.396,0.197,0.364,0.319,0.0
SALM,SF1/01/140gsm/2150mm/1200-1450,2026-10,0.396,0.197,0.364,0.319,0.0
SALM,SF1/01/140gsm/2250mm/1200-1450,2026-10,0.396,0.197,0.364,0.319,0.0
SALM,SF1/01/140gsm/2370mm/1200-1450,2026-10,0.396,0.197,0.364,0.319,0.0
SALM,SF1/01/140gsm/2440mm/1200-1450,2026-10,0.396,0.197,0.364,0.319,0.0
SALM,SF1/01/150gsm/2150mm/1200-1450,2026-10,0.283,0.127,0.039,0.15,0.0
SALM,SF1/01/160gsm/1790mm/1200-1450,2026-10,57.598,64.24,58.246,60.028,80.639
SALM,SF1/01/160gsm/1850mm/1200-1450,2026-10,122.154,128.665,134.883,128.567,99.672
SALM,SF1/01/160gsm/1955mm/1200-1450,2026-10,193.341,215.265,205.848,204.818,227.553
SALM,SF1/01/160gsm/2040mm/1200-1450,2026-10,145.661,161.215,167.611,158.162,150.012
SALM,SF1/01/160gsm/2150mm/1200-1450,2026-10,138.045,163.545,172.379,157.99,136.016
SALM,SF1/01/160gsm/2250mm/1200-1450,2026-10,74.486,85.978,85.632,82.032,66.989
SALM,SF1/01/160gsm/2370mm/1200-1450,2026-10,97.356,93.589,82.977,91.307,62.817
SALM,SF1/01/160gsm/2440mm/1200-1450,2026-10,85.743,94.241,87.334,89.106,75.754
SALM,SF2/01/150gsm/1790mm/1200-1450,2026-10,0.283,0.128,0.278,0.23,0.0
SALM,SF2/01/150gsm/1955mm/1200-1450,2026-10,0.283,0.137,0.283,0.234,0.0
SALM,SF2/01/150gsm/2040mm/1200-1450,2026-10,0.283,0.133,0.289,0.235,0.0
SALM,SF2/01/150gsm/2150mm/1200-1450,2026-10,0.283,0.133,0.289,0.235,0.0
SALM,SF2/01/150gsm/2250mm/1200-1450,2026-10,0.283,0.133,0.289,0.235,0.0
SALM,SF2/01/150gsm/2370mm/1200-1450,2026-10,0.283,0.137,0.283,0.234,0.0
SALM,SF2/01/150gsm/2440mm/1200-1450,2026-10,0.283,0.137,0.283,0.234,0.0
SALM,SF2/01/160gsm/1790mm/1200-1400,2026-10,0.283,0.137,0.283,0.234,0.0
SALM,SF2/01/160gsm/1850mm/1200-1450,2026-10,0.396,0.197,0.364,0.319,0.0
SALM,SF2/01/160gsm/1955mm/1200-1450,2026-10,0.396,0.197,0.364,0.319,0.0
SALM,SF2/01/160gsm/2040mm/1200-1450,2026-10,0.396,0.197,0.364,0.319,0.0
SALM,SF2/01/160gsm/2150mm/1200-1450,2026-10,0.396,0.197,0.364,0.319,0.0
SALM,SF2/01/160gsm/2250mm/1200-1450,2026-10,0.396,0.197,0.364,0.319,0.0
SALM,SF2/01/160gsm/2370mm/1200-1450,2026-10,0.283,0.137,0.283,0.234,0.0
SALM,SF2/01/160gsm/2440mm/1200-1450,2026-10,0.396,0.317,0.391,0.368,0.0
SALM,SF2/01/175gsm/1850mm/1200-1450,2026-10,0.396,0.197,0.364,0.319,0.0
SALM,SF2/01/175gsm/1955mm/1200-1450,2026-10,0.396,0.197,0.364,0.319,0.0
SALM,SF2/01/175gsm/2250mm/1200-1450,2026-10,0.396,0.197,0.364,0.319,0.0
SALM,SF2/01/175gsm/2440mm/1200-1450,2026-10,0.283,0.137,0.283,0.234,0.0
SALM,TCH/49/140gsm/2250mm/1200-1450,2026-10,0.396,0.197,0.364,0.319,0.0
SALM,TCH/49/150gsm/1800mm/1200-1450,2026-10,7.632,8.966,10.133,8.91,7.48
SALM,TCH/49/150gsm/1850mm/1200-1450,2026-10,6.798,6.915,9.498,7.737,3.186
SALM,TCH/49/150gsm/2050mm/1200-1450,2026-10,0.396,0.197,0.364,0.319,0.0
SALM,TCH/49/150gsm/2150mm/1200-1450,2026-10,0.396,0.197,0.364,0.319,0.0
SALM,TCH/49/150gsm/2250mm/1200-1450,2026-10,0.396,0.197,0.364,0.319,0.0
SALM,TCH/49/150gsm/2370mm/1200-1450,2026-10,0.54,0.497,0.604,0.547,0.0
SALM,TCH/49/150gsm/2450mm/1200-1450,2026-10,0.396,0.197,0.364,0.319,0.0
SALM,TCL/41/115gsm/2250mm/1200-1450,2026-10,24.348,25.642,25.361,25.117,22.96
SALM,TCL/41/135gsm/2250mm/1200-1450,2026-10,0.283,0.127,0.039,0.15,0.0
SALM,TCL/41/165gsm/1955mm/1200-1450,2026-10,0.283,0.127,0.039,0.15,0.0
SALM,TCL/41/165gsm/2450mm/1200-1450,2026-10,0.283,0.138,0.089,0.17,0.0
SALM,TSL/01/100gsm/1800mm/1200-1400,2026-10,13.726,13.732,13.986,13.815,6.301
SALM,TSL/01/100gsm/1955mm/1200-1400,2026-10,6.256,5.719,8.191,6.722,3.442
SALM,TSL/01/100gsm/2050mm/1200-1400,2026-10,8.539,8.963,9.687,9.063,4.662
SALM,TSL/01/100gsm/2100mm/1200-1400,2026-10,0.283,0.137,0.283,0.234,0.0
SALM,TSL/01/100gsm/2150mm/1200-1400,2026-10,0.498,0.441,0.479,0.473,0.0
SALM,TSL/01/100gsm/2250mm/1200-1400,2026-10,8.306,8.068,14.439,10.271,16.981
SALM,TSL/01/100gsm/2370mm/1200-1400,2026-10,5.29,5.961,7.238,6.163,3.9
SALM,TSL/01/100gsm/2380mm/1200-1450,2026-10,0.396,0.197,0.364,0.319,0.0
SALM,TSL/01/100gsm/2450mm/1200-1400,2026-10,4.135,3.991,6.415,4.847,1.0
SALM,TSL/01/100gsm/2450mm/1200-1400/Subst.,2026-10,0.396,0.197,0.364,0.319,0.0
SALM,TSL/01/110gsm/2450mm/1200-1400/Subst.,2026-10,0.283,0.127,0.04,0.15,0.0
SALM,TSL/01/125gsm/1800mm/1200-1450,2026-10,0.79,0.892,0.451,0.711,0.0
SALM,TSL/01/125gsm/1800mm/1200-1450/Subst.,2026-10,0.571,0.588,0.491,0.55,0.0
SALM,TSL/01/125gsm/1850mm/1200-1450,2026-10,0.578,0.366,0.515,0.486,0.0
SALM,TSL/01/125gsm/1850mm/1200-1450/Subst.,2026-10,0.575,0.616,0.791,0.661,0.0
SALM,TSL/01/125gsm/1955mm/1200-1450,2026-10,0.578,0.369,0.506,0.485,0.0
SALM,TSL/01/125gsm/1955mm/1200-1450/Subst.,2026-10,0.421,0.442,0.452,0.438,0.0
SALM,TSL/01/125gsm/2050mm/1200-1450,2026-10,0.646,0.437,0.46,0.514,0.0
SALM,TSL/01/125gsm/2050mm/1200-1450/Subst.,2026-10,0.283,0.204,0.289,0.259,0.0
SALM,TSL/01/125gsm/2150mm/1200-1450,2026-10,0.578,0.48,0.506,0.522,0.0
SALM,TSL/01/125gsm/2150mm/1200-1450/Subst.,2026-10,0.283,0.259,0.419,0.32,0.0
SALM,TSL/01/125gsm/2250mm/1200-1450,2026-10,0.772,1.055,0.724,0.851,0.0
SALM,TSL/01/125gsm/2250mm/1200-1450/Subst.,2026-10,0.337,0.27,0.312,0.307,0.0
SALM,TSL/01/125gsm/2370mm/1200-1450,2026-10,2.17,2.452,1.909,2.177,0.0
SALM,TSL/01/125gsm/2370mm/1200-1450/Subst.,2026-10,0.283,0.133,0.289,0.235,0.0
SALM,TSL/01/125gsm/2450mm/1200-1450,2026-10,0.769,0.895,0.445,0.703,0.0
SALM,TSL/01/125gsm/2450mm/1200-1450/Subst.,2026-10,0.421,0.426,0.408,0.418,0.0
SALM,TSL/01/150gsm/1800mm/1200-1400,2026-10,15.371,15.072,13.709,14.717,15.352
SALM,TSL/01/150gsm/1850mm/1200-1400,2026-10,0.283,0.127,0.04,0.15,0.0
SALM,TSL/01/150gsm/1955mm/1200-1400,2026-10,7.966,7.925,8.196,8.029,8.453
SALM,TSL/01/150gsm/2000mm/1200-1400,2026-10,0.283,0.134,0.076,0.165,0.0
SALM,TSL/01/150gsm/2150mm/1200-1400,2026-10,0.381,0.356,0.416,0.384,0.0
SALM,TSL/01/150gsm/2250mm/1200-1400,2026-10,0.347,0.375,0.432,0.384,0.0
SALM,TSL/01/150gsm/2450mm/1200-1400,2026-10,9.054,10.542,11.097,10.231,4.395
SALM,TSL/01/150gsm/2450mm/1200-1400/Subst.,2026-10,0.347,0.324,0.208,0.293,0.0
SALM,TSL/01/80gsm/1955mm/1200-1450,2026-10,6.082,5.895,8.36,6.779,2.834
SALM,TSL/01/80gsm/2050mm/1200-1450,2026-10,0.433,0.404,0.474,0.437,0.0
SALM,TSL/01/80gsm/2250mm/1200-1450,2026-10,6.29,7.913,8.793,7.665,0.0
SALM,TSL/01/80gsm/2330mm/1200-1450,2026-10,0.283,0.123,0.263,0.223,0.0
SALM,TSL/01/85gsm/2180mm/1200-1450,2026-10,0.283,0.127,0.04,0.15,0.0
SALM,TSL/01/85gsm/2370mm/1200-1450,2026-10,0.337,0.345,0.346,0.343,0.0
SALM,TWTC2/51/115gsm/2450mm/1200-1450,2026-10,0.396,0.197,0.364,0.319,0.0
SALM,TWTC2/51/120GSM/2070MM/1200-1350,2026-10,0.283,0.123,0.048,0.151,0.0
SALM,TWTC2/51/120gsm/1450mm/1200-1350,2026-10,0.458,0.465,0.511,0.478,0.0
SALM,TWTC2/51/120gsm/1800mm/1200-1350,2026-10,0.283,0.133,0.289,0.235,0.0
SALM,TWTC2/51/120gsm/1955mm/1200-1350,2026-10,0.396,0.197,0.364,0.319,0.0
SALM,TWTC2/51/120gsm/2050mm/1200-1350,2026-10,0.396,0.197,0.364,0.319,0.0
SALM,TWTC2/51/120gsm/2370mm/1200-1450,2026-10,0.396,0.197,0.364,0.319,0.0
SALM,TWTC2/51/120gsm/2450mm/1200-1350,2026-10,0.396,0.197,0.364,0.319,0.0
SAOI,HP2/01/125gsm/1500mm/1200-1450,2026-10,178.144,187.353,173.535,179.677,191.67
SAOI,K/01/110gsm/1500mm/1200-1250,2026-10,0.239,0.128,0.064,0.144,0.0
SAOI,K/01/135gsm/1200mm/1200-1250,2026-10,12.011,12.591,13.511,12.704,10.465
SAOI,K/01/135gsm/1250mm/1200-1250,2026-10,3.73,4.096,6.338,4.721,2.595
SAOI,K/01/135gsm/1500mm/1200-1250,2026-10,0.356,0.308,0.437,0.367,0.0
SAOI,K/01/170gsm/1500mm/1200-1450,2026-10,0.239,0.138,0.34,0.239,0.0
SAOI,K/01/186gsm/1100mm/1200-1250,2026-10,16.476,18.303,17.688,17.489,14.565
SAOI,K/01/186gsm/1200mm/1200-1250,2026-10,26.799,27.908,26.664,27.124,26.055
SAOI,K/01/186gsm/1250mm/1200-1250,2026-10,5.082,4.944,6.882,5.636,2.48
SAOI,K/01/225gsm/1200mm/1200-1250,2026-10,0.239,0.138,0.34,0.239,0.0
SAOI,K/01/225gsm/1200mm/1200-1450,2026-10,18.887,20.136,18.272,19.098,15.94
SAOI,K/01/275gsm/1200mm/1200-1250,2026-10,0.295,0.201,0.423,0.306,0.0
SAOI,K/01/400gsm/1200mm/1200-1250,2026-10,6.605,6.446,8.428,7.16,3.325
SAOI,KBA/57/215GSM/1200MM/1200-1450,2026-10,7.328,7.254,7.198,7.26,5.693
SBUR,FBG/263/140gsm/2450mm/1200-1450,2026-10,0.345,0.124,0.245,0.238,0.0
SBUR,HP2/01/105gsm/2090mm/1200-1400,2026-10,19.152,20.661,21.07,20.294,13.184
SBUR,HP2/01/105gsm/2440mm/1200-1400,2026-10,61.246,62.168,55.597,59.67,66.664
SBUR,HP2/01/105gsm/2640mm/1200-1450,2026-10,45.751,48.295,46.493,46.847,48.952
SBUR,HP2/01/105gsm/2790mm/1200-1450,2026-10,87.547,92.199,84.906,88.217,98.7
SBUR,HP2/01/115gsm/2090mm/1200-1400,2026-10,52.092,52.357,52.63,52.36,44.759
SBUR,HP2/01/115gsm/2440mm/1200-1400,2026-10,98.174,100.841,92.453,97.156,94.64
SBUR,HP2/01/115gsm/2640mm/1200-1450,2026-10,161.139,162.983,173.924,166.015,140.593
SBUR,HP2/01/115gsm/2790mm/1200-1450,2026-10,209.495,212.132,208.056,209.894,243.436
SBUR,HP2/01/125gsm/2090mm/1200-1450,2026-10,50.242,52.741,48.54,50.507,54.287
SBUR,HP2/01/125gsm/2440mm/1200-1450,2026-10,141.869,149.72,133.937,141.842,168.57
SBUR,HP2/01/125gsm/2640mm/1200-1450,2026-10,60.782,58.774,51.04,56.866,30.244
SBUR,HP2/01/125gsm/2790mm/1200-1450,2026-10,114.956,111.09,118.995,115.014,97.394
SBUR,HP2/01/127gsm/2640mm/1200-1450,2026-10,184.282,186.922,177.707,182.97,218.0
SBUR,HP2/01/127gsm/2790mm/1200-1450,2026-10,185.972,190.651,182.119,186.247,210.099
SBUR,HP2/01/155gsm/2090mm/1200-1450,2026-10,108.127,110.465,110.51,109.701,116.423
SBUR,HP2/01/155gsm/2440mm/1200-1450,2026-10,169.989,174.736,163.823,169.516,152.615
SBUR,HP2/01/155gsm/2500mm/1200-1450,2026-10,3.033,2.845,3.975,3.284,5.176
SBUR,HP2/01/155gsm/2640mm/1200-1450,2026-10,277.327,271.612,318.083,289.008,302.385
SBUR,HP2/01/155gsm/2790mm/1200-1450,2026-10,307.937,333.868,362.898,334.901,382.695
SBUR,HP2/01/160gsm/2090mm/1200-1450,2026-10,0.345,0.124,0.245,0.238,0.0
SBUR,HP2/01/160gsm/2440mm/1200-1450,2026-10,0.345,0.124,0.245,0.238,0.0
SBUR,HP2/01/160gsm/2640mm/1200-1450,2026-10,0.345,0.124,0.245,0.238,0.0
SBUR,HP2/01/160gsm/2790mm/1200-1450,2026-10,0.345,0.124,0.245,0.238,0.0
SBUR,K/01/125gsm/2100mm/1200-1450,2026-10,3.306,2.795,3.386,3.162,2.061
SBUR,K/01/125gsm/2450mm/1200-1450,2026-10,19.207,20.54,17.798,19.181,23.759
SBUR,K/01/125gsm/2650mm/1200-1450,2026-10,37.963,39.94,37.174,38.359,43.055
SBUR,K/01/125gsm/2800mm/1200-1450,2026-10,38.504,38.068,36.822,37.798,35.542
SBUR,K/01/135gsm/2100mm/1200-1450,2026-10,0.345,0.124,0.245,0.238,0.0
SBUR,K/01/135gsm/2450mm/1200-1450,2026-10,0.345,0.124,0.245,0.238,0.0
SBUR,K/01/135gsm/2650mm/1200-1450,2026-10,0.345,0.124,0.245,0.238,0.0
SBUR,K/01/135gsm/2800mm/1200-1450,2026-10,0.345,0.124,0.245,0.238,0.0
SBUR,K/01/160gsm/2100mm/1200-1450,2026-10,0.875,0.85,0.818,0.848,0.0
SBUR,K/01/160gsm/2450mm/1200-1450,2026-10,33.494,34.026,32.554,33.358,40.021
SBUR,K/01/160gsm/2650mm/1200-1450,2026-10,34.313,34.868,32.715,33.965,32.888
SBUR,K/01/160gsm/2800mm/1200-1450,2026-10,44.363,46.571,45.885,45.607,52.756
SBUR,K/01/225gsm/2100mm/1200-1450,2026-10,11.704,11.829,12.11,11.881,11.285
SBUR,K/01/225gsm/2450mm/1200-1450,2026-10,36.099,38.424,34.884,36.469,39.907
SBUR,K/01/225gsm/2650mm/1200-1450,2026-10,24.216,24.303,27.228,25.249,13.066
SBUR,K/01/225gsm/2800mm/1200-1450,2026-10,44.801,46.321,42.238,44.453,61.776
SBUR,K/01/400gsm/2450mm/1200-1450,2026-10,2.404,2.352,3.172,2.642,0.95
SBUR,KCH/01/135gsm/2100mm/1200-1450,2026-10,0.345,0.124,0.245,0.238,0.0
SBUR,KCH/01/135gsm/2450mm/1200-1450,2026-10,0.345,0.124,0.245,0.238,0.0
SBUR,KCH/01/135gsm/2650mm/1200-1450,2026-10,0.345,0.124,0.245,0.238,0.0
SBUR,KCH/01/135gsm/2800mm/1200-1450,2026-10,0.345,0.124,0.245,0.238,0.0
SBUR,KCH/259/130gsm/2100mm/1200-1450,2026-10,7.851,7.42,7.757,7.676,3.955
SBUR,KCH/259/130gsm/2450mm/1200-1450,2026-10,2.845,2.204,1.117,2.055,0.0
SBUR,KCH/259/130gsm/2650mm/1200-1450,2026-10,3.334,3.075,1.544,2.651,0.0
SBUR,KCH/259/130gsm/2800mm/1200-1450,2026-10,4.244,4.054,4.169,4.156,0.0
SBUR,KCH/259/145gsm/2650mm/1200-1450,2026-10,11.237,11.082,10.285,10.868,5.33
SBUR,KCH/259/145gsm/2800mm/1200-1450,2026-10,13.396,14.108,13.427,13.643,20.444
SBUR,KCH/264/135gsm/2100mm/1200-1450,2026-10,0.246,0.073,0.05,0.123,0.0
SBUR,KCH/264/135gsm/2650mm/1200-1450,2026-10,0.246,0.073,0.051,0.124,0.0
SBUR,KCH/264/135gsm/2800mm/1200-1450,2026-10,0.246,0.073,0.046,0.122,0.0
SBUR,KCH/337/135gsm/2100mm/1200-1250,2026-10,0.969,0.874,0.929,0.924,0.0
SBUR,KCH/337/135gsm/2100mm/1200-1450,2026-10,1.467,1.3,1.328,1.365,0.0
SBUR,KCH/337/135gsm/2450mm/1200-1250,2026-10,0.425,0.313,0.58,0.439,0.0
SBUR,KCH/337/135gsm/2450mm/1200-1450,2026-10,3.693,3.51,3.998,3.734,0.0
SBUR,KCH/337/135gsm/2650mm/1200-1250,2026-10,0.985,0.879,0.57,0.811,0.0
SBUR,KCH/337/135gsm/2650mm/1200-1450,2026-10,6.018,5.79,6.582,6.13,2.1
SBUR,KCH/337/135gsm/2800mm/1200-1250,2026-10,0.729,0.835,0.498,0.687,0.0
SBUR,KCH/337/135gsm/2800mm/1200-1450,2026-10,1.001,1.097,0.703,0.934,0.0
SBUR,KCL/134/145gsm/2100mm/1200-1450,2026-10,9.507,9.034,8.953,9.165,9.494
SBUR,KCL/134/145gsm/2450mm/1200-1450,2026-10,10.876,10.941,9.714,10.511,13.05
SBUR,KCL/134/145gsm/2650mm/1200-1450,2026-10,9.216,8.862,9.769,9.282,8.614
SBUR,KCL/84/135gsm/2450mm/1200-1450,2026-10,1.216,0.738,1.026,0.993,0.0
SBUR,KS/257/165gsm/2100mm/1200-1450,2026-10,47.343,47.904,47.884,47.71,36.972
SBUR,KS/257/165gsm/2450mm/1200-1450,2026-10,26.157,26.409,23.75,25.439,29.401
SBUR,KS/257/165gsm/2650mm/1200-1450,2026-10,43.077,45.804,41.109,43.33,55.076
SBUR,KS/257/165gsm/2800mm/1200-1450,2026-10,78.561,81.167,74.605,78.111,82.17
SBUR,KS/257/215gsm/2100mm/1200-1450,2026-10,29.431,29.558,27.293,28.761,37.187
SBUR,KS/257/215gsm/2450mm/1200-1450,2026-10,58.587,59.752,56.759,58.366,64.014
SBUR,KS/257/215gsm/2650mm/1200-1450,2026-10,70.517,69.525,67.972,69.338,64.793
SBUR,KS/257/215gsm/2800mm/1200-1450,2026-10,62.524,60.885,61.822,61.744,46.835
SBUR,KW2/01/115gsm/2100mm/1200-1450,2026-10,19.701,20.415,18.223,19.446,30.553
SBUR,KW2/01/115gsm/2450mm/1200-1450,2026-10,61.246,63.062,55.71,60.006,72.579
SBUR,KW2/01/115gsm/2650mm/1200-1450,2026-10,30.492,30.439,32.24,31.057,24.521
SBUR,KW2/01/115gsm/2800mm/1200-1450,2026-10,54.148,53.637,51.537,53.107,49.014
SBUR,KW2/01/125gsm/2100mm/1200-1450,2026-10,32.348,32.54,32.882,32.59,29.14
SBUR,KW2/01/125gsm/2450mm/1200-1450,2026-10,115.284,116.484,113.366,115.045,125.459
SBUR,KW2/01/125gsm/2650mm/1200-1250,2026-10,14.954,9.09,13.925,12.656,0.0
SBUR,KW2/01/125gsm/2650mm/1200-1450,2026-10,87.147,100.929,89.245,92.44,95.806
SBUR,KW2/01/125gsm/2800mm/1200-1250,2026-10,35.17,30.116,34.992,33.426,12.261
SBUR,KW2/01/125gsm/2800mm/1200-1450,2026-10,82.398,101.299,84.976,89.558,104.607
SBUR,KW2/01/160gsm/2100mm/1200-1450,2026-10,7.918,7.671,8.435,8.008,7.69
SBUR,KW2/01/160gsm/2450mm/1200-1250,2026-10,0.246,0.071,0.039,0.119,0.0
SBUR,KW2/01/160gsm/2450mm/1200-1450,2026-10,18.782,20.025,17.41,18.739,21.877
SBUR,KW2/01/160gsm/2500mm/1200-1450,2026-10,0.371,0.256,0.448,0.358,0.0
SBUR,KW2/01/160gsm/2650mm/1200-1450,2026-10,10.065,9.603,9.942,9.87,10.002
SBUR,KW2/01/160gsm/2800mm/1200-1450,2026-10,21.235,22.143,17.799,20.392,25.114
SBUR,KWD/01/135gsm/2450mm/1200-1450,2026-10,0.246,0.081,0.093,0.14,0.0
SBUR,KWD/01/135gsm/2800mm/1200-1450,2026-10,0.246,0.076,0.032,0.118,0.0
SBUR,KWT/01/135gsm/2800mm/1200-1450,2026-10,0.246,0.076,0.032,0.118,0.0
SBUR,KWT/01/175gsm/2100mm/1200-1450,2026-10,0.345,0.124,0.245,0.238,0.0
SBUR,KWT/01/175gsm/2450mm/1200-1450,2026-10,0.345,0.124,0.245,0.238,0.0
SBUR,KWT/01/175gsm/2650mm/1200-1450,2026-10,0.345,0.124,0.245,0.238,0.0
SBUR,KWT/01/175gsm/2800mm/1200-1450,2026-10,0.345,0.124,0.245,0.238,0.0
SBUR,RF1/01/100gsm/2090mm/1200-1450,2026-10,32.246,32.369,33.52,32.712,41.314
SBUR,RF1/01/100gsm/2440mm/1200-1450,2026-10,215.249,215.747,215.977,215.658,216.962
SBUR,RF1/01/100gsm/2640mm/1200-1450,2026-10,233.061,234.791,221.956,229.936,253.973
SBUR,RF1/01/100gsm/2790mm/1200-1450,2026-10,244.896,238.451,240.491,241.279,251.286
SBUR,T1/01/220gsm/2100mm/1200-1450,2026-10,0.345,0.124,0.245,0.238,0.0
SBUR,T1/01/220gsm/2450mm/1200-1450,2026-10,0.345,0.124,0.245,0.238,0.0
SBUR,TCH/293/140GSM/2450mm/1200-1450,2026-10,0.345,0.124,0.245,0.238,0.0
SBUR,TCH/293/160GSM/2800mm/1200-1450,2026-10,0.246,0.083,0.089,0.14,0.0
SBUR,TCH/40/130gsm/2450mm/1200-1450,2026-10,0.246,0.071,0.036,0.118,0.0
SBUR,TCH/40/140gsm/2100mm/1200-1450,2026-10,33.26,31.954,30.379,31.864,35.984
SBUR,TCH/40/140gsm/2450mm/1200-1450,2026-10,60.618,61.541,57.101,59.754,68.62
SBUR,TCH/40/140gsm/2650mm/1200-1450,2026-10,20.602,21.815,20.828,21.082,20.997
SBUR,TCH/40/140gsm/2800mm/1200-1450,2026-10,42.887,42.984,39.805,41.892,41.467
SBUR,TCH/40/180gsm/2100mm/1200-1450,2026-10,10.892,11.326,10.712,10.977,6.106
SBUR,TCH/40/180gsm/2200mm/1200-1450,2026-10,0.246,0.076,0.088,0.137,0.0
SBUR,TCH/40/180gsm/2450mm/1200-1450,2026-10,6.197,6.051,5.716,5.988,5.445
SBUR,TCH/40/180gsm/2650mm/1200-1450,2026-10,6.522,6.591,5.797,6.303,7.811
SBUR,TCH/40/180gsm/2800mm/1200-1450,2026-10,21.985,22.86,20.003,21.616,28.028
SBUR,THP/01/125gsm/2100mm/1200-1450,2026-10,19.201,19.872,19.667,19.58,14.18
SBUR,THP/01/125gsm/2450mm/1200-1450,2026-10,138.696,133.963,147.323,139.994,114.038
SBUR,THP/01/125gsm/2650mm/1200-1450,2026-10,268.055,274.498,272.352,271.635,281.883
SBUR,THP/01/125gsm/2800mm/1200-1450,2026-10,286.699,303.7,297.709,296.036,307.935
SBUR,TSL/01/100gsm/2100mm/1200-1400,2026-10,5.106,5.39,5.099,5.198,4.265
SBUR,TSL/01/100gsm/2450mm/1200-1400,2026-10,34.646,34.54,32.838,34.008,33.336
SBUR,TSL/01/100gsm/2650mm/1200-1450,2026-10,63.954,65.059,59.189,62.734,72.198
SBUR,TSL/01/100gsm/2800mm/1200-1450,2026-10,73.991,78.863,70.87,74.575,80.922
SBUR,TSL/01/125gsm/2100mm/1200-1450,2026-10,7.721,8.232,8.17,8.041,9.319
SBUR,TSL/01/125gsm/2450mm/1200-1450,2026-10,33.61,39.044,44.743,39.132,58.944
SBUR,TSL/01/125gsm/2650mm/1200-1450,2026-10,13.448,19.126,11.718,14.764,26.379
SBUR,TSL/01/125gsm/2800mm/1200-1450,2026-10,32.245,35.408,24.974,30.876,49.861
SBUR,TSL/01/150gsm/2100mm/1200-1400,2026-10,41.73,42.48,43.749,42.653,36.603
SBUR,TSL/01/150gsm/2450mm/1200-1400,2026-10,29.547,30.264,28.891,29.567,38.351
SBUR,TSL/01/150gsm/2650mm/1200-1450,2026-10,75.145,79.228,71.705,75.359,79.698
SBUR,TSL/01/150gsm/2800mm/1200-1450,2026-10,62.034,63.781,60.25,62.022,57.885
SBUR,TSL/01/80gsm/2100mm/1200-1450,2026-10,11.455,11.92,12.202,11.859,6.911
SBUR,TSL/01/80gsm/2450mm/1200-1450,2026-10,56.067,56.223,50.68,54.323,57.472
SBUR,TSL/01/80gsm/2650mm/1200-1450,2026-10,21.519,22.045,21.621,21.728,19.053
SBUR,TSL/01/80gsm/2800mm/1200-1450,2026-10,51.11,50.564,47.231,49.635,44.462
SBUR,TSL/01/85gsm/2800mm/1200-1450,2026-10,0.246,0.076,0.032,0.118,0.0
SBUR,TW2000/51/120gsm/2100mm/1200-1450,2026-10,0.246,0.076,0.088,0.137,0.0
SBUR,TW2000/51/120gsm/2450mm/1200-1450,2026-10,0.246,0.076,0.088,0.137,0.0
SBUR,TW2000/51/120gsm/2650mm/1200-1450,2026-10,0.246,0.076,0.088,0.137,0.0
SBUR,TW2000/51/120gsm/2800mm/1200-1450,2026-10,0.246,0.076,0.088,0.137,0.0
SBUR,TWTC1/51/135gsm/2100mm/1200-1450,2026-10,0.345,0.124,0.245,0.238,0.0
SBUR,TWTC1/51/135gsm/2450mm/1200-1450,2026-10,0.345,0.124,0.245,0.238,0.0
SBUR,TWTC1/51/135gsm/2650mm/1200-1450,2026-10,0.345,0.124,0.245,0.238,0.0
SBUR,TWTC1/51/135gsm/2800mm/1200-1450,2026-10,0.345,0.124,0.245,0.238,0.0
SBUR,TWTC2/51/115gsm/2100mm/1200-1450,2026-10,8.179,7.665,7.614,7.82,7.894
SBUR,TWTC2/51/115gsm/2450mm/1200-1450,2026-10,26.719,27.771,28.132,27.541,25.911
SBUR,TWTC2/51/115gsm/2650mm/1200-1450,2026-10,48.203,49.135,44.387,47.241,57.496
SBUR,TWTC2/51/115gsm/2800mm/1200-1450,2026-10,17.915,18.243,17.781,17.98,14.702
SCAN,HP1/01/170gsm/2440mm/1200-1450,2026-10,0.556,0.668,1.18,0.801,0.0
SCAN,HP1/01/190gsm/2090mm/1200-1450,2026-10,22.864,23.009,23.069,22.981,15.168
SCAN,HP1/01/190gsm/2290mm/1200-1450,2026-10,49.397,50.613,54.099,51.37,39.792
SCAN,HP1/01/190gsm/2300mm/1200-1450,2026-10,0.227,0.097,0.128,0.151,0.0
SCAN,HP1/01/190gsm/2440mm/1200-1450,2026-10,93.727,100.7,92.237,95.555,100.014
SCAN,HP2/01/105gsm/2090mm/1200-1400,2026-10,72.615,73.905,75.779,74.1,55.503
SCAN,HP2/01/105gsm/2090mm/1200-1400/Subst.,2026-10,0.308,0.204,0.255,0.256,0.0
SCAN,HP2/01/105gsm/2290mm/1200-1400,2026-10,115.799,118.048,122.581,118.81,107.833
SCAN,HP2/01/105gsm/2290mm/1200-1400/Subst.,2026-10,0.381,0.291,0.564,0.412,0.0
SCAN,HP2/01/105gsm/2440mm/1200-1400,2026-10,261.953,283.418,250.793,265.388,287.248
SCAN,HP2/01/105gsm/2440mm/1200-1400/Subst.,2026-10,0.412,0.391,0.673,0.492,0.0
SCAN,HP2/01/115gsm/2090mm/1200-1400/Subst.,2026-10,0.227,0.084,0.028,0.113,0.0
SCAN,HP2/01/115gsm/2290mm/1200-1400/Subst.,2026-10,0.227,0.084,0.028,0.113,0.0
SCAN,HP2/01/125gsm/2090mm/1200-1450,2026-10,121.226,117.998,121.635,120.287,102.879
SCAN,HP2/01/125gsm/2090mm/1200-1450/Subst.,2026-10,0.227,0.142,0.204,0.191,0.0
SCAN,HP2/01/125gsm/2290mm/1200-1450,2026-10,201.241,212.53,198.904,204.225,204.964
SCAN,HP2/01/125gsm/2290mm/1200-1450/Subst.,2026-10,0.227,0.142,0.188,0.186,0.0
SCAN,HP2/01/125gsm/2440mm/1200-1450,2026-10,209.285,232.079,218.985,220.116,210.893
SCAN,HP2/01/125gsm/2440mm/1200-1450/Subst.,2026-10,0.237,0.183,0.231,0.217,0.0
SCAN,HP2/01/155gsm/2090mm/1200-1450,2026-10,113.992,115.685,125.899,118.525,101.756
SCAN,HP2/01/155gsm/2090mm/1200-1450/Subst.,2026-10,0.5,0.49,0.693,0.561,0.0
SCAN,HP2/01/155gsm/2290mm/1200-1450,2026-10,170.477,173.392,178.464,174.111,140.899
SCAN,HP2/01/155gsm/2290mm/1200-1450/Subst.,2026-10,0.365,0.41,0.564,0.446,0.0
SCAN,HP2/01/155gsm/2440mm/1200-1450,2026-10,167.406,180.433,166.248,171.362,168.167
SCAN,HP2/01/155gsm/2440mm/1200-1450/Subst.,2026-10,2.53,2.836,2.915,2.761,0.0
SCAN,HP2/01/160gsm/2090mm/1200-1450,2026-10,0.318,0.144,0.286,0.25,0.0
SCAN,HP2/01/160gsm/2090mm/1200-1450/Subst.,2026-10,0.318,0.144,0.286,0.25,0.0
SCAN,HP2/01/160gsm/2290mm/1200-1450,2026-10,0.318,0.144,0.286,0.25,0.0
SCAN,HP2/01/160gsm/2290mm/1200-1450/Subst.,2026-10,0.227,0.084,0.028,0.113,0.0
SCAN,HP2/01/160gsm/2440mm/1200-1450,2026-10,0.318,0.144,0.286,0.25,0.0
SCAN,HP2/01/160gsm/2440mm/1200-1450/Subst.,2026-10,0.318,0.144,0.286,0.25,0.0
SCAN,K/01/110gsm/2100mm/1200-1450,2026-10,49.175,50.839,51.41,50.475,39.955
SCAN,K/01/110gsm/2300mm/1200-1250,2026-10,50.979,53.281,57.548,53.936,39.705
SCAN,K/01/110gsm/2450mm/1200-1250,2026-10,111.218,119.704,115.477,115.466,111.76
SCAN,K/01/125gsm/2100mm/1200-1450,2026-10,0.318,0.144,0.286,0.25,0.0
SCAN,K/01/125gsm/2300mm/1200-1450,2026-10,0.318,0.144,0.286,0.25,0.0
SCAN,K/01/125gsm/2450mm/1200-1250,2026-10,0.318,0.144,0.286,0.25,0.0
SCAN,K/01/160gsm/2100mm/1200-1450,2026-10,99.067,102.546,105.432,102.348,87.37
SCAN,K/01/160gsm/2300mm/1200-1250,2026-10,111.698,112.532,116.512,113.581,94.495
SCAN,K/01/160gsm/2450mm/1200-1250,2026-10,119.62,126.256,122.072,122.649,125.174
SCAN,K/01/160gsm/2450mm/1200-1450,2026-10,0.374,0.509,0.324,0.402,0.0
SCAN,K/01/225gsm/2100mm/1200-1450,2026-10,2.416,2.57,3.465,2.817,0.0
SCAN,K/01/225gsm/2300mm/1200-1250,2026-10,32.381,33.563,33.316,33.086,44.035
SCAN,K/01/225gsm/2300mm/1200-1450,2026-10,0.3,0.324,0.234,0.286,0.0
SCAN,K/01/225gsm/2450mm/1200-1250,2026-10,2.312,2.443,2.267,2.341,0.8
SCAN,KBA/157/157GSM/2100MM/1200-1450,2026-10,0.925,1.131,0.891,0.982,0.0
SCAN,KBA/157/157GSM/2300MM/1200-1450,2026-10,10.444,10.577,10.962,10.661,13.206
SCAN,KCH/01/135gsm/2100mm/1200-1450,2026-10,0.318,0.144,0.286,0.25,0.0
SCAN,KCH/01/135gsm/2300mm/1200-1450,2026-10,0.318,0.144,0.286,0.25,0.0
SCAN,KCH/01/135gsm/2450mm/1200-1450,2026-10,0.318,0.144,0.286,0.25,0.0
SCAN,KCH/01/155gsm/2100mm/1200-1250,2026-10,0.227,0.095,0.114,0.145,0.0
SCAN,KCH/01/155gsm/2300mm/1200-1250,2026-10,0.227,0.095,0.114,0.145,0.0
SCAN,KCH/01/155gsm/2450mm/1200-1250,2026-10,0.227,0.095,0.114,0.145,0.0
SCAN,KCH/337/135gsm/2100mm/1200-1450,2026-10,0.227,0.084,0.027,0.113,0.0
SCAN,KCL/134/145gsm/2150mm/1200-1450,2026-10,0.227,0.144,0.548,0.306,0.0
SCAN,KS/257/165gsm/2100mm/1200-1450,2026-10,0.318,0.144,0.286,0.25,0.0
SCAN,KS/257/165gsm/2300mm/1200-1450,2026-10,0.318,0.144,0.286,0.25,0.0
SCAN,KS/257/165gsm/2450mm/1200-1450,2026-10,0.318,0.144,0.286,0.25,0.0
SCAN,KW2/01/115gsm/2100mm/1200-1250,2026-10,57.786,58.635,52.897,56.44,56.38
SCAN,KW2/01/115gsm/2300mm/1200-1250,2026-10,85.821,91.979,91.47,89.757,78.785
SCAN,KW2/01/115gsm/2450mm/1200-1250,2026-10,111.828,114.008,109.16,111.665,94.325
SCAN,KW2/01/125gsm/2100mm/1200-1450,2026-10,0.318,0.144,0.286,0.25,0.0
SCAN,KW2/01/125gsm/2300mm/1200-1250,2026-10,0.318,0.144,0.286,0.25,0.0
SCAN,KW2/01/125gsm/2450mm/1200-1250,2026-10,0.318,0.144,0.286,0.25,0.0
SCAN,KW2/01/125gsm/2450mm/1200-1450,2026-10,0.227,0.097,0.128,0.151,0.0
SCAN,KW2/01/135gsm/2450mm/1200-1450,2026-10,0.227,0.088,0.032,0.116,0.0
SCAN,KW2/01/160gsm/2100mm/1200-1450,2026-10,11.585,11.771,10.384,11.246,13.445
SCAN,KW2/01/160gsm/2300mm/1200-1250,2026-10,20.433,21.082,19.842,20.452,8.42
SCAN,KW2/01/160gsm/2300mm/1200-1450,2026-10,0.227,0.089,0.05,0.122,0.0
SCAN,KW2/01/160gsm/2450mm/1200-1250,2026-10,36.628,36.309,35.115,36.017,33.795
SCAN,TCH/40/160gsm/2100mm/1200-1450,2026-10,22.465,22.728,21.035,22.076,18.912
SCAN,TCH/40/160gsm/2300mm/1200-1450,2026-10,22.972,24.528,22.488,23.329,25.884
SCAN,TCH/40/160gsm/2450mm/1200-1450,2026-10,17.51,17.797,16.893,17.4,11.272
SCAN,THP/01/125gsm/2100mm/1200-1450,2026-10,77.052,75.508,73.877,75.479,58.702
SCAN,THP/01/125gsm/2300mm/1200-1450,2026-10,40.967,43.985,41.072,42.008,53.998
SCAN,THP/01/125gsm/2450mm/1200-1450,2026-10,131.732,137.342,134.094,134.389,128.794
SCAN,TSL/01/100gsm/2100mm/1200-1400,2026-10,102.751,105.735,103.958,104.148,88.19
SCAN,TSL/01/100gsm/2300mm/1200-1400,2026-10,79.228,80.001,75.065,78.098,67.018
SCAN,TSL/01/100gsm/2300mm/1200-1400/Subst.,2026-10,0.227,0.086,0.032,0.115,0.0
SCAN,TSL/01/100gsm/2450mm/1200-1400,2026-10,150.377,161.094,149.847,153.773,142.196
SCAN,TSL/01/100gsm/2450mm/1200-1400/Subst.,2026-10,0.227,0.086,0.032,0.115,0.0
SCAN,TSL/01/110gsm/2300mm/1200-1400/Subst.,2026-10,0.227,0.084,0.028,0.113,0.0
SCAN,TSL/01/125gsm/2100mm/1200-1450,2026-10,0.318,0.144,0.286,0.25,0.0
SCAN,TSL/01/125gsm/2100mm/1200-1450/Subst.,2026-10,0.318,0.209,0.323,0.284,0.0
SCAN,TSL/01/125gsm/2300mm/1200-1450,2026-10,8.896,9.071,10.367,9.445,11.56
SCAN,TSL/01/125gsm/2300mm/1200-1450/Subst.,2026-10,0.227,0.084,0.028,0.113,0.0
SCAN,TSL/01/125gsm/2450mm/1200-1450,2026-10,0.318,0.144,0.286,0.25,0.0
SCAN,TSL/01/125gsm/2450mm/1200-1450/Subst.,2026-10,0.468,0.509,0.674,0.55,0.0
SCAN,TSL/01/150gsm/2100mm/1200-1400,2026-10,10.831,10.997,11.28,11.036,6.932
SCAN,TSL/01/150gsm/2100mm/1200-1400/Subst.,2026-10,0.283,0.206,0.192,0.227,0.0
SCAN,TSL/01/150gsm/2300mm/1200-1400,2026-10,21.71,23.004,18.865,21.193,25.392
SCAN,TSL/01/150gsm/2300mm/1200-1400/Subst.,2026-10,0.227,0.166,0.156,0.183,0.0
SCAN,TSL/01/150gsm/2450mm/1200-1400,2026-10,28.664,29.403,29.129,29.065,25.069
SCAN,TSL/01/150gsm/2450mm/1200-1400/Subst.,2026-10,0.283,0.25,0.36,0.298,0.0
SCAN,TSL/01/80gsm/2100mm/1200-1450,2026-10,80.198,83.84,82.255,82.098,76.618
SCAN,TSL/01/80gsm/2300mm/1200-1450,2026-10,72.023,71.76,80.717,74.833,51.41
SCAN,TSL/01/80gsm/2450mm/1200-1450,2026-10,180.377,187.493,172.498,180.123,180.188
SCAN,TSL/01/85gsm/2300mm/1200-1450,2026-10,0.227,0.089,0.048,0.121,0.0
SCAN,TW2000/51/115gsm/2100mm/1200-1450,2026-10,5.142,4.862,4.404,4.802,2.092
SCAN,TW2000/51/115gsm/2300mm/1200-1450,2026-10,6.457,6.412,6.451,6.44,3.136
SCAN,TW2000/51/115gsm/2450mm/1200-1450,2026-10,3.434,3.244,3.293,3.323,1.3
SCAN,TW2000/51/120gsm/2100mm/1200-1450,2026-10,0.912,0.948,0.659,0.84,0.0
SCAN,TW2000/51/120gsm/2300mm/1200-1450,2026-10,0.778,1.009,0.667,0.818,0.0
SCAN,TW2000/51/120gsm/2450mm/1200-1450,2026-10,0.925,1.118,0.76,0.934,0.0
SCAN,TWTC1/51/135gsm/2100mm/1200-1450,2026-10,0.318,0.144,0.286,0.25,0.0
SCAN,TWTC1/51/135gsm/2300mm/1200-1450,2026-10,0.318,0.144,0.286,0.25,0.0
SCAN,TWTC1/51/135gsm/2450mm/1200-1450,2026-10,0.318,0.144,0.286,0.25,0.0
SCOC,FBG/263/140gsm/2200mm/1200-1450,2026-10,0.227,0.093,0.097,0.139,0.0
SCOC,HP2/01/125gsm/2190mm/1200-1450,2026-10,126.164,129.479,129.567,128.403,109.277
SCOC,HP2/01/125gsm/2190mm/1200-1450/Subst.,2026-10,1.24,1.452,1.246,1.313,1.649
SCOC,HP2/01/125gsm/2290mm/1200-1450,2026-10,64.397,66.668,58.369,63.145,62.413
SCOC,HP2/01/125gsm/2440mm/1200-1450,2026-10,294.251,323.386,303.507,307.048,322.962
SCOC,HP2/01/125gsm/2440mm/1200-1450/Subst.,2026-10,2.068,2.449,1.899,2.139,3.692
SCOC,HP2/01/125gsm/2640mm/1200-1450,2026-10,55.609,61.798,54.621,57.343,31.055
SCOC,HP2/01/125gsm/2640mm/1200-1450/Subst.,2026-10,1.776,1.958,1.679,1.804,2.142
SCOC,HP2/01/125gsm/2790mm/1200-1450,2026-10,69.02,72.87,74.154,72.015,42.559
SCOC,HP2/01/125gsm/2790mm/1200-1450/Subst.,2026-10,1.77,2.041,1.366,1.726,2.153
SCOC,HP2/01/127gsm/2640mm/1200-1450,2026-10,105.317,113.807,100.039,106.388,116.919
SCOC,HP2/01/127gsm/2790mm/1200-1450,2026-10,114.704,129.827,120.879,121.804,144.622
SCOC,HP2/01/155gsm/2190mm/1200-1450,2026-10,92.071,91.128,93.046,92.082,76.173
SCOC,HP2/01/155gsm/2190mm/1200-1450/Subst.,2026-10,0.29,0.291,0.322,0.301,0.0
SCOC,HP2/01/155gsm/2290mm/1200-1450,2026-10,24.441,25.843,22.403,24.229,24.425
SCOC,HP2/01/155gsm/2440mm/1200-1450,2026-10,130.581,135.478,132.599,132.886,123.627
SCOC,HP2/01/155gsm/2640mm/1200-1450,2026-10,118.891,125.615,124.732,123.079,125.106
SCOC,HP2/01/155gsm/2640mm/1200-1450/Subst.,2026-10,5.456,6.358,5.04,5.618,7.873
SCOC,HP2/01/155gsm/2790mm/1200-1450,2026-10,128.261,135.1,131.571,131.644,122.122
SCOC,HP2/01/155gsm/2790mm/1200-1450/Subst.,2026-10,1.539,1.733,1.281,1.518,2.093
SCOC,HP2/01/160gsm/1990mm/1200-1450,2026-10,0.227,0.085,0.033,0.115,0.0
SCOC,HP2/01/160gsm/2190mm/1200-1450,2026-10,0.318,0.138,0.251,0.236,0.0
SCOC,HP2/01/160gsm/2190mm/1200-1450/Subst.,2026-10,0.227,0.083,0.024,0.111,0.0
SCOC,HP2/01/160gsm/2290mm/1200-1450,2026-10,0.318,0.138,0.251,0.236,0.0
SCOC,HP2/01/160gsm/2290mm/1200-1450/Subst.,2026-10,0.318,0.138,0.251,0.236,0.0
SCOC,HP2/01/160gsm/2440mm/1200-1450,2026-10,0.318,0.138,0.251,0.236,0.0
SCOC,HP2/01/160gsm/2440mm/1200-1450/Subst.,2026-10,0.227,0.08,0.024,0.111,0.0
SCOC,HP2/01/160gsm/2640mm/1200-1450,2026-10,0.318,0.138,0.251,0.236,0.0
SCOC,HP2/01/160gsm/2640mm/1200-1450/Subst.,2026-10,0.227,0.091,0.077,0.132,0.0
SCOC,HP2/01/160gsm/2790mm/1200-1450,2026-10,0.318,0.138,0.251,0.236,0.0
SCOC,HP2/01/160gsm/2790mm/1200-1450/Subst.,2026-10,0.227,0.084,0.024,0.112,0.0
SCOC,K/01/110gsm/2200mm/1200-1250,2026-10,0.318,0.138,0.251,0.236,0.0
SCOC,K/01/110gsm/2300mm/1200-1250,2026-10,9.685,10.093,9.746,9.841,6.72
SCOC,K/01/135gsm/2000mm/1200-1450,2026-10,0.227,0.148,0.537,0.304,0.0
SCOC,K/01/135gsm/2200mm/1200-1250,2026-10,35.293,36.698,34.979,35.656,33.032
SCOC,K/01/135gsm/2300mm/1200-1250,2026-10,24.595,26.439,22.592,24.542,29.16
SCOC,K/01/135gsm/2300mm/1200-1450,2026-10,0.353,0.334,0.458,0.382,0.0
SCOC,K/01/135gsm/2450mm/1200-1250,2026-10,99.009,106.002,98.191,101.067,101.332
SCOC,K/01/135gsm/2650mm/1200-1250,2026-10,0.227,0.08,0.022,0.11,0.0
SCOC,K/01/135gsm/2650mm/1200-1450,2026-10,52.831,54.067,58.612,55.17,40.862
SCOC,K/01/135gsm/2800mm/1200-1250,2026-10,0.5,0.564,0.289,0.451,0.0
SCOC,K/01/135gsm/2800mm/1200-1450,2026-10,52.734,52.99,47.894,51.206,49.788
SCOC,K/01/160gsm/2200mm/1200-1250,2026-10,42.921,43.05,43.932,43.301,36.206
SCOC,K/01/160gsm/2300mm/1200-1250,2026-10,17.445,17.238,17.874,17.519,20.841
SCOC,K/01/160gsm/2450mm/1200-1250,2026-10,67.631,75.198,66.883,69.904,79.678
SCOC,K/01/160gsm/2650mm/1200-1250,2026-10,0.432,0.416,0.251,0.367,0.0
SCOC,K/01/160gsm/2650mm/1200-1450,2026-10,55.99,57.022,50.517,54.51,64.62
SCOC,K/01/160gsm/2800mm/1200-1250,2026-10,0.227,0.086,0.03,0.115,0.0
SCOC,K/01/160gsm/2800mm/1200-1450,2026-10,52.15,51.106,53.872,52.376,36.26
SCOC,K/01/170gsm/2250mm/1200-1250,2026-10,0.227,0.08,0.024,0.111,0.0
SCOC,K/01/225gsm/2200mm/1200-1450,2026-10,12.188,12.214,11.406,11.936,10.742
SCOC,K/01/225gsm/2300mm/1200-1450,2026-10,0.227,0.08,0.022,0.11,0.0
SCOC,K/01/225gsm/2450mm/1200-1250,2026-10,20.458,21.121,21.077,20.886,13.298
SCOC,K/01/225gsm/2650mm/1200-1250,2026-10,7.958,7.315,7.614,7.629,10.955
SCOC,K/01/225gsm/2650mm/1200-1450,2026-10,8.505,8.26,8.156,8.307,5.356
SCOC,K/01/225gsm/2800mm/1200-1250,2026-10,5.128,4.952,4.964,5.015,7.74
SCOC,K/01/225gsm/2800mm/1200-1450,2026-10,12.237,12.912,12.507,12.552,7.602
SCOC,K/01/275gsm/2200mm/1200-1250,2026-10,16.586,17.308,13.908,15.934,22.072
SCOC,K/01/275gsm/2200mm/1200-1450,2026-10,0.492,0.518,0.514,0.508,0.0
SCOC,KBA/10/167GSM/2200MM/1200-1450,2026-10,0.318,0.138,0.251,0.236,0.0
SCOC,KBA/312/118gsm/2450mm/1200-1450,2026-10,0.227,0.133,0.138,0.166,0.0
SCOC,KBA/312/143gsm/2450mm/1200-1450,2026-10,0.227,0.085,0.035,0.116,0.0
SCOC,KW2/01/115gsm/2200mm/1200-1250,2026-10,43.133,45.86,44.003,44.332,36.265
SCOC,KW2/01/115gsm/2300mm/1200-1250,2026-10,18.126,20.169,17.039,18.444,15.845
SCOC,KW2/01/115gsm/2450mm/1200-1250,2026-10,58.083,62.916,61.329,60.776,53.4
SCOC,KW2/01/115gsm/2650mm/1200-1250,2026-10,79.091,85.663,75.538,80.097,81.235
SCOC,KW2/01/115gsm/2800mm/1200-1250,2026-10,101.512,110.919,97.713,103.381,92.31
SCOC,KW2/01/125gsm/2000mm/1200-1450,2026-10,0.318,0.138,0.251,0.236,0.0
SCOC,KW2/01/125gsm/2200mm/1200-1250,2026-10,0.736,1.169,0.498,0.801,0.0
SCOC,KW2/01/125gsm/2300mm/1200-1250,2026-10,0.856,1.117,0.522,0.832,0.0
SCOC,KW2/01/125gsm/2450mm/1200-1250,2026-10,0.705,1.057,0.351,0.704,0.0
SCOC,KW2/01/125gsm/2650mm/1200-1250,2026-10,0.736,1.076,0.407,0.739,0.0
SCOC,KW2/01/125gsm/2800mm/1200-1250,2026-10,0.763,1.133,0.744,0.88,0.0
SCOC,KW2/01/160gsm/2000mm/1200-1450,2026-10,0.271,0.214,0.431,0.305,0.0
SCOC,KW2/01/160gsm/2200mm/1200-1250,2026-10,25.468,25.981,25.147,25.532,15.465
SCOC,KW2/01/160gsm/2300mm/1200-1250,2026-10,4.205,4.048,4.699,4.317,1.4
SCOC,KW2/01/160gsm/2300mm/1200-1450,2026-10,0.227,0.08,0.022,0.11,0.0
SCOC,KW2/01/160gsm/2450mm/1200-1250,2026-10,10.17,10.388,9.942,10.167,9.405
SCOC,KW2/01/160gsm/2650mm/1200-1250,2026-10,7.067,6.854,6.496,6.806,5.98
SCOC,KW2/01/160gsm/2800mm/1200-1250,2026-10,8.983,9.385,7.943,8.77,11.84
SCOC,SF1/01/140gsm/2290mm/1200-1450,2026-10,0.227,0.08,0.022,0.11,0.0
SCOC,TCH/293/140GSM/2450mm/1200-1450,2026-10,0.227,0.083,0.024,0.111,0.0
SCOC,TCH/40/140gsm/2200mm/1200-1450,2026-10,22.792,22.795,21.046,22.211,16.424
SCOC,TCH/40/140gsm/2300mm/1200-1450,2026-10,15.83,16.459,14.93,15.74,12.344
SCOC,TCH/40/140gsm/2450mm/1200-1450,2026-10,20.082,21.041,18.641,19.921,18.28
SCOC,TCH/40/140gsm/2650mm/1200-1450,2026-10,17.517,17.812,16.79,17.373,14.052
SCOC,TCH/40/140gsm/2800mm/1200-1450,2026-10,27.395,27.506,24.799,26.567,29.44
SCOC,TCH/49/150gsm/2300mm/1200-1450,2026-10,0.318,0.138,0.251,0.236,0.0
SCOC,TCL/41/110gsm/2450mm/1200-1450,2026-10,0.227,0.085,0.035,0.116,0.0
SCOC,TSL/01/100gsm/2200mm/1200-1400,2026-10,61.874,66.104,57.156,61.711,64.884
SCOC,TSL/01/100gsm/2300mm/1200-1400,2026-10,44.393,45.821,45.537,45.25,37.568
SCOC,TSL/01/100gsm/2450mm/1200-1400,2026-10,108.926,115.646,109.886,111.486,102.648
SCOC,TSL/01/100gsm/2650mm/1200-1450,2026-10,40.347,41.367,39.235,40.316,38.74
SCOC,TSL/01/100gsm/2800mm/1200-1450,2026-10,80.497,84.276,78.932,81.235,79.408
SCOC,TSL/01/110gsm/2200mm/1200-1400,2026-10,54.525,55.752,53.064,54.447,48.422
SCOC,TSL/01/110gsm/2200mm/1200-1400/Subst.,2026-10,0.227,0.083,0.025,0.112,0.0
SCOC,TSL/01/110gsm/2300mm/1200-1400,2026-10,14.753,15.257,17.213,15.741,8.252
SCOC,TSL/01/110gsm/2450mm/1200-1400,2026-10,60.83,65.364,70.456,65.55,53.29
SCOC,TSL/01/110gsm/2650mm/1200-1450,2026-10,111.296,119.002,118.605,116.301,123.033
SCOC,TSL/01/110gsm/2800mm/1200-1450,2026-10,190.583,199.331,173.917,187.944,193.098
SCOC,TSL/01/125gsm/2000mm/1200-1450,2026-10,0.332,0.257,0.382,0.324,0.0
SCOC,TSL/01/125gsm/2200mm/1200-1450,2026-10,104.438,108.159,101.354,104.65,100.779
SCOC,TSL/01/125gsm/2200mm/1200-1450/Subst.,2026-10,0.227,0.175,0.233,0.212,0.0
SCOC,TSL/01/125gsm/2300mm/1200-1450,2026-10,67.245,67.13,62.692,65.689,62.452
SCOC,TSL/01/125gsm/2300mm/1200-1450/Subst.,2026-10,0.227,0.084,0.024,0.112,0.0
SCOC,TSL/01/125gsm/2450mm/1200-1450,2026-10,202.163,221.914,203.006,209.028,221.636
SCOC,TSL/01/125gsm/2450mm/1200-1450/Subst.,2026-10,0.283,0.263,0.274,0.273,0.0
SCOC,TSL/01/125gsm/2650mm/1200-1450,2026-10,124.799,121.801,128.868,125.156,99.129
SCOC,TSL/01/125gsm/2650mm/1200-1450/Subst.,2026-10,0.237,0.161,0.228,0.209,0.0
SCOC,TSL/01/125gsm/2800mm/1200-1450,2026-10,241.273,254.923,246.933,247.71,256.837
SCOC,TSL/01/125gsm/2800mm/1200-1450/Subst.,2026-10,0.283,0.259,0.347,0.296,0.0
SCOC,TSL/01/150gsm/2200mm/1200-1400,2026-10,21.135,21.587,18.805,20.509,17.004
SCOC,TSL/01/150gsm/2300mm/1200-1400,2026-10,1.325,0.675,1.211,1.07,0.35
SCOC,TSL/01/150gsm/2450mm/1200-1400,2026-10,24.119,25.894,23.041,24.352,24.119
SCOC,TSL/01/150gsm/2650mm/1200-1450,2026-10,22.948,24.218,21.696,22.954,23.926
SCOC,TSL/01/150gsm/2650mm/1200-1450/Subst.,2026-10,0.227,0.086,0.037,0.117,0.0
SCOC,TSL/01/150gsm/2800mm/1200-1450,2026-10,19.665,20.485,19.188,19.779,13.338
SCOC,TSL/01/80gsm/2200mm/1200-1450,2026-10,111.463,118.185,120.192,116.613,116.834
SCOC,TSL/01/80gsm/2300mm/1200-1450,2026-10,88.964,96.412,85.281,90.219,93.474
SCOC,TSL/01/80gsm/2450mm/1200-1450,2026-10,214.197,234.688,215.057,221.314,215.774
SCOC,TSL/01/80gsm/2650mm/1200-1450,2026-10,60.392,61.326,60.711,60.81,46.778
SCOC,TSL/01/80gsm/2800mm/1200-1450,2026-10,91.61,96.437,93.724,93.924,79.834
SCOC,TSL/01/85gsm/2650mm/1200-1450,2026-10,0.227,0.085,0.033,0.115,0.0
SCOC,TSL/01/85gsm/2800mm/1200-1450,2026-10,0.227,0.085,0.033,0.115,0.0
SCOC,TW2000/51/120gsm/2300mm/1200-1450,2026-10,0.381,0.386,0.364,0.377,0.0
SCOC,TWTC1/51/135gsm/2000mm/1200-1450,2026-10,0.318,0.199,0.302,0.273,0.0
SCOC,TWTC1/51/135gsm/2200mm/1200-1450,2026-10,0.318,0.138,0.251,0.236,0.0
SCOC,TWTC1/51/135gsm/2300mm/1200-1450,2026-10,0.318,0.138,0.251,0.236,0.0
SCOC,TWTC1/51/135gsm/2450mm/1200-1450,2026-10,0.318,0.138,0.251,0.236,0.0
SCOC,TWTC1/51/135gsm/2650mm/1200-1450,2026-10,0.318,0.138,0.251,0.236,0.0
SCOC,TWTC1/51/135gsm/2800mm/1200-1450,2026-10,0.318,0.138,0.251,0.236,0.0
SCOC,TWTC2/51/115gsm/2200mm/1200-1450,2026-10,29.991,30.14,30.476,30.203,28.063
SCOC,TWTC2/51/115gsm/2300mm/1200-1450,2026-10,17.48,18.724,16.237,17.48,14.163
SCOC,TWTC2/51/115gsm/2450mm/1200-1450,2026-10,51.593,50.416,49.108,50.372,40.73
SCOC,TWTC2/51/115gsm/2650mm/1200-1450,2026-10,51.97,53.691,50.276,51.979,47.795
SCOC,TWTC2/51/115gsm/2800mm/1200-1450,2026-10,65.284,68.505,59.223,64.338,71.004
SCRS,HP1/01/170gsm/2100mm/1200-1450,2026-10,1.944,1.761,2.155,1.953,0.767
SCRS,HP1/01/190gsm/1900mm/1200-1450,2026-10,0.243,0.082,0.054,0.126,0.0
SCRS,HP1/01/190gsm/2100mm/1200-1450,2026-10,0.243,0.082,0.054,0.126,0.0
SCRS,HP1/01/190gsm/2200mm/1200-1450,2026-10,0.243,0.082,0.054,0.126,0.0
SCRS,HP2/01/127gsm/1700mm/1200-1450,2026-10,2.323,2.031,2.126,2.16,1.28
SCRS,HP2/01/127gsm/1900mm/1200-1450,2026-10,54.416,56.447,53.638,54.834,58.623
SCRS,HP2/01/127gsm/1950mm/1200-1450,2026-10,2.143,1.926,1.46,1.843,0.0
SCRS,HP2/01/127gsm/2100mm/1200-1450,2026-10,23.296,23.86,22.722,23.292,22.182
SCRS,HP2/01/127gsm/2200mm/1200-1450,2026-10,51.222,52.338,52.991,52.184,45.664
SCRS,HP2/01/127gsm/2450mm/1200-1450,2026-10,19.321,19.661,19.454,19.479,12.848
SCRS,HP2/01/130gsm/1700mm/1200-1450,2026-10,0.388,0.308,0.423,0.373,0.0
SCRS,HP2/01/130gsm/1900mm/1200-1450,2026-10,0.34,0.126,0.156,0.207,0.0
SCRS,HP2/01/130gsm/2100mm/1200-1450,2026-10,0.34,0.126,0.156,0.207,0.0
SCRS,HP2/01/130gsm/2200mm/1200-1450,2026-10,0.34,0.126,0.156,0.207,0.0
SCRS,HP2/01/130gsm/2450mm/1200-1450/Subst.,2026-10,0.34,0.126,0.156,0.207,0.0
SCRS,K/01/110gsm/2450mm/1200-1450,2026-10,0.243,0.073,0.037,0.117,0.0
SCRS,K/01/135gsm/1900mm/1200-1450,2026-10,25.438,24.993,24.655,25.029,23.873
SCRS,K/01/135gsm/2100mm/1200-1450,2026-10,6.383,6.331,5.892,6.202,6.303
SCRS,K/01/135gsm/2200mm/1200-1450,2026-10,15.859,16.092,14.489,15.48,11.95
SCRS,K/01/135gsm/2450mm/1200-1450,2026-10,8.285,8.577,8.571,8.478,6.989
SCRS,K/01/160gsm/1700mm/1200-1450,2026-10,3.556,3.059,3.948,3.521,1.303
SCRS,K/01/160gsm/1900mm/1200-1450,2026-10,33.992,33.934,32.468,33.465,35.348
SCRS,K/01/160gsm/2100mm/1200-1450,2026-10,23.912,24.542,24.644,24.366,23.27
SCRS,K/01/160gsm/2200mm/1200-1450,2026-10,64.047,65.537,62.038,63.874,65.899
SCRS,K/01/160gsm/2300mm/1200-1450,2026-10,1.068,0.991,1.282,1.114,0.0
SCRS,K/01/160gsm/2450mm/1200-1450,2026-10,15.307,15.485,14.559,15.117,8.338
SCRS,K/01/225gsm/1900mm/1200-1450,2026-10,14.226,14.382,12.506,13.704,6.755
SCRS,K/01/225gsm/2100mm/1200-1450,2026-10,10.677,10.867,10.993,10.846,4.196
SCRS,K/01/225gsm/2200mm/1200-1450,2026-10,3.971,3.389,5.248,4.203,0.0
SCRS,K/01/225gsm/2250mm/1200-1450,2026-10,0.67,0.566,0.66,0.632,0.0
SCRS,K/01/225gsm/2450mm/1200-1450,2026-10,10.276,10.48,9.771,10.176,11.439
SCRS,K/01/275gsm/1700mm/1200-1450,2026-10,4.041,4.093,5.241,4.459,1.224
SCRS,K/01/275gsm/1900mm/1200-1450,2026-10,27.723,28.517,30.647,28.962,24.579
SCRS,K/01/275gsm/2100mm/1200-1450,2026-10,22.886,23.254,23.164,23.102,17.641
SCRS,K/01/275gsm/2200mm/1200-1250,2026-10,0.338,0.23,0.217,0.262,0.0
SCRS,K/01/275gsm/2200mm/1200-1450,2026-10,102.338,104.298,105.434,104.023,97.461
SCRS,K/01/275gsm/2300mm/1200-1450,2026-10,4.221,4.313,4.267,4.267,2.456
SCRS,K/01/275gsm/2450mm/1200-1450,2026-10,25.725,26.689,24.163,25.525,29.318
SCRS,K/01/400gsm/2200mm/1200-1450,2026-10,2.473,2.994,5.098,3.522,0.0
SCRS,KS/257/135gsm/1900mm/1200-1450,2026-10,1.004,1.083,0.75,0.946,0.0
SCRS,KS/257/150gsm/1900mm/1200-1450,2026-10,0.243,0.077,0.028,0.116,0.0
SCRS,KW2/01/135gsm/1900mm/1200-1450,2026-10,18.972,20.304,18.332,19.202,21.035
SCRS,KW2/01/135gsm/2100mm/1200-1450,2026-10,9.553,9.774,9.864,9.73,6.558
SCRS,KW2/01/135gsm/2200mm/1200-1450,2026-10,10.663,10.647,10.236,10.515,9.789
SCRS,KW2/01/135gsm/2450mm/1200-1250,2026-10,7.03,7.181,6.814,7.008,6.489
SCRS,KW2/01/160gsm/1900mm/1200-1450,2026-10,11.528,11.72,10.613,11.287,11.875
SCRS,KW2/01/160gsm/2100mm/1200-1450,2026-10,5.422,5.424,5.385,5.411,4.685
SCRS,KW2/01/160gsm/2200mm/1200-1450,2026-10,43.873,46.536,44.943,45.118,45.516
SCRS,KW2/01/160gsm/2250mm/1200-1450,2026-10,0.329,0.295,0.498,0.374,0.0
SCRS,KW2/01/160gsm/2450mm/1200-1250,2026-10,9.369,9.364,9.831,9.521,10.33
SCRS,RF1/01/80gsm/2200mm/1200-1450,2026-10,0.794,0.647,0.957,0.799,0.0
SCRS,RF1/01/80gsm/2450mm/1200-1450,2026-10,10.817,10.336,10.113,10.422,14.122
SCRS,SF1/01/140gsm/2120mm/1200-1300,2026-10,0.243,0.073,0.041,0.119,0.0
SCRS,SF1/01/160gsm/1700mm/1200-1450,2026-10,2.109,1.523,2.528,2.053,0.0
SCRS,SF1/01/160gsm/1900mm/1200-1450,2026-10,60.236,64.858,59.564,61.553,57.316
SCRS,SF1/01/160gsm/1955mm/1200-1450,2026-10,0.784,0.632,0.842,0.752,0.0
SCRS,SF1/01/160gsm/2090mm/1200-1450,2026-10,0.34,0.126,0.156,0.207,0.0
SCRS,SF1/01/160gsm/2100mm/1200-1450,2026-10,31.069,32.975,34.575,32.873,26.166
SCRS,SF1/01/160gsm/2150mm/1200-1450,2026-10,0.243,0.084,0.048,0.125,0.0
SCRS,SF1/01/160gsm/2200mm/1200-1450,2026-10,134.125,147.375,138.358,139.952,148.5
SCRS,SF1/01/160gsm/2300mm/1200-1450,2026-10,3.634,3.256,4.146,3.679,1.75
SCRS,SF1/01/160gsm/2440mm/1200-1450,2026-10,1.013,0.856,0.775,0.881,0.0
SCRS,SF1/01/160gsm/2450mm/1200-1450,2026-10,32.539,32.127,30.94,31.869,37.826
SCRS,SF1/01/200gsm/2200mm/1200-1400,2026-10,8.528,8.585,7.771,8.295,7.792
SCRS,SF1/01/200gsm/2300mm/1200-1450,2026-10,4.318,4.313,4.44,4.357,2.649
SCRS,SF1/200GSM/2100MM,2026-10,6.367,6.587,5.802,6.252,7.506
SCRS,SF2/01/150gsm/2095mm/1200-1450,2026-10,0.243,0.084,0.048,0.125,0.0
SCRS,SF2/01/150gsm/2100mm/1200-1450,2026-10,0.34,0.126,0.156,0.207,0.0
SCRS,SF2/01/150gsm/2140mm/1200-1400,2026-10,0.243,0.084,0.048,0.125,0.0
SCRS,SF2/01/150gsm/2150mm/1200-1450,2026-10,0.243,0.084,0.048,0.125,0.0
SCRS,SF2/01/160gsm/1700mm/1200-1400,2026-10,0.406,0.286,0.337,0.343,0.0
SCRS,SF2/01/160gsm/1900mm/1200-1300,2026-10,0.243,0.075,0.055,0.124,0.0
SCRS,SF2/01/160gsm/1930mm/1200-1300,2026-10,0.243,0.084,0.048,0.125,0.0
SCRS,SF2/01/160gsm/1955mm/1200-1450,2026-10,0.243,0.075,0.055,0.124,0.0
SCRS,SF2/01/160gsm/2100mm/1200-1450,2026-10,0.471,0.39,0.582,0.481,0.0
SCRS,SF2/01/160gsm/2150mm/1200-1450,2026-10,0.34,0.126,0.156,0.207,0.0
SCRS,SF2/01/160gsm/2200mm/1200-1300,2026-10,0.243,0.084,0.048,0.125,0.0
SCRS,SF2/01/160gsm/2250mm/1200-1450,2026-10,0.243,0.077,0.066,0.129,0.0
SCRS,SF2/01/160gsm/2300mm/1200-1400,2026-10,0.243,0.075,0.055,0.124,0.0
SCRS,SF2/01/160gsm/2440mm/1200-1450,2026-10,0.243,0.082,0.054,0.126,0.0
SCRS,SF2/01/160gsm/2450mm/1200-1450,2026-10,0.243,0.082,0.054,0.126,0.0
SCRS,SF2/01/160gsm/2480mm/1200-1300,2026-10,0.243,0.082,0.054,0.126,0.0
SCRS,SF2/01/200gsm/2100mm/1200-1300,2026-10,0.243,0.084,0.048,0.125,0.0
SCRS,SF2/01/200gsm/2180mm/1200-1300,2026-10,0.34,0.126,0.156,0.207,0.0
SCRS,SF2/01/200gsm/2200mm/1200-1300,2026-10,0.464,0.526,0.493,0.494,0.0
SCRS,SF2/01/200gsm/2220mm/1200-1300,2026-10,0.243,0.082,0.054,0.126,0.0
SCRS,SF2/01/200gsm/2300mm/1200-1400,2026-10,0.243,0.075,0.055,0.124,0.0
SCRS,TSL/01/100gsm/2200mm/1200-1400/Subst.,2026-10,0.243,0.075,0.051,0.123,0.0
SCRS,TSL/01/130gsm/1700mm/1200-1400,2026-10,8.928,9.554,8.136,8.873,9.277
SCRS,TSL/01/130gsm/1900mm/1200-1400,2026-10,32.132,32.645,31.003,31.926,31.985
SCRS,TSL/01/130gsm/2100mm/1200-1400,2026-10,30.315,31.305,30.593,30.738,30.93
SCRS,TSL/01/130gsm/2200mm/1200-1400,2026-10,64.047,66.356,62.88,64.428,66.017
SCRS,TSL/01/130gsm/2300mm/1200-1400,2026-10,0.7,0.746,0.772,0.74,0.0
SCRS,TSL/01/130gsm/2450mm/1200-1400,2026-10,57.56,60.347,50.871,56.26,72.465
SCRS,TSL/01/150gsm/2200mm/1200-1400,2026-10,0.731,0.581,0.667,0.66,0.0
SCRS,TSL/01/160gsm/2010mm/1200-1400,2026-10,0.243,0.075,0.058,0.125,0.0
SCRS,TSL/01/160gsm/2100mm/1200-1400,2026-10,5.472,5.125,5.043,5.213,3.781
SCRS,TSL/01/160gsm/2200mm/1200-1450,2026-10,5.906,6.01,5.433,5.783,6.744
SCRS,TSL/01/160gsm/2300mm/1200-1400,2026-10,2.233,2.345,2.572,2.384,1.496
SCRS,TSL/01/160gsm/2450mm/1200-1400,2026-10,9.999,10.087,11.222,10.436,18.367
SCRS,TWTC1/51/120gsm/1900mm/1200-1450,2026-10,12.275,14.558,16.546,14.46,13.609
SCRS,TWTC1/51/120gsm/1920mm/1200-1450,2026-10,0.243,0.077,0.028,0.116,0.0
SCRS,TWTC1/51/120gsm/1950mm/1200-1250,2026-10,0.268,0.164,0.133,0.188,0.0
SCRS,TWTC1/51/120gsm/1980mm/1200-1400,2026-10,0.268,0.177,0.213,0.219,0.0
SCRS,TWTC1/51/120gsm/2030mm/1200-1450,2026-10,0.243,0.145,0.243,0.21,0.0
SCRS,TWTC1/51/120gsm/2050mm/1200-1300,2026-10,0.321,0.259,0.418,0.332,0.0
SCRS,TWTC1/51/120gsm/2080mm/1200-1450,2026-10,1.191,0.93,1.174,1.098,0.0
SCRS,TWTC1/51/120gsm/2100mm/1200-1450,2026-10,3.384,2.781,4.07,3.412,0.0
SCRS,TWTC1/51/120gsm/2180mm/1200-1450,2026-10,6.351,7.006,6.801,6.719,5.004
SCRS,TWTC1/51/120gsm/2200mm/1200-1450,2026-10,4.112,3.758,4.491,4.12,1.309
SCRS,TWTC1/51/120gsm/2450mm/1200-1450,2026-10,1.009,0.65,0.972,0.877,0.0
SCRS,TWTC1/51/120gsm/2485mm/1200-1450,2026-10,3.14,3.678,2.703,3.174,2.341
SCVA,HP1/01/170gsm/2440mm/1200-1450,2026-10,0.301,0.173,0.155,0.21,0.0
SCVA,HP1/01/190gsm/1790mm/1200-1450,2026-10,59.685,63.302,51.79,58.259,68.71
SCVA,HP1/01/190gsm/1990mm/1200-1450,2026-10,39.375,40.929,37.987,39.43,44.388
SCVA,HP1/01/190gsm/2290mm/1200-1450,2026-10,73.532,77.841,70.428,73.934,78.71
SCVA,HP1/01/190gsm/2440mm/1200-1450,2026-10,57.667,58.154,53.022,56.281,55.586
SCVA,HP2/01/105gsm/2290mm/1200-1400,2026-10,21.178,21.359,20.987,21.175,18.218
SCVA,HP2/01/105gsm/2440mm/1200-1400,2026-10,15.372,15.312,16.487,15.723,8.8
SCVA,HP2/01/105gsm/2440mm/1200-1400/Subst.,2026-10,4.235,3.805,2.208,3.416,1.947
SCVA,HP2/01/115gsm/1990mm/1200-1400,2026-10,22.586,22.826,21.498,22.303,18.042
SCVA,HP2/01/115gsm/1990mm/1200-1400/Subst.,2026-10,0.562,0.505,0.496,0.521,0.0
SCVA,HP2/01/115gsm/2290mm/1200-1400,2026-10,36.628,36.748,36.882,36.752,33.239
SCVA,HP2/01/115gsm/2290mm/1200-1400/Subst.,2026-10,2.61,2.907,1.734,2.417,3.68
SCVA,HP2/01/115gsm/2440mm/1200-1400,2026-10,40.182,39.394,40.473,40.016,37.402
SCVA,HP2/01/115gsm/2440mm/1200-1400/Subst.,2026-10,5.9,6.396,4.757,5.684,7.325
SCVA,HP2/01/125gsm/1790mm/1200-1450,2026-10,80.691,95.077,84.556,86.775,95.164
SCVA,HP2/01/125gsm/1790mm/1200-1450/Subst.,2026-10,0.265,0.086,0.045,0.132,0.0
SCVA,HP2/01/125gsm/1990mm/1200-1450,2026-10,39.691,39.673,40.934,40.1,30.214
SCVA,HP2/01/125gsm/1990mm/1200-1450/Subst.,2026-10,2.61,2.817,1.882,2.437,3.755
SCVA,HP2/01/125gsm/2290mm/1200-1450,2026-10,120.142,114.777,120.92,118.613,99.2
SCVA,HP2/01/125gsm/2290mm/1200-1450/Subst.,2026-10,1.055,1.151,0.628,0.944,1.738
SCVA,HP2/01/125gsm/2440mm/1200-1450,2026-10,188.46,203.223,188.848,193.51,209.943
SCVA,HP2/01/125gsm/2440mm/1200-1450/Subst.,2026-10,0.33,0.293,0.345,0.323,0.0
SCVA,HP2/01/155gsm/1790mm/1200-1450,2026-10,64.586,70.814,72.142,69.181,63.302
SCVA,HP2/01/155gsm/1790mm/1200-1450/Subst.,2026-10,0.33,0.276,0.546,0.384,0.0
SCVA,HP2/01/155gsm/1990mm/1200-1450,2026-10,71.401,76.442,73.244,73.696,73.742
SCVA,HP2/01/155gsm/1990mm/1200-1450/Subst.,2026-10,2.241,2.615,1.886,2.247,3.138
SCVA,HP2/01/155gsm/2290mm/1200-1450,2026-10,132.699,135.017,142.929,136.881,112.233
SCVA,HP2/01/155gsm/2290mm/1200-1450/Subst.,2026-10,8.879,8.978,12.609,10.155,17.888
SCVA,HP2/01/155gsm/2440mm/1200-1450,2026-10,138.981,151.633,139.831,143.482,163.74
SCVA,HP2/01/155gsm/2440mm/1200-1450/Subst.,2026-10,2.738,3.751,2.509,3.0,3.614
SCVA,HP2/01/160gsm/1790mm/1200-1450,2026-10,0.371,0.143,0.299,0.271,0.0
SCVA,HP2/01/160gsm/1790mm/1200-1450/Subst.,2026-10,0.265,0.083,0.048,0.132,0.0
SCVA,HP2/01/160gsm/1990mm/1200-1450,2026-10,0.371,0.143,0.299,0.271,0.0
SCVA,HP2/01/160gsm/1990mm/1200-1450/Subst.,2026-10,0.371,0.143,0.299,0.271,0.0
SCVA,HP2/01/160gsm/2290mm/1200-1450,2026-10,0.371,0.143,0.299,0.271,0.0
SCVA,HP2/01/160gsm/2290mm/1200-1450/Subst.,2026-10,0.265,0.086,0.049,0.133,0.0
SCVA,HP2/01/160gsm/2440mm/1200-1450,2026-10,0.371,0.143,0.299,0.271,0.0
SCVA,K/01/125gsm/2000mm/1200-1250,2026-10,3.81,3.144,3.324,3.426,1.98
SCVA,K/01/125gsm/2450mm/1200-1250,2026-10,12.976,13.215,13.044,13.079,18.16
SCVA,K/01/135gsm/2000mm/1200-1450,2026-10,0.371,0.143,0.299,0.271,0.0
SCVA,K/01/135gsm/2450mm/1200-1250,2026-10,0.371,0.143,0.299,0.271,0.0
SCVA,K/01/160gsm/1800mm/1200-1450,2026-10,49.453,52.29,50.302,50.681,52.72
SCVA,K/01/160gsm/2000mm/1200-1450,2026-10,33.401,34.322,32.408,33.377,34.775
SCVA,K/01/160gsm/2300mm/1200-1250,2026-10,55.852,59.573,50.055,55.16,67.96
SCVA,K/01/160gsm/2350mm/1200-1450,2026-10,0.265,0.087,0.049,0.134,0.0
SCVA,K/01/160gsm/2370mm/1200-1450,2026-10,14.207,14.321,11.6,13.376,5.184
SCVA,K/01/160gsm/2450mm/1200-1250,2026-10,89.744,97.291,80.562,89.199,102.925
SCVA,K/01/225gsm/1800mm/1200-1450,2026-10,50.054,52.134,53.167,51.785,52.504
SCVA,K/01/225gsm/2000mm/1200-1450,2026-10,26.241,27.028,23.793,25.687,28.665
SCVA,K/01/225gsm/2300mm/1200-1250,2026-10,43.181,44.072,42.032,43.095,43.25
SCVA,K/01/225gsm/2450mm/1200-1250,2026-10,50.741,52.829,50.732,51.434,54.17
SCVA,K/01/275gsm/1800mm/1200-1450,2026-10,26.281,27.289,29.18,27.583,32.85
SCVA,K/01/275gsm/2000mm/1200-1450,2026-10,21.381,22.446,18.802,20.876,26.3
SCVA,K/01/275gsm/2300mm/1200-1250,2026-10,32.275,33.654,32.249,32.726,31.25
SCVA,K/01/275gsm/2450mm/1200-1250,2026-10,60.777,62.005,52.882,58.555,68.7
SCVA,K/01/400gsm/1800mm/1200-1450,2026-10,24.31,25.428,20.217,23.319,27.205
SCVA,K/01/400gsm/2000mm/1200-1450,2026-10,23.928,29.796,28.52,27.415,31.678
SCVA,K/01/400gsm/2300mm/1200-1450,2026-10,60.052,57.976,76.387,64.805,47.158
SCVA,K/01/400gsm/2450mm/1200-1450,2026-10,29.5,30.807,29.154,29.82,29.239
SCVA,K/01/430gsm/1800mm/1200-1450,2026-10,67.403,72.877,67.886,69.389,69.48
SCVA,K/01/430gsm/2000mm/1200-1450,2026-10,23.859,24.068,22.607,23.511,16.365
SCVA,K/01/430gsm/2300mm/1200-1450,2026-10,17.281,18.497,16.747,17.508,8.665
SCVA,K/01/430gsm/2450mm/1200-1450,2026-10,37.03,37.124,35.352,36.502,37.87
SCVA,KBA/18/282GSM/2450MM/1200-1450,2026-10,0.371,0.143,0.299,0.271,0.0
SCVA,KS/257/245gsm/2300mm/1200-1450,2026-10,2.208,3.058,1.829,2.365,0.0
SCVA,KS/257/245gsm/2450mm/1200-1450,2026-10,11.058,11.376,10.449,10.961,6.882
SCVA,KW2/01/125gsm/2000mm/1200-1450,2026-10,18.817,21.36,18.573,19.583,21.0
SCVA,KW2/01/125gsm/2300mm/1200-1250,2026-10,11.978,12.652,12.746,12.459,9.93
SCVA,KW2/01/125gsm/2450mm/1200-1250,2026-10,12.799,13.385,12.428,12.871,12.005
SCVA,RF1/01/100gsm/1990mm/1200-1450,2026-10,28.864,28.257,28.546,28.556,29.866
SCVA,RF1/01/100gsm/2290mm/1200-1450,2026-10,65.106,64.405,61.282,63.597,56.11
SCVA,RF1/01/100gsm/2440mm/1200-1450,2026-10,81.08,87.488,80.021,82.863,85.052
SCVA,RF1/01/80gsm/2090mm/1200-1450,2026-10,138.259,138.032,142.788,139.693,130.562
SCVA,RF1/01/80gsm/2190mm/1200-1450,2026-10,0.265,0.086,0.049,0.133,0.0
SCVA,RF1/01/80gsm/2290mm/1200-1450,2026-10,43.514,43.916,47.974,45.135,30.118
SCVA,RF1/01/80gsm/2440mm/1200-1450,2026-10,59.453,60.053,55.446,58.318,55.714
SCVA,THP/01/125gsm/2000mm/1200-1450,2026-10,0.265,0.094,0.094,0.151,0.0
SCVA,THP/01/125gsm/2300mm/1200-1450,2026-10,0.265,0.094,0.094,0.151,0.0
SCVA,THP/01/125gsm/2450mm/1200-1450,2026-10,0.265,0.094,0.094,0.151,0.0
SCVA,TSL/01/110gsm/2300mm/1200-1400,2026-10,19.601,19.009,18.402,19.004,10.406
SCVA,TSL/01/110gsm/2300mm/1200-1400/Subst.,2026-10,0.265,0.142,0.21,0.206,0.0
SCVA,TSL/01/110gsm/2450mm/1200-1400,2026-10,21.444,22.713,19.857,21.338,20.53
SCVA,TSL/01/110gsm/2450mm/1200-1400/Subst.,2026-10,0.349,0.333,0.322,0.335,0.0
SCVA,TSL/01/125gsm/2000mm/1200-1450,2026-10,31.091,31.745,35.025,32.62,25.603
SCVA,TSL/01/125gsm/2000mm/1200-1450/Subst.,2026-10,1.481,2.175,1.843,1.833,0.49
SCVA,TSL/01/125gsm/2100mm/1200-1450,2026-10,111.621,119.991,112.083,114.565,104.861
SCVA,TSL/01/125gsm/2100mm/1200-1450/Subst.,2026-10,1.146,1.169,0.848,1.054,1.475
SCVA,TSL/01/125gsm/2200mm/1200-1450,2026-10,0.265,0.086,0.049,0.133,0.0
SCVA,TSL/01/125gsm/2300mm/1200-1450,2026-10,108.926,111.543,107.394,109.288,97.766
SCVA,TSL/01/125gsm/2300mm/1200-1450/Subst.,2026-10,0.371,0.214,0.398,0.328,0.0
SCVA,TSL/01/125gsm/2450mm/1200-1450,2026-10,150.281,161.973,145.388,152.547,169.403
SCVA,TSL/01/125gsm/2450mm/1200-1450/Subst.,2026-10,1.243,1.415,1.114,1.257,1.826
SCVA,TSL/01/150gsm/2300mm/1200-1400,2026-10,107.0,110.476,105.983,107.82,103.38
SCVA,TSL/01/150gsm/2450mm/1200-1400,2026-10,99.752,107.394,100.406,102.518,103.201
SCVA,TSL/01/150gsm/2450mm/1200-1400/Subst.,2026-10,0.265,0.148,0.249,0.22,0.0
SCVA,TSL/01/80gsm/2300mm/1200-1450,2026-10,3.326,4.036,4.349,3.903,0.0
SCVA,TSL/01/80gsm/2450mm/1200-1450,2026-10,11.048,10.707,10.487,10.747,10.4
SCVA,TWTC2/51/115gsm/2300mm/1200-1450,2026-10,13.045,13.076,11.611,12.577,12.288
SCVA,TWTC2/51/115gsm/2450mm/1200-1450,2026-10,10.43,11.079,10.695,10.735,8.259
SPAL,HP1/01/160gsm/1790mm/1200-1450,2026-10,0.361,0.164,0.536,0.354,0.0
SPAL,HP1/01/160gsm/2440mm/1200-1450,2026-10,0.258,0.096,0.049,0.134,0.0
SPAL,HP1/01/170gsm/1790mm/1200-1450,2026-10,0.361,0.164,0.536,0.354,0.0
SPAL,HP1/01/170gsm/1990mm/1200-1400,2026-10,0.361,0.164,0.536,0.354,0.0
SPAL,HP1/01/170gsm/2090mm/1200-1450,2026-10,0.258,0.105,0.132,0.165,0.0
SPAL,HP1/01/170gsm/2290mm/1200-1450,2026-10,0.361,0.164,0.536,0.354,0.0
SPAL,HP1/01/170gsm/2440mm/1200-1400,2026-10,0.361,0.164,0.536,0.354,0.0
SPAL,HP1/01/190gsm/1790mm/1200-1450,2026-10,3.813,4.289,3.929,4.01,0.0
SPAL,HP1/01/190gsm/1990mm/1200-1450,2026-10,6.627,7.39,10.051,8.022,0.0
SPAL,HP1/01/190gsm/2090mm/1200-1450,2026-10,0.995,1.226,1.506,1.242,0.0
SPAL,HP1/01/190gsm/2290mm/1200-1450,2026-10,3.987,3.932,4.314,4.078,0.0
SPAL,HP1/01/190gsm/2440mm/1200-1450,2026-10,1.205,1.52,1.972,1.566,0.0
SPAL,HP2/01/115gsm/1790mm/1200-1400,2026-10,50.442,51.79,55.286,52.506,42.867
SPAL,HP2/01/115gsm/1790mm/1200-1400/Subst.,2026-10,1.006,0.882,0.836,0.908,1.471
SPAL,HP2/01/115gsm/1990mm/1200-1400,2026-10,128.444,136.179,131.035,131.886,124.47
SPAL,HP2/01/115gsm/2090mm/1200-1400,2026-10,77.091,80.095,85.412,80.866,59.035
SPAL,HP2/01/115gsm/2090mm/1200-1400/Subst.,2026-10,1.168,1.223,0.973,1.121,1.696
SPAL,HP2/01/115gsm/2290mm/1200-1400,2026-10,135.965,142.411,142.93,140.435,126.039
SPAL,HP2/01/115gsm/2440mm/1200-1400,2026-10,129.309,130.13,130.206,129.882,107.831
SPAL,HP2/01/115gsm/2440mm/1200-1400/Subst.,2026-10,5.37,6.888,5.108,5.789,5.716
SPAL,HP2/01/125gsm/1790mm/1200-1450,2026-10,19.275,20.769,17.055,19.033,14.27
SPAL,HP2/01/125gsm/1990mm/1200-1450,2026-10,20.03,21.992,19.798,20.607,23.683
SPAL,HP2/01/125gsm/1990mm/1200-1450/Subst.,2026-10,0.258,0.102,0.118,0.159,0.0
SPAL,HP2/01/125gsm/2090mm/1200-1450,2026-10,12.137,12.835,13.144,12.705,11.808
SPAL,HP2/01/125gsm/2290mm/1200-1450,2026-10,27.93,28.481,27.732,28.048,29.453
SPAL,HP2/01/125gsm/2440mm/1200-1450,2026-10,17.306,19.675,17.332,18.104,13.7
SPAL,HP2/01/125gsm/2440mm/1200-1450/Subst.,2026-10,0.258,0.102,0.118,0.159,0.0
SPAL,HP2/01/145gsm/1790mm/1200-1450,2026-10,1.849,1.292,1.435,1.525,0.0
SPAL,HP2/01/145gsm/1990mm/1200-1450,2026-10,3.254,3.449,2.067,2.924,0.0
SPAL,HP2/01/155gsm/1790mm/1200-1450,2026-10,168.85,182.09,164.977,171.972,170.863
SPAL,HP2/01/155gsm/1790mm/1200-1450/Subst.,2026-10,1.268,1.148,1.117,1.177,1.339
SPAL,HP2/01/155gsm/1850mm/1200-1450,2026-10,0.258,0.09,0.05,0.132,0.0
SPAL,HP2/01/155gsm/1990mm/1200-1450,2026-10,185.81,207.98,186.59,193.46,235.712
SPAL,HP2/01/155gsm/1990mm/1200-1450/Subst.,2026-10,0.649,0.452,0.507,0.536,0.0
SPAL,HP2/01/155gsm/2090mm/1200-1450,2026-10,94.804,103.828,108.614,102.415,88.06
SPAL,HP2/01/155gsm/2150mm/1200-1450,2026-10,0.258,0.09,0.052,0.133,0.0
SPAL,HP2/01/155gsm/2290mm/1200-1450,2026-10,152.967,155.096,164.344,157.469,127.85
SPAL,HP2/01/155gsm/2290mm/1200-1450/Subst.,2026-10,7.141,8.012,8.126,7.76,7.688
SPAL,HP2/01/155gsm/2370mm/1200-1450,2026-10,0.258,0.09,0.052,0.133,0.0
SPAL,HP2/01/155gsm/2440mm/1200-1450,2026-10,158.087,157.608,173.667,163.121,123.995
SPAL,HP2/01/155gsm/2440mm/1200-1450/Subst.,2026-10,1.38,0.979,1.034,1.131,2.013
SPAL,HP2/01/160gsm/1790mm/1200-1450,2026-10,0.361,0.164,0.536,0.354,0.0
SPAL,HP2/01/160gsm/1990mm/1200-1450,2026-10,0.361,0.164,0.536,0.354,0.0
SPAL,HP2/01/160gsm/1990mm/1200-1450/Subst.,2026-10,0.258,0.09,0.054,0.134,0.0
SPAL,HP2/01/160gsm/2090mm/1200-1450,2026-10,0.361,0.164,0.536,0.354,0.0
SPAL,HP2/01/160gsm/2290mm/1200-1450,2026-10,0.361,0.164,0.536,0.354,0.0
SPAL,HP2/01/160gsm/2290mm/1200-1450/Subst.,2026-10,0.258,0.087,0.039,0.128,0.0
SPAL,HP2/01/160gsm/2440mm/1200-1450,2026-10,0.361,0.164,0.536,0.354,0.0
SPAL,K/01/110gsm/1800mm/1200-1450,2026-10,46.013,47.636,46.152,46.6,44.849
SPAL,K/01/110gsm/1850mm/1200-1450,2026-10,0.258,0.09,0.05,0.132,0.0
SPAL,K/01/110gsm/2000mm/1200-1250,2026-10,0.361,0.164,0.536,0.354,0.0
SPAL,K/01/110gsm/2000mm/1200-1450,2026-10,0.349,0.335,0.495,0.393,0.0
SPAL,K/01/110gsm/2050mm/1200-1450,2026-10,0.258,0.09,0.052,0.133,0.0
SPAL,K/01/110gsm/2100mm/1200-1450,2026-10,0.54,0.525,0.642,0.569,0.0
SPAL,K/01/110gsm/2300mm/1200-1450,2026-10,16.576,16.411,16.279,16.422,18.345
SPAL,K/01/110gsm/2450mm/1200-1450,2026-10,0.556,0.61,0.619,0.595,0.0
SPAL,K/01/135gsm/1800mm/1200-1450,2026-10,15.0,19.26,18.405,17.555,9.903
SPAL,K/01/135gsm/2000mm/1200-1450,2026-10,69.351,78.217,75.627,74.398,74.613
SPAL,K/01/135gsm/2100mm/1200-1450,2026-10,21.181,22.786,21.87,21.946,14.863
SPAL,K/01/135gsm/2300mm/1200-1450,2026-10,35.353,36.768,33.641,35.254,33.687
SPAL,K/01/135gsm/2450mm/1200-1450,2026-10,35.609,35.389,36.579,35.859,21.962
SPAL,K/01/160gsm/1800mm/1200-1450,2026-10,46.622,52.476,50.806,49.968,32.535
SPAL,K/01/160gsm/2000mm/1200-1450,2026-10,54.494,55.612,57.22,55.775,51.082
SPAL,K/01/160gsm/2100mm/1200-1450,2026-10,30.657,31.908,28.606,30.39,29.321
SPAL,K/01/160gsm/2300mm/1200-1250,2026-10,0.258,0.092,0.03,0.127,0.0
SPAL,K/01/160gsm/2300mm/1200-1450,2026-10,58.071,58.259,59.842,58.724,51.578
SPAL,K/01/160gsm/2370mm/1200-1450,2026-10,0.258,0.09,0.052,0.133,0.0
SPAL,K/01/160gsm/2450mm/1200-1250,2026-10,0.258,0.087,0.043,0.129,0.0
SPAL,K/01/160gsm/2450mm/1200-1450,2026-10,42.523,41.336,45.709,43.19,29.782
SPAL,K/01/200gsm/1800mm/1200-1450,2026-10,0.43,0.363,0.401,0.398,0.0
SPAL,K/01/225gsm/1800mm/1200-1450,2026-10,47.566,49.432,54.604,50.534,34.081
SPAL,K/01/225gsm/2000mm/1200-1450,2026-10,13.681,19.624,21.446,18.251,15.177
SPAL,K/01/225gsm/2050mm/1200-1450,2026-10,1.155,1.059,0.982,1.065,0.453
SPAL,K/01/225gsm/2100mm/1200-1450,2026-10,11.707,14.786,14.296,13.596,10.781
SPAL,K/01/225gsm/2150mm/1200-1450,2026-10,0.258,0.09,0.052,0.133,0.0
SPAL,K/01/225gsm/2300mm/1200-1250,2026-10,0.258,0.102,0.118,0.159,0.0
SPAL,K/01/225gsm/2300mm/1200-1450,2026-10,32.557,33.012,30.262,31.944,29.691
SPAL,K/01/225gsm/2450mm/1200-1450,2026-10,46.459,49.187,45.766,47.137,50.839
SPAL,K/01/275gsm/1800mm/1200-1450,2026-10,11.263,11.56,10.957,11.26,8.757
SPAL,K/01/275gsm/2000mm/1200-1450,2026-10,20.778,21.283,21.271,21.111,17.23
SPAL,K/01/275gsm/2100mm/1200-1450,2026-10,12.095,14.346,15.173,13.872,12.769
SPAL,K/01/275gsm/2300mm/1200-1450,2026-10,17.719,19.314,19.175,18.736,13.495
SPAL,K/01/275gsm/2450mm/1200-1450,2026-10,19.507,21.25,18.83,19.862,20.344
SPAL,KBA/10/162GSM/2300MM/1200-1450,2026-10,0.588,0.569,0.857,0.671,0.0
SPAL,KCH/01/135gsm/1800mm/1200-1450,2026-10,0.258,0.102,0.118,0.159,0.0
SPAL,KCH/264/135gsm/1800mm/1200-1450,2026-10,4.53,4.596,4.09,4.405,2.16
SPAL,KCH/264/135gsm/2000mm/1200-1450,2026-10,6.107,6.279,6.403,6.263,5.447
SPAL,KCH/264/135gsm/2100mm/1200-1450,2026-10,1.971,1.122,1.456,1.516,0.329
SPAL,KCH/264/135gsm/2300mm/1200-1450,2026-10,1.135,0.908,0.694,0.912,0.0
SPAL,KCH/264/135gsm/2450mm/1200-1450,2026-10,4.273,4.025,4.266,4.188,2.946
SPAL,KCL/134/145gsm/1800mm/1200-1450,2026-10,4.152,4.234,4.714,4.367,1.155
SPAL,KCL/134/145gsm/2000mm/1200-1450,2026-10,8.192,8.357,9.206,8.585,4.293
SPAL,KCL/134/145gsm/2050mm/1200-1450,2026-10,1.598,1.311,1.014,1.307,0.0
SPAL,KCL/134/145gsm/2100mm/1200-1450,2026-10,7.616,7.52,8.02,7.718,4.083
SPAL,KCL/134/145gsm/2150mm/1200-1450,2026-10,0.258,0.105,0.132,0.165,0.0
SPAL,KCL/134/145gsm/2300mm/1200-1450,2026-10,24.549,24.623,23.37,24.181,23.93
SPAL,KCL/134/145gsm/2450mm/1200-1450,2026-10,13.128,12.787,13.039,12.984,16.237
SPAL,KCL/134/145gsm/2500mm/1200-1450,2026-10,0.258,0.087,0.047,0.131,0.0
SPAL,KS/257/115gsm/1800mm/1200-1450,2026-10,0.361,0.164,0.536,0.354,0.0
SPAL,KS/257/115gsm/2300mm/1200-1450,2026-10,0.361,0.164,0.536,0.354,0.0
SPAL,KS/257/215gsm/1800mm/1200-1450,2026-10,3.115,3.401,2.053,2.856,0.0
SPAL,KS/257/215gsm/2000mm/1200-1450,2026-10,20.478,23.26,20.586,21.441,13.212
SPAL,KS/257/215gsm/2100mm/1200-1450,2026-10,14.131,15.729,14.281,14.714,9.685
SPAL,KS/257/215gsm/2300mm/1200-1450,2026-10,6.646,7.106,6.144,6.632,0.684
SPAL,KS/257/215gsm/2450mm/1200-1450,2026-10,4.838,4.457,3.91,4.402,0.81
SPAL,KW2/01/115gsm/1800mm/1200-1450,2026-10,28.122,28.241,26.836,27.733,29.604
SPAL,KW2/01/115gsm/2000mm/1200-1450,2026-10,48.393,48.936,44.934,47.421,49.894
SPAL,KW2/01/115gsm/2100mm/1200-1450,2026-10,25.396,27.09,27.007,26.497,19.82
SPAL,KW2/01/115gsm/2300mm/1200-1450,2026-10,54.68,59.199,55.964,56.614,54.418
SPAL,KW2/01/115gsm/2370mm/1200-1450,2026-10,0.389,0.341,0.378,0.369,0.0
SPAL,KW2/01/115gsm/2450mm/1200-1450,2026-10,53.501,54.513,54.049,54.021,44.634
SPAL,KW2/01/125gsm/1800mm/1200-1450,2026-10,1.527,1.369,0.804,1.233,0.0
SPAL,KW2/01/125gsm/1850mm/1200-1450,2026-10,0.258,0.09,0.05,0.132,0.0
SPAL,KW2/01/125gsm/2000mm/1200-1450,2026-10,0.909,0.812,0.696,0.806,0.0
SPAL,KW2/01/125gsm/2100mm/1200-1450,2026-10,0.361,0.164,0.536,0.354,0.0
SPAL,KW2/01/125gsm/2150mm/1200-1450,2026-10,0.258,0.09,0.052,0.133,0.0
SPAL,KW2/01/125gsm/2300mm/1200-1450,2026-10,0.361,0.164,0.536,0.354,0.0
SPAL,KW2/01/125gsm/2370mm/1200-1450,2026-10,0.258,0.09,0.052,0.133,0.0
SPAL,KW2/01/125gsm/2450mm/1200-1450,2026-10,0.361,0.164,0.536,0.354,0.0
SPAL,KW2/01/160gsm/1800mm/1200-1450,2026-10,12.22,13.494,14.342,13.352,6.322
SPAL,KW2/01/160gsm/2000mm/1200-1450,2026-10,21.89,20.293,18.807,20.33,9.83
SPAL,KW2/01/160gsm/2100mm/1200-1450,2026-10,7.88,8.7,9.742,8.774,4.418
SPAL,KW2/01/160gsm/2300mm/1200-1450,2026-10,18.111,18.853,18.9,18.621,14.344
SPAL,KW2/01/160gsm/2450mm/1200-1450,2026-10,22.295,24.001,22.638,22.978,16.063
SPAL,SF1/01/140gsm/1790mm/1200-1450,2026-10,1.594,1.676,0.999,1.423,0.0
SPAL,SF1/01/140gsm/1990mm/1200-1450,2026-10,1.261,1.565,0.755,1.194,0.0
SPAL,SF1/01/140gsm/2090mm/1200-1450,2026-10,1.186,1.459,0.944,1.196,0.0
SPAL,SF1/01/140gsm/2290mm/1200-1450,2026-10,1.261,1.565,0.76,1.196,0.0
SPAL,SF1/01/140gsm/2440mm/1200-1450,2026-10,1.281,1.546,0.715,1.181,0.0
SPAL,SF1/01/150gsm/1790mm/1200-1450,2026-10,0.361,0.164,0.536,0.354,0.0
SPAL,SF1/01/150gsm/1990mm/1200-1450,2026-10,0.361,0.164,0.536,0.354,0.0
SPAL,SF1/01/160gsm/1790mm/1200-1450,2026-10,14.809,17.349,14.773,15.644,11.25
SPAL,SF1/01/160gsm/1990mm/1200-1400,2026-10,28.572,30.442,28.961,29.325,31.69
SPAL,SF1/01/160gsm/1990mm/1200-1450,2026-10,0.258,0.087,0.049,0.131,0.0
SPAL,SF1/01/160gsm/2040mm/1200-1450,2026-10,0.258,0.087,0.043,0.129,0.0
SPAL,SF1/01/160gsm/2090mm/1200-1450,2026-10,18.93,20.473,18.259,19.221,15.969
SPAL,SF1/01/160gsm/2150mm/1200-1450,2026-10,0.258,0.09,0.052,0.133,0.0
SPAL,SF1/01/160gsm/2250mm/1200-1450,2026-10,0.293,0.23,0.338,0.287,0.0
SPAL,SF1/01/160gsm/2290mm/1200-1450,2026-10,21.931,23.794,21.516,22.414,21.421
SPAL,SF1/01/160gsm/2370mm/1200-1450,2026-10,0.258,0.09,0.052,0.133,0.0
SPAL,SF1/01/160gsm/2440mm/1200-1450,2026-10,33.221,34.368,30.136,32.575,41.494
SPAL,SF2/01/150gsm/1790mm/1200-1450,2026-10,0.424,0.409,0.743,0.525,0.0
SPAL,SF2/01/150gsm/1990mm/1200-1450,2026-10,0.568,0.628,1.019,0.738,0.0
SPAL,SF2/01/150gsm/2000mm/1200-1450,2026-10,0.258,0.102,0.118,0.159,0.0
SPAL,SF2/01/150gsm/2090mm/1200-1450,2026-10,0.258,0.105,0.132,0.165,0.0
SPAL,SF2/01/150gsm/2100mm/1200-1450,2026-10,0.258,0.105,0.132,0.165,0.0
SPAL,SF2/01/150gsm/2290mm/1200-1450,2026-10,0.258,0.105,0.132,0.165,0.0
SPAL,SF2/01/150gsm/2440mm/1200-1450,2026-10,0.361,0.164,0.536,0.354,0.0
SPAL,SF2/01/160gsm/1790mm/1200-1400,2026-10,0.34,0.29,0.618,0.416,0.0
SPAL,SF2/01/160gsm/1990mm/1200-1450,2026-10,0.34,0.29,0.478,0.369,0.0
SPAL,SF2/01/160gsm/2090mm/1200-1450,2026-10,0.444,0.396,0.582,0.474,0.0
SPAL,SF2/01/160gsm/2290mm/1200-1450,2026-10,0.258,0.105,0.132,0.165,0.0
SPAL,SF2/01/160gsm/2300mm/1200-1400,2026-10,0.258,0.091,0.06,0.136,0.0
SPAL,SF2/01/160gsm/2440mm/1200-1450,2026-10,0.258,0.09,0.05,0.132,0.0
SPAL,TCH/40/140gsm/2300mm/1200-1450,2026-10,0.547,0.359,0.394,0.433,0.0
SPAL,TCH/40/140gsm/2450mm/1200-1450,2026-10,1.656,1.429,1.082,1.389,0.511
SPAL,TCH/43/135gsm/2450mm/1200-1450,2026-10,0.258,0.087,0.049,0.131,0.0
SPAL,TCH/43/150gsm/1800mm/1200-1450,2026-10,2.709,3.107,1.967,2.595,2.767
SPAL,TCH/43/150gsm/2000mm/1200-1450,2026-10,5.997,5.945,5.388,5.777,3.74
SPAL,TCH/43/150gsm/2450mm/1200-1450,2026-10,2.687,2.553,1.729,2.323,0.0
SPAL,TCH/43/180gsm/1870mm/1200-1450,2026-10,0.53,0.402,0.478,0.47,0.0
SPAL,TCH/49/150gsm/2000mm/1200-1450,2026-10,0.361,0.164,0.536,0.354,0.0
SPAL,TCH/49/150gsm/2100mm/1200-1450,2026-10,0.361,0.164,0.536,0.354,0.0
SPAL,TCH/49/150gsm/2300mm/1200-1450,2026-10,0.361,0.164,0.536,0.354,0.0
SPAL,TCH/49/150gsm/2450mm/1200-1450,2026-10,0.361,0.164,0.536,0.354,0.0
SPAL,TCH/49/180gsm/2100mm/1200-1450,2026-10,0.258,0.087,0.039,0.128,0.0
SPAL,TCL/41/165gsm/1800mm/1200-1450,2026-10,0.325,0.22,0.427,0.324,0.0
SPAL,TCL/41/165gsm/2000mm/1200-1450,2026-10,0.896,0.797,1.073,0.922,0.0
SPAL,TCL/41/165gsm/2030mm/1200-1450,2026-10,0.516,0.436,0.368,0.44,0.0
SPAL,TCL/41/165gsm/2300mm/1200-1450,2026-10,3.817,3.312,3.832,3.654,0.597
SPAL,TCL/41/165gsm/2350mm/1200-1450,2026-10,0.456,0.38,0.442,0.426,0.0
SPAL,TCL/41/165gsm/2440mm/1200-1450,2026-10,0.689,1.135,0.456,0.76,0.0
SPAL,TCL/41/165gsm/2450mm/1200-1450,2026-10,4.181,3.269,3.709,3.72,2.168
SPAL,TSL/01/100gsm/1800mm/1200-1400,2026-10,85.039,90.414,88.28,87.911,78.692
SPAL,TSL/01/100gsm/2000mm/1200-1400,2026-10,57.168,57.316,53.615,56.033,55.722
SPAL,TSL/01/100gsm/2100mm/1200-1400,2026-10,72.73,77.044,76.4,75.391,74.569
SPAL,TSL/01/100gsm/2300mm/1200-1400,2026-10,119.33,116.964,117.175,117.823,115.99
SPAL,TSL/01/100gsm/2450mm/1200-1400,2026-10,105.923,111.67,105.144,107.579,105.599
SPAL,TSL/01/125gsm/1800mm/1200-1450,2026-10,56.327,58.65,60.797,58.591,51.344
SPAL,TSL/01/125gsm/1800mm/1200-1450/Subst.,2026-10,0.258,0.09,0.05,0.132,0.0
SPAL,TSL/01/125gsm/1850mm/1200-1450,2026-10,0.258,0.09,0.05,0.132,0.0
SPAL,TSL/01/125gsm/2000mm/1200-1450,2026-10,96.605,108.224,95.452,100.093,134.586
SPAL,TSL/01/125gsm/2000mm/1200-1450/Subst.,2026-10,0.406,0.359,0.618,0.461,0.0
SPAL,TSL/01/125gsm/2050mm/1200-1450,2026-10,0.258,0.091,0.06,0.136,0.0
SPAL,TSL/01/125gsm/2100mm/1200-1450,2026-10,84.911,87.862,86.018,86.263,78.871
SPAL,TSL/01/125gsm/2100mm/1200-1450/Subst.,2026-10,0.258,0.151,0.241,0.217,0.0
SPAL,TSL/01/125gsm/2150mm/1200-1450,2026-10,0.258,0.09,0.052,0.133,0.0
SPAL,TSL/01/125gsm/2250mm/1200-1450,2026-10,0.293,0.23,0.327,0.283,0.0
SPAL,TSL/01/125gsm/2300mm/1200-1450,2026-10,128.438,131.29,128.828,129.519,124.554
SPAL,TSL/01/125gsm/2300mm/1200-1450/Subst.,2026-10,5.89,5.963,5.299,5.717,3.726
SPAL,TSL/01/125gsm/2370mm/1200-1450,2026-10,0.258,0.09,0.052,0.133,0.0
SPAL,TSL/01/125gsm/2450mm/1200-1450,2026-10,104.646,105.792,116.948,109.129,81.401
SPAL,TSL/01/125gsm/2450mm/1200-1450/Subst.,2026-10,0.34,0.243,0.242,0.275,0.0
SPAL,TSL/01/150gsm/2100mm/1200-1400,2026-10,0.258,0.09,0.05,0.132,0.0
SPAL,TSL/01/80gsm/1800mm/1200-1450,2026-10,3.525,3.882,4.164,3.857,1.264
SPAL,TSL/01/80gsm/2000mm/1200-1450,2026-10,20.384,22.304,21.342,21.343,19.055
SPAL,TSL/01/80gsm/2100mm/1200-1450,2026-10,7.304,7.708,7.972,7.661,3.288
SPAL,TSL/01/80gsm/2300mm/1200-1450,2026-10,21.803,22.439,21.924,22.055,20.003
SPAL,TSL/01/80gsm/2450mm/1200-1450,2026-10,24.265,25.238,24.289,24.597,23.68
SPAL,TSL/01/85gsm/2000mm/1200-1450,2026-10,0.258,0.096,0.04,0.131,0.0
SPAL,TWTA1/01/125gsm/2450mm/1200-1450,2026-10,0.94,0.715,1.196,0.951,0.0
SPAL,TWTC1/51/135gsm/2000mm/1200-1450,2026-10,0.361,0.164,0.536,0.354,0.0
SPAL,TWTC1/51/135gsm/2100mm/1200-1450,2026-10,0.361,0.164,0.536,0.354,0.0
SPAL,TWTC1/51/135gsm/2300mm/1200-1450,2026-10,0.361,0.164,0.536,0.354,0.0
SPAL,TWTC1/51/135gsm/2450mm/1200-1450,2026-10,0.361,0.164,0.536,0.354,0.0
SPAL,TWTC2/51/115gsm/1800mm/1200-1450,2026-10,41.461,43.38,41.304,42.048,43.01
SPAL,TWTC2/51/115gsm/2000mm/1200-1450,2026-10,22.359,24.1,19.314,21.925,26.596
SPAL,TWTC2/51/115gsm/2100mm/1200-1450,2026-10,31.466,32.158,34.307,32.643,30.412
SPAL,TWTC2/51/115gsm/2300mm/1200-1450,2026-10,34.019,35.101,34.546,34.555,36.76
SPAL,TWTC2/51/115gsm/2450mm/1200-1450,2026-10,36.769,38.803,35.509,37.027,39.088
SPAL,TWTC2/51/120gsm/1800mm/1200-1350,2026-10,0.382,0.344,0.502,0.409,0.0
SPAL,TWTC2/51/120gsm/2370mm/1200-1450,2026-10,0.34,0.279,0.401,0.34,0.0
SPAL,TWTC2/51/120gsm/2450mm/1200-1350,2026-10,0.258,0.087,0.039,0.128,0.0
SQUA,FBG/263/140gsm/2450mm/1200-1450,2026-10,0.234,0.085,0.054,0.124,0.0
SQUA,HP1/01/190gsm/2030mm/1200-1450,2026-10,0.234,0.092,0.075,0.134,0.0
SQUA,HP1/01/190gsm/2200mm/1200-1450,2026-10,8.828,9.265,4.932,7.675,7.758
SQUA,HP1/01/190gsm/2450mm/1200-1450,2026-10,0.573,0.524,0.934,0.677,0.0
SQUA,HP2/01/105gsm/1990mm/1200-1400,2026-10,21.058,23.015,18.674,20.916,26.361
SQUA,HP2/01/105gsm/2190mm/1200-1400,2026-10,52.844,53.969,49.611,52.142,46.6
SQUA,HP2/01/105gsm/2440mm/1200-1400,2026-10,28.985,29.636,38.897,32.506,19.142
SQUA,HP2/01/105gsm/2440mm/1200-1400/Subst.,2026-10,0.531,0.418,0.648,0.532,0.0
SQUA,HP2/01/105gsm/2640mm/1200-1450,2026-10,16.773,17.339,15.689,16.6,18.565
SQUA,HP2/01/105gsm/2640mm/1200-1450/Subst.,2026-10,0.234,0.082,0.082,0.133,0.0
SQUA,HP2/01/105gsm/2790mm/1200-1400/Subst.,2026-10,0.234,0.082,0.082,0.133,0.0
SQUA,HP2/01/105gsm/2790mm/1200-1450,2026-10,23.372,22.445,22.272,22.696,19.371
SQUA,HP2/01/115gsm/1990mm/1200-1400,2026-10,28.438,29.46,27.094,28.331,27.766
SQUA,HP2/01/115gsm/2190mm/1200-1400,2026-10,28.172,28.794,30.471,29.146,22.313
SQUA,HP2/01/115gsm/2190mm/1200-1400/Subst.,2026-10,2.413,2.759,1.975,2.382,3.3
SQUA,HP2/01/115gsm/2440mm/1200-1400,2026-10,64.637,68.741,65.748,66.376,59.026
SQUA,HP2/01/115gsm/2440mm/1200-1400/Subst.,2026-10,0.312,0.221,0.465,0.333,0.0
SQUA,HP2/01/115gsm/2640mm/1200-1400/Subst.,2026-10,0.244,0.176,0.274,0.231,0.0
SQUA,HP2/01/115gsm/2640mm/1200-1450,2026-10,67.592,66.752,59.028,64.457,66.876
SQUA,HP2/01/115gsm/2790mm/1200-1400/Subst.,2026-10,2.617,3.339,1.629,2.528,4.202
SQUA,HP2/01/115gsm/2790mm/1200-1450,2026-10,163.757,173.071,160.346,165.725,162.608
SQUA,HP2/01/125gsm/1990mm/1200-1450,2026-10,57.122,60.432,57.949,58.501,58.038
SQUA,HP2/01/125gsm/1990mm/1200-1450/Subst.,2026-10,0.342,0.265,0.821,0.476,0.0
SQUA,HP2/01/125gsm/2190mm/1200-1450,2026-10,265.492,276.722,260.793,267.669,258.491
SQUA,HP2/01/125gsm/2190mm/1200-1450/Subst.,2026-10,1.056,1.129,0.919,1.035,1.782
SQUA,HP2/01/125gsm/2440mm/1200-1450,2026-10,147.43,149.233,147.629,148.097,126.988
SQUA,HP2/01/125gsm/2640mm/1200-1450,2026-10,61.947,63.419,59.113,61.493,59.329
SQUA,HP2/01/125gsm/2640mm/1200-1450/Subst.,2026-10,2.617,3.447,1.721,2.595,4.265
SQUA,HP2/01/125gsm/2790mm/1200-1450,2026-10,96.38,95.294,86.872,92.849,49.38
SQUA,HP2/01/125gsm/2790mm/1200-1450/Subst.,2026-10,0.694,0.647,1.066,0.802,0.0
SQUA,HP2/01/127gsm/2640mm/1200-1450,2026-10,45.418,46.647,42.83,44.965,35.005
SQUA,HP2/01/127gsm/2790mm/1200-1450,2026-10,177.264,163.938,172.42,171.207,210.788
SQUA,HP2/01/155gsm/1990mm/1200-1450,2026-10,135.001,139.621,132.76,135.794,158.643
SQUA,HP2/01/155gsm/1990mm/1200-1450/Subst.,2026-10,5.684,7.111,5.884,6.227,13.981
SQUA,HP2/01/155gsm/2190mm/1200-1450,2026-10,181.781,179.087,176.536,179.135,175.609
SQUA,HP2/01/155gsm/2190mm/1200-1450/Subst.,2026-10,0.915,0.977,0.879,0.923,1.716
SQUA,HP2/01/155gsm/2440mm/1200-1450,2026-10,205.779,221.501,215.566,214.282,204.177
SQUA,HP2/01/155gsm/2440mm/1200-1450/Subst.,2026-10,8.53,9.639,8.947,9.039,23.641
SQUA,HP2/01/155gsm/2640mm/1200-1450,2026-10,140.464,148.64,138.848,142.651,149.25
SQUA,HP2/01/155gsm/2640mm/1200-1450/Subst.,2026-10,5.06,5.472,5.125,5.219,10.574
SQUA,HP2/01/155gsm/2790mm/1200-1450,2026-10,276.696,292.001,279.686,282.794,288.578
SQUA,HP2/01/155gsm/2790mm/1200-1450/Subst.,2026-10,2.424,2.848,3.043,2.772,4.362
SQUA,HP2/01/160gsm/1990mm/1200-1450,2026-10,0.327,0.14,0.735,0.401,0.0
SQUA,HP2/01/160gsm/2190mm/1200-1450,2026-10,0.327,0.14,0.735,0.401,0.0
SQUA,HP2/01/160gsm/2190mm/1200-1450/Subst.,2026-10,0.327,0.14,0.735,0.401,0.0
SQUA,HP2/01/160gsm/2440mm/1200-1450,2026-10,0.327,0.14,0.735,0.401,0.0
SQUA,HP2/01/160gsm/2440mm/1200-1450/Subst.,2026-10,0.327,0.14,0.735,0.401,0.0
SQUA,HP2/01/160gsm/2640mm/1200-1450,2026-10,0.327,0.14,0.735,0.401,0.0
SQUA,HP2/01/160gsm/2640mm/1200-1450/Subst.,2026-10,0.234,0.083,0.092,0.136,0.0
SQUA,HP2/01/160gsm/2645mm/1200-1450/Subst.,2026-10,0.234,0.083,0.092,0.136,0.0
SQUA,HP2/01/160gsm/2790mm/1200-1450,2026-10,0.327,0.14,0.735,0.401,0.0
SQUA,HP2/01/160gsm/2790mm/1200-1450/Subst.,2026-10,0.234,0.08,0.069,0.127,0.0
SQUA,HP2/01/160gsm/2795mm/1200-1450/Subst.,2026-10,0.234,0.082,0.082,0.133,0.0
SQUA,K/01/110gsm/2200mm/1200-1450,2026-10,0.234,0.084,0.058,0.125,0.0
SQUA,K/01/110gsm/2450mm/1200-1250,2026-10,1.544,1.394,0.933,1.29,0.0
SQUA,K/01/110gsm/2450mm/1200-1450,2026-10,0.312,0.264,0.44,0.339,0.0
SQUA,K/01/125gsm/2000mm/1200-1450,2026-10,7.961,8.022,7.386,7.79,11.325
SQUA,K/01/125gsm/2200mm/1200-1450,2026-10,32.209,32.983,33.634,32.942,26.182
SQUA,K/01/125gsm/2300mm/1200-1450,2026-10,0.327,0.14,0.735,0.401,0.0
SQUA,K/01/125gsm/2450mm/1200-1450,2026-10,9.605,9.964,10.316,9.961,6.158
SQUA,K/01/125gsm/2650mm/1200-1450,2026-10,6.885,6.825,6.101,6.604,9.563
SQUA,K/01/125gsm/2800mm/1200-1450,2026-10,16.133,15.731,12.718,14.861,8.725
SQUA,K/01/135gsm/2800mm/1200-1450,2026-10,8.749,8.848,8.419,8.672,5.72
SQUA,K/01/160gsm/2000mm/1200-1450,2026-10,15.546,17.668,16.212,16.475,23.166
SQUA,K/01/160gsm/2200mm/1200-1450,2026-10,51.165,54.942,51.149,52.418,65.441
SQUA,K/01/160gsm/2450mm/1200-1250,2026-10,0.322,0.36,0.605,0.429,0.0
SQUA,K/01/160gsm/2450mm/1200-1450,2026-10,49.176,54.692,50.556,51.475,54.32
SQUA,K/01/160gsm/2650mm/1200-1450,2026-10,8.209,8.41,7.812,8.144,8.993
SQUA,K/01/160gsm/2800mm/1200-1450,2026-10,28.142,27.11,25.129,26.794,18.159
SQUA,K/01/275gsm/2200mm/1200-1450,2026-10,2.537,2.309,2.634,2.493,0.804
SQUA,K/01/275gsm/2450mm/1200-1450,2026-10,1.091,1.38,1.735,1.402,0.0
SQUA,K/01/275gsm/2650mm/1200-1450,2026-10,0.32,0.301,0.475,0.365,0.0
SQUA,KS/257/195gsm/2000mm/1200-1450,2026-10,99.208,105.833,100.937,101.993,111.678
SQUA,KS/257/195gsm/2200mm/1200-1450,2026-10,116.109,119.899,123.494,119.834,112.245
SQUA,KS/257/195gsm/2230mm/1200-1450,2026-10,0.234,0.094,0.077,0.135,0.0
SQUA,KS/257/195gsm/2450mm/1200-1450,2026-10,45.469,46.633,45.809,45.97,39.945
SQUA,KS/257/195gsm/2650mm/1200-1450,2026-10,28.525,29.321,27.687,28.511,34.174
SQUA,KS/257/195gsm/2800mm/1200-1450,2026-10,46.376,47.233,42.959,45.523,60.091
SQUA,KS/257/215gsm/2450mm/1200-1450,2026-10,0.234,0.084,0.06,0.126,0.0
SQUA,KS/257/245gsm/1800mm/1200-1450,2026-10,0.327,0.14,0.735,0.401,0.0
SQUA,KS/257/245gsm/2000mm/1200-1450,2026-10,0.327,0.14,0.735,0.401,0.0
SQUA,KS/257/245gsm/2100mm/1200-1450,2026-10,0.327,0.14,0.735,0.401,0.0
SQUA,KS/257/245gsm/2200mm/1200-1450,2026-10,0.327,0.14,0.735,0.401,0.0
SQUA,KS/257/245gsm/2450mm/1200-1450,2026-10,0.327,0.14,0.735,0.401,0.0
SQUA,KS/257/245gsm/2470mm/1200-1450,2026-10,0.234,0.094,0.077,0.135,0.0
SQUA,KS/257/245gsm/2650mm/1200-1450,2026-10,94.024,107.13,95.566,98.906,110.205
SQUA,KS/257/245gsm/2800mm/1200-1450,2026-10,51.224,54.548,56.932,54.235,35.371
SQUA,KW2/01/115gsm/2000mm/1200-1450,2026-10,23.775,23.872,24.649,24.099,15.913
SQUA,KW2/01/115gsm/2200mm/1200-1450,2026-10,55.528,55.511,52.47,54.503,53.679
SQUA,KW2/01/115gsm/2300mm/1200-1450,2026-10,0.737,0.675,0.387,0.6,0.0
SQUA,KW2/01/115gsm/2450mm/1200-1450,2026-10,55.528,56.655,54.637,55.607,51.921
SQUA,KW2/01/115gsm/2650mm/1200-1250,2026-10,13.92,12.241,11.733,12.631,2.942
SQUA,KW2/01/115gsm/2650mm/1200-1450,2026-10,44.232,47.483,45.832,45.849,49.936
SQUA,KW2/01/115gsm/2800mm/1200-1250,2026-10,13.633,12.219,15.091,13.648,3.035
SQUA,KW2/01/115gsm/2800mm/1200-1450,2026-10,84.639,88.942,83.33,85.637,82.418
SQUA,KW2/01/125gsm/2650mm/1200-1450,2026-10,0.485,0.336,0.595,0.472,0.0
SQUA,KW2/01/125gsm/2800mm/1200-1450,2026-10,0.725,0.671,0.38,0.592,0.0
SQUA,KW2/01/160gsm/2000mm/1200-1450,2026-10,13.623,13.554,12.63,13.269,19.255
SQUA,KW2/01/160gsm/2200mm/1200-1450,2026-10,50.963,52.9,55.595,53.153,41.69
SQUA,KW2/01/160gsm/2450mm/1200-1250,2026-10,0.312,0.299,0.781,0.464,0.0
SQUA,KW2/01/160gsm/2450mm/1200-1450,2026-10,43.521,44.832,44.165,44.173,37.448
SQUA,KW2/01/160gsm/2650mm/1200-1450,2026-10,48.814,49.931,44.687,47.811,56.713
SQUA,KW2/01/160gsm/2800mm/1200-1450,2026-10,45.469,47.141,44.455,45.688,42.596
SQUA,KWT/01/135gsm/2000mm/1200-1450,2026-10,0.234,0.082,0.088,0.135,0.0
SQUA,KWT/01/135gsm/2450mm/1200-1450,2026-10,0.327,0.14,0.735,0.401,0.0
SQUA,KWT/01/160gsm/2200mm/1200-1450,2026-10,5.505,5.739,5.969,5.738,1.478
SQUA,KWT/01/160gsm/2450mm/1200-1450,2026-10,6.365,6.397,6.144,6.302,7.197
SQUA,RF1/01/100gsm/1990mm/1200-1450,2026-10,23.304,24.477,21.596,23.126,23.368
SQUA,RF1/01/100gsm/2190mm/1200-1450,2026-10,85.258,95.3,85.106,88.555,93.523
SQUA,RF1/01/100gsm/2440mm/1200-1450,2026-10,103.129,107.926,101.326,104.127,96.049
SQUA,RF1/01/100gsm/2640mm/1200-1450,2026-10,65.218,64.58,66.079,65.292,53.03
SQUA,RF1/01/100gsm/2790mm/1200-1450,2026-10,200.962,213.108,190.157,201.409,206.754
SQUA,RF1/01/80gsm/1990mm/1200-1450,2026-10,46.692,48.295,45.536,46.841,46.491
SQUA,RF1/01/80gsm/2190mm/1200-1450,2026-10,63.614,65.147,62.456,63.739,58.209
SQUA,RF1/01/80gsm/2440mm/1200-1450,2026-10,57.851,58.917,62.933,59.9,39.832
SQUA,RF1/01/80gsm/2640mm/1200-1450,2026-10,15.225,15.952,14.509,15.228,11.217
SQUA,RF1/01/80gsm/2790mm/1200-1450,2026-10,22.287,24.212,23.666,23.388,24.275
SQUA,T1/01/200gsm/1800mm/1200-1450,2026-10,0.327,0.14,0.735,0.401,0.0
SQUA,T1/01/250gsm/2000mm/1200-1450,2026-10,46.133,47.416,43.181,45.577,51.19
SQUA,T1/01/250gsm/2200mm/1200-1450,2026-10,65.957,69.187,64.188,66.444,69.451
SQUA,T1/01/250gsm/2450mm/1200-1450,2026-10,93.251,100.934,96.755,96.98,100.279
SQUA,TCH/40/140gsm/1800mm/1200-1450,2026-10,0.327,0.14,0.735,0.401,0.0
SQUA,TCH/40/140gsm/2000mm/1200-1450,2026-10,19.681,20.713,19.844,20.079,17.381
SQUA,TCH/40/140gsm/2200mm/1200-1450,2026-10,57.497,58.825,54.295,56.872,61.722
SQUA,TCH/40/140gsm/2450mm/1200-1450,2026-10,34.704,34.979,31.926,33.87,32.762
SQUA,TCH/40/140gsm/2650mm/1200-1450,2026-10,36.092,35.931,31.383,34.469,30.509
SQUA,TCH/40/140gsm/2800mm/1200-1450,2026-10,58.053,56.979,50.552,55.195,53.551
SQUA,TCH/40/160gsm/2450mm/1200-1450,2026-10,0.312,0.221,0.425,0.32,0.0
SQUA,TCH/40/180gsm/2800mm/1200-1450,2026-10,7.748,8.027,8.527,8.101,8.614
SQUA,TCH/43/135gsm/2200mm/1200-1450,2026-10,0.327,0.14,0.735,0.401,0.0
SQUA,TCH/43/135gsm/2800mm/1200-1450,2026-10,0.327,0.14,0.735,0.401,0.0
SQUA,THP/01/125gsm/2200mm/1200-1450,2026-10,0.234,0.092,0.075,0.134,0.0
SQUA,THP/01/125gsm/2450mm/1200-1450,2026-10,0.234,0.092,0.075,0.134,0.0
SQUA,THP/01/125gsm/2650mm/1200-1450,2026-10,0.234,0.092,0.075,0.134,0.0
SQUA,THP/01/125gsm/2800mm/1200-1450,2026-10,0.234,0.092,0.075,0.134,0.0
SQUA,TSL/01/100gsm/1800mm/1200-1400,2026-10,0.327,0.14,0.735,0.401,0.0
SQUA,TSL/01/100gsm/2000mm/1200-1400,2026-10,3.043,2.786,2.469,2.766,3.08
SQUA,TSL/01/100gsm/2200mm/1200-1400,2026-10,8.666,8.724,9.21,8.867,5.588
SQUA,TSL/01/100gsm/2450mm/1200-1400,2026-10,21.518,22.364,20.818,21.567,18.664
SQUA,TSL/01/100gsm/2650mm/1200-1450,2026-10,23.156,23.168,23.297,23.207,17.646
SQUA,TSL/01/100gsm/2800mm/1200-1450,2026-10,51.101,51.715,47.714,50.177,44.224
SQUA,TSL/01/110gsm/2000mm/1200-1400/Subst.,2026-10,0.327,0.14,0.735,0.401,0.0
SQUA,TSL/01/110gsm/2200mm/1200-1400/Subst.,2026-10,0.234,0.083,0.092,0.136,0.0
SQUA,TSL/01/110gsm/2800mm/1200-1400/Subst.,2026-10,0.234,0.083,0.092,0.136,0.0
SQUA,TSL/01/125gsm/2000mm/1200-1450,2026-10,29.211,29.745,27.264,28.74,37.479
SQUA,TSL/01/125gsm/2000mm/1200-1450/Subst.,2026-10,0.457,0.429,0.468,0.451,0.0
SQUA,TSL/01/125gsm/2200mm/1200-1450,2026-10,71.335,76.351,70.071,72.586,78.123
SQUA,TSL/01/125gsm/2200mm/1200-1450/Subst.,2026-10,1.06,1.144,0.962,1.055,1.639
SQUA,TSL/01/125gsm/2250mm/1200-1450/Subst.,2026-10,0.234,0.082,0.082,0.133,0.0
SQUA,TSL/01/125gsm/2450mm/1200-1450,2026-10,90.139,87.673,84.368,87.393,72.417
SQUA,TSL/01/125gsm/2450mm/1200-1450/Subst.,2026-10,7.503,8.223,10.104,8.61,16.623
SQUA,TSL/01/125gsm/2650mm/1200-1450,2026-10,58.091,60.55,56.207,58.283,59.417
SQUA,TSL/01/125gsm/2650mm/1200-1450/Subst.,2026-10,0.234,0.08,0.069,0.127,0.0
SQUA,TSL/01/125gsm/2800mm/1200-1450,2026-10,203.407,222.998,202.01,209.472,244.036
SQUA,TSL/01/125gsm/2800mm/1200-1450/Subst.,2026-10,0.389,0.364,0.932,0.562,0.0
SQUA,TSL/01/150gsm/2200mm/1200-1400,2026-10,22.809,22.367,22.053,22.41,17.65
SQUA,TSL/01/150gsm/2200mm/1200-1400/Subst.,2026-10,0.234,0.083,0.092,0.136,0.0
SQUA,TSL/01/80gsm/2450mm/1200-1450,2026-10,0.462,0.404,0.706,0.524,0.0
SQUA,TW2000/51/115gsm/2000mm/1200-1450,2026-10,13.304,13.738,12.276,13.106,11.106
SQUA,TW2000/51/115gsm/2200mm/1200-1450,2026-10,18.903,20.421,17.985,19.103,19.81
SQUA,TW2000/51/115gsm/2450mm/1200-1450,2026-10,21.638,24.3,19.479,21.805,25.059
SQUA,TW2000/51/115gsm/2650mm/1200-1450,2026-10,31.005,33.24,28.95,31.065,34.894
SQUA,TW2000/51/115gsm/2800mm/1200-1450,2026-10,19.881,19.865,18.193,19.313,17.172
SQUA,TW2000/51/120gsm/2000mm/1200-1450,2026-10,1.051,0.97,0.628,0.883,0.0
SQUA,TW2000/51/120gsm/2200mm/1200-1450,2026-10,0.962,1.145,0.494,0.867,0.0
SQUA,TW2000/51/120gsm/2450mm/1200-1450,2026-10,0.959,1.236,0.601,0.932,0.0
SQUA,TW2000/51/120gsm/2650mm/1200-1450,2026-10,0.959,1.236,0.659,0.951,0.0
SQUA,TW2000/51/120gsm/2800mm/1200-1450,2026-10,0.928,1.225,0.508,0.887,0.0
SQUA,TWTA1/01/125gsm/2200mm/1200-1450,2026-10,0.723,0.522,0.638,0.628,0.0
SQUA,TWTA1/01/125gsm/2800mm/1200-1450,2026-10,4.989,4.956,4.403,4.783,3.726
STTA,K/01/110gsm/1800mm/1200-1450,2026-10,0.409,0.353,0.251,0.338,0.0
STTA,K/01/110gsm/1955mm/1200-1450,2026-10,1.991,2.041,3.088,2.373,0.0
STTA,K/01/110gsm/2000mm/1200-1250,2026-10,0.803,0.668,0.902,0.791,0.0
STTA,K/01/110gsm/2200mm/1200-1250,2026-10,0.285,0.135,0.087,0.169,0.0
STTA,K/01/110gsm/2200mm/1200-1450,2026-10,0.832,0.725,1.17,0.909,0.0
STTA,K/01/110gsm/2300mm/1200-1250,2026-10,0.399,0.266,0.906,0.523,0.0
STTA,K/01/110gsm/2450mm/1200-1250,2026-10,3.682,2.801,3.808,3.43,0.0
STTA,K/01/115gsm/2000mm/1200-1450,2026-10,0.285,0.139,0.104,0.176,0.0
STTA,K/01/125gsm/1955mm/1200-1450,2026-10,0.285,0.131,0.086,0.167,0.0
STTA,K/01/125gsm/2000mm/1200-1450,2026-10,3.887,4.499,4.304,4.23,0.0
STTA,K/01/125gsm/2050mm/1200-1450,2026-10,0.285,0.135,0.087,0.169,0.0
STTA,K/01/125gsm/2250mm/1200-1450,2026-10,0.285,0.137,0.166,0.196,0.0
STTA,K/01/125gsm/2450mm/1200-1250,2026-10,0.399,0.266,0.906,0.523,0.0
STTA,K/01/125gsm/2450mm/1200-1450,2026-10,0.285,0.131,0.086,0.167,0.0
STTA,K/01/135gsm/1800mm/1200-1450,2026-10,1.574,1.491,2.208,1.758,0.0
STTA,K/01/135gsm/2100mm/1200-1450,2026-10,41.38,46.237,41.727,43.115,56.18
STTA,K/01/135gsm/2200mm/1200-1250,2026-10,0.285,0.131,0.103,0.173,0.0
STTA,K/01/135gsm/2200mm/1200-1450,2026-10,19.419,19.618,13.834,17.624,17.195
STTA,K/01/135gsm/2220mm/1200-1450,2026-10,0.285,0.131,0.103,0.173,0.0
STTA,K/01/135gsm/2300mm/1200-1450,2026-10,0.399,0.274,0.956,0.543,0.0
STTA,K/01/135gsm/2450mm/1200-1250,2026-10,30.349,30.774,31.557,30.893,17.54
STTA,K/01/135gsm/2450mm/1200-1450,2026-10,45.603,66.693,58.875,57.057,79.76
STTA,K/01/160gsm/1200mm/1200-1450,2026-10,0.285,0.131,0.155,0.19,0.0
STTA,K/01/160gsm/1600mm/1200-1450,2026-10,0.489,0.486,0.458,0.478,0.0
STTA,K/01/160gsm/1690mm/1200-1450,2026-10,0.562,0.621,0.856,0.68,0.0
STTA,K/01/160gsm/1800mm/1200-1450,2026-10,0.298,0.265,0.368,0.31,0.0
STTA,K/01/160gsm/1890mm/1200-1450,2026-10,0.782,0.772,1.354,0.97,0.0
STTA,K/01/160gsm/2000mm/1200-1450,2026-10,0.314,0.251,0.22,0.262,0.0
STTA,K/01/160gsm/2050mm/1200-1450,2026-10,0.285,0.131,0.086,0.167,0.0
STTA,K/01/160gsm/2130mm/1200-1450,2026-10,0.285,0.131,0.086,0.167,0.0
STTA,K/01/160gsm/2150mm/1200-1450,2026-10,1.057,1.313,1.572,1.314,0.0
STTA,K/01/160gsm/2250mm/1200-1450,2026-10,1.9,1.8,2.355,2.018,0.0
STTA,K/01/160gsm/2430mm/1200-1450,2026-10,0.285,0.131,0.086,0.167,0.0
STTA,K/01/160gsm/2440mm/1200-1250,2026-10,0.285,0.278,0.398,0.32,0.0
STTA,K/01/160gsm/2450mm/1200-1450,2026-10,5.735,6.37,4.37,5.492,10.022
STTA,K/01/160gsm/2500mm/1200-1250,2026-10,0.285,0.139,0.1,0.175,0.0
STTA,K/01/170gsm/1250mm/1200-1450,2026-10,0.383,0.363,0.341,0.362,0.0
STTA,K/01/170gsm/2450mm/1200-1450,2026-10,0.399,0.266,0.906,0.523,0.0
STTA,K/01/186gsm/1200mm/1200-1450,2026-10,6.575,5.607,6.806,6.329,0.0
STTA,K/01/200gsm/1850mm/1200-1450,2026-10,0.285,0.136,0.082,0.168,0.0
STTA,K/01/225gsm/1800mm/1200-1450,2026-10,0.285,0.135,0.088,0.169,0.0
STTA,K/01/225gsm/1850mm/1200-1450,2026-10,1.601,1.481,2.252,1.778,0.0
STTA,K/01/225gsm/1955mm/1200-1450,2026-10,3.378,2.803,3.991,3.391,0.0
STTA,K/01/225gsm/2000mm/1200-1450,2026-10,0.298,0.288,0.321,0.302,0.0
STTA,K/01/225gsm/2050mm/1200-1450,2026-10,0.571,0.487,0.881,0.646,0.0
STTA,K/01/225gsm/2150mm/1200-1450,2026-10,1.776,1.467,2.533,1.925,0.0
STTA,K/01/225gsm/2200mm/1200-1450,2026-10,0.285,0.136,0.082,0.168,0.0
STTA,K/01/225gsm/2250mm/1200-1450,2026-10,0.382,0.364,0.301,0.349,0.0
STTA,K/01/225gsm/2350mm/1200-1450,2026-10,0.285,0.131,0.086,0.167,0.0
STTA,K/01/225gsm/2370mm/1200-1450,2026-10,4.818,3.653,4.402,4.291,0.0
STTA,K/01/225gsm/2450mm/1200-1450,2026-10,7.112,9.679,9.243,8.678,18.25
STTA,K/01/275gsm/1200mm/1200-1450,2026-10,4.932,5.396,4.292,4.873,7.35
STTA,K/01/275gsm/1640mm/1200-1450,2026-10,0.317,0.311,0.493,0.374,0.0
STTA,K/01/275gsm/1800mm/1200-1450,2026-10,3.407,2.145,3.318,2.957,0.0
STTA,K/01/275gsm/2100mm/1200-1450,2026-10,0.285,0.135,0.088,0.169,0.0
STTA,K/01/275gsm/2150mm/1200-1350,2026-10,0.285,0.163,0.188,0.212,0.0
STTA,K/01/275gsm/2150mm/1200-1450,2026-10,0.383,0.368,0.452,0.401,0.0
STTA,K/01/275gsm/2200mm/1200-1450,2026-10,0.285,0.135,0.087,0.169,0.0
STTA,K/01/275gsm/2300mm/1200-1450,2026-10,0.285,0.135,0.088,0.169,0.0
STTA,K/01/275gsm/2370mm/1200-1450,2026-10,1.666,1.644,2.8,2.037,0.0
STTA,K/01/275gsm/2450mm/1200-1450,2026-10,0.399,0.266,0.906,0.523,0.0
STTA,K/01/400gsm/1980mm/1200-1450,2026-10,0.285,0.131,0.086,0.167,0.0
STTA,K/01/400gsm/2450mm/1200-1450,2026-10,0.35,0.285,0.241,0.292,0.0
STTA,K/01/85gsm/950mm/1200-1450,2026-10,0.358,0.282,0.146,0.262,0.0
STTA,KCH/01/155gsm/1850mm/1200-1450,2026-10,0.399,0.266,0.906,0.523,0.0
STTA,KCH/264/135gsm/1850mm/1200-1450,2026-10,0.79,0.717,0.781,0.763,0.0
STTA,KCH/264/135gsm/1955mm/1200-1450,2026-10,8.045,7.865,9.342,8.417,4.396
STTA,KCH/264/135gsm/2000mm/1200-1450,2026-10,1.805,1.287,1.682,1.591,0.0
STTA,KCH/264/135gsm/2150mm/1200-1450,2026-10,0.56,0.542,0.661,0.588,0.0
STTA,KCH/264/135gsm/2200mm/1200-1450,2026-10,3.617,1.982,2.462,2.687,0.0
STTA,KCH/264/135gsm/2250mm/1200-1450,2026-10,3.026,2.739,1.709,2.491,0.0
STTA,KCH/264/135gsm/2300mm/1200-1450,2026-10,7.488,5.359,11.291,8.046,0.0
STTA,KCH/264/145gsm/1850mm/1200-1450,2026-10,1.164,0.727,0.949,0.946,0.0
STTA,KCH/264/145gsm/2100mm/1200-1450,2026-10,1.175,1.151,1.868,1.398,0.0
STTA,KCH/264/145gsm/2200mm/1200-1450,2026-10,0.409,0.34,0.265,0.338,0.0
STTA,KCL/134/145gsm/1800mm/1200-1450,2026-10,0.285,0.131,0.103,0.173,0.0
STTA,KCL/134/145gsm/1850mm/1200-1450,2026-10,2.025,1.98,1.594,1.866,2.011
STTA,KCL/134/145gsm/2000mm/1200-1450,2026-10,4.554,5.634,3.832,4.673,4.348
STTA,KCL/134/145gsm/2050mm/1200-1450,2026-10,0.399,0.266,0.906,0.523,0.0
STTA,KCL/134/145gsm/2100mm/1200-1450,2026-10,14.422,16.799,13.644,14.955,15.961
STTA,KCL/134/145gsm/2150mm/1200-1450,2026-10,0.603,0.633,0.996,0.744,0.0
STTA,KCL/134/145gsm/2200mm/1200-1450,2026-10,15.472,17.157,13.746,15.458,14.568
STTA,KCL/134/145gsm/2250mm/1200-1450,2026-10,1.595,1.535,2.325,1.818,0.0
STTA,KCL/134/145gsm/2300mm/1200-1450,2026-10,1.987,1.753,1.999,1.913,0.0
STTA,KCL/134/145gsm/2370mm/1200-1450,2026-10,1.589,2.252,2.814,2.218,0.0
STTA,KCL/134/145gsm/2450mm/1200-1450,2026-10,0.383,0.416,0.48,0.426,0.0
STTA,KCL/134/145gsm/2500mm/1200-1450,2026-10,2.535,2.854,3.538,2.976,0.0
STTA,KCL/134/160gsm/2100mm/1200-1450,2026-10,0.285,0.131,0.086,0.167,0.0
STTA,KS/257/115gsm/2000mm/1200-1450,2026-10,0.498,0.522,0.776,0.599,0.0
STTA,KS/257/115gsm/2450mm/1200-1450,2026-10,0.399,0.387,0.877,0.555,0.0
STTA,KW2/01/115gsm/1850mm/1200-1450,2026-10,6.81,5.963,9.92,7.564,0.0
STTA,KW2/01/115gsm/2100mm/1200-1450,2026-10,20.451,21.22,17.366,19.679,25.405
STTA,KW2/01/125gsm/1850mm/1200-1450,2026-10,0.285,0.163,0.188,0.212,0.0
STTA,KW2/01/125gsm/1955mm/1200-1450,2026-10,0.285,0.137,0.166,0.196,0.0
STTA,KW2/01/125gsm/2450mm/1200-1250,2026-10,0.63,0.54,0.835,0.668,0.0
STTA,KW2/01/125gsm/2450mm/1200-1450,2026-10,3.577,3.472,3.614,3.554,0.0
STTA,KW2/01/135gsm/1800mm/1200-1450,2026-10,0.285,0.139,0.091,0.172,0.0
STTA,KW2/01/135gsm/2100mm/1200-1450,2026-10,1.721,1.883,2.467,2.024,0.0
STTA,KW2/01/135gsm/2250mm/1200-1450,2026-10,0.995,0.848,1.079,0.974,0.0
STTA,KW2/01/160gsm/1800mm/1200-1450,2026-10,7.566,8.319,6.646,7.51,7.09
STTA,KW2/01/160gsm/1900mm/1200-1450,2026-10,0.969,0.837,1.204,1.003,0.0
STTA,KW2/01/160gsm/1955mm/1200-1450,2026-10,7.69,9.181,11.255,9.375,10.44
STTA,KW2/01/160gsm/2050mm/1200-1450,2026-10,1.368,1.561,1.552,1.494,0.0
STTA,KW2/01/160gsm/2150mm/1200-1450,2026-10,0.564,0.541,0.839,0.648,0.0
STTA,KW2/01/160gsm/2250mm/1200-1450,2026-10,34.79,35.95,24.565,31.768,47.59
STTA,KW2/01/160gsm/2300mm/1200-1450,2026-10,18.203,18.993,16.013,17.736,26.99
STTA,KW2/01/160gsm/2370mm/1200-1450,2026-10,6.591,5.155,10.094,7.28,0.0
STTA,KW2/01/160gsm/2450mm/1200-1250,2026-10,2.844,2.507,1.582,2.311,0.0
STTA,KW2/01/160gsm/2450mm/1200-1450,2026-10,1.494,1.32,2.289,1.701,0.0
STTA,KW2/01/160gsm/2500mm/1200-1450,2026-10,25.848,30.217,28.295,28.12,22.93
STTA,KWT/01/115gsm/1830mm/1200-1450,2026-10,0.285,0.134,0.111,0.177,0.0
STTA,KWT/01/115gsm/1850mm/1200-1450,2026-10,1.309,0.91,1.582,1.267,0.0
STTA,KWT/01/115gsm/2100mm/1200-1450,2026-10,0.285,0.135,0.088,0.169,0.0
STTA,KWT/01/115gsm/2300mm/1200-1450,2026-10,0.285,0.135,0.088,0.169,0.0
STTA,KWT/01/175gsm/2100mm/1200-1450,2026-10,0.285,0.163,0.188,0.212,0.0
STTA,T1/01/200gsm/2300mm/1200-1450,2026-10,1.204,0.762,0.966,0.977,0.0
STTA,TCH/40/130gsm/2450mm/1200-1450,2026-10,0.399,0.266,0.906,0.523,0.0
STTA,TCH/40/140gsm/2100mm/1200-1450,2026-10,0.285,0.131,0.103,0.173,0.0
STTA,TCH/40/140gsm/2200mm/1200-1450,2026-10,29.157,31.322,20.807,27.095,40.724
STTA,TCH/40/180gsm/2200mm/1200-1450,2026-10,0.285,0.168,0.283,0.245,0.0
STTA,TCH/43/135gsm/2000mm/1200-1450,2026-10,0.399,0.266,0.906,0.523,0.0
STTA,TCH/43/135gsm/2200mm/1200-1450,2026-10,2.374,2.367,1.85,2.197,1.439
STTA,TCH/43/135gsm/2450mm/1200-1450,2026-10,4.214,4.15,1.971,3.445,3.51
STTA,TCH/43/150gsm/1800mm/1200-1450,2026-10,5.305,4.871,6.841,5.672,0.0
STTA,TCH/43/150gsm/1850mm/1200-1450,2026-10,0.285,0.139,0.091,0.172,0.0
STTA,TCH/43/150gsm/1955mm/1200-1450,2026-10,0.799,0.659,0.834,0.764,0.0
STTA,TCH/43/150gsm/2150mm/1200-1450,2026-10,1.727,1.681,2.117,1.842,0.0
STTA,TCH/43/150gsm/2370mm/1200-1450,2026-10,8.257,6.152,13.788,9.399,0.0
STTA,TCH/49/140gsm/2250mm/1200-1450,2026-10,0.285,0.131,0.086,0.167,0.0
STTA,TCL/41/115gsm/2250mm/1200-1450,2026-10,0.285,0.131,0.086,0.167,0.0
STTA,TCL/41/115gsm/2330mm/1200-1450,2026-10,0.285,0.131,0.155,0.19,0.0
STTA,TCL/41/115gsm/2500mm/1200-1450,2026-10,0.399,0.266,0.906,0.523,0.0
STTA,TSL/01/100gsm/2100mm/1200-1400,2026-10,0.432,0.478,0.591,0.5,0.0
STTA,TSL/01/100gsm/2450mm/1200-1400,2026-10,0.285,0.139,0.111,0.178,0.0
STTA,TSL/01/110gsm/2450mm/1200-1400,2026-10,0.285,0.131,0.103,0.173,0.0
STTA,TSL/01/125gsm/1800mm/1200-1450,2026-10,0.399,0.266,0.906,0.523,0.0
STTA,TSL/01/125gsm/2000mm/1200-1450,2026-10,4.289,4.201,5.637,4.709,0.0
STTA,TSL/01/125gsm/2200mm/1200-1450,2026-10,0.285,0.135,0.087,0.169,0.0
STTA,TSL/01/125gsm/2300mm/1200-1450,2026-10,0.399,0.387,0.871,0.553,0.0
STTA,TSL/01/125gsm/2450mm/1200-1450,2026-10,0.703,0.589,0.819,0.704,0.0
STTA,TSL/01/130gsm/2450mm/1200-1400,2026-10,3.873,2.329,1.754,2.652,2.63
STTA,TSL/01/160gsm/1200mm/1200-1450,2026-10,0.779,0.743,1.08,0.867,0.0
STTA,TSL/01/80gsm/2200mm/1200-1450,2026-10,11.585,13.463,14.763,13.27,7.431
STTA,TWTA1/01/125gsm/1530mm/1200-1450,2026-10,36.745,38.524,39.951,38.407,31.014
STTA,TWTC1/51/125gsm/1530mm/1200-1450,2026-10,0.399,0.266,0.906,0.523,0.0
STTA,TWTC1/51/135gsm/2100mm/1200-1450,2026-10,0.399,0.266,0.906,0.523,0.0
STTA,TWTC1/51/135gsm/2300mm/1200-1450,2026-10,0.399,0.266,0.906,0.523,0.0
STTA,TWTC2/51/115gsm/2000mm/1200-1450,2026-10,8.114,9.004,6.622,7.913,12.506
STTA,TWTC2/51/115gsm/2250mm/1200-1350,2026-10,0.383,0.352,0.323,0.353,0.0
STTA,TWTC2/51/115gsm/2300mm/1200-1450,2026-10,4.365,3.996,4.351,4.237,0.0
STTA,TWTC2/51/115gsm/2450mm/1200-1450,2026-10,5.797,4.818,7.609,6.074,0.0
STTA,TWTC2/51/115gsm/2500mm/1200-1450,2026-10,0.409,0.346,0.257,0.337,0.0
STTA,TWTC2/51/120gsm/1250mm/1200-1350/SR,2026-10,0.703,0.549,0.694,0.649,0.0
STTA,TWTC2/51/120gsm/1650mm/1200-1450,2026-10,0.365,0.397,0.288,0.35,0.0
SVIG,HP2/01/105gsm/2190mm/1200-1400,2026-10,0.239,0.098,0.104,0.147,0.0
SVIG,HP2/01/105gsm/2440mm/1200-1400,2026-10,0.239,0.098,0.104,0.147,0.0
SVIG,HP2/01/115gsm/1790mm/1200-1400,2026-10,0.295,0.193,0.971,0.486,0.0
SVIG,HP2/01/115gsm/2190mm/1200-1400,2026-10,140.916,144.865,136.701,140.827,131.214
SVIG,HP2/01/115gsm/2440mm/1200-1400,2026-10,114.202,113.766,113.703,113.89,95.517
SVIG,HP2/01/125gsm/1990mm/1200-1450,2026-10,0.373,0.306,0.608,0.429,0.0
SVIG,HP2/01/125gsm/2190mm/1200-1450,2026-10,138.689,139.338,134.761,137.596,125.864
SVIG,HP2/01/125gsm/2440mm/1200-1450,2026-10,132.512,139.041,130.716,134.09,127.341
SVIG,HP2/01/125gsm/2440mm/1200-1450/Subst.,2026-10,0.239,0.098,0.104,0.147,0.0
SVIG,HP2/01/155gsm/1990mm/1200-1450,2026-10,17.089,19.857,17.895,18.28,11.73
SVIG,HP2/01/155gsm/1990mm/1200-1450/Subst.,2026-10,0.239,0.101,0.17,0.17,0.0
SVIG,HP2/01/155gsm/2190mm/1200-1450,2026-10,189.814,191.486,175.44,185.58,174.53
SVIG,HP2/01/155gsm/2190mm/1200-1450/Subst.,2026-10,0.239,0.101,0.17,0.17,0.0
SVIG,HP2/01/155gsm/2440mm/1200-1450,2026-10,173.273,173.992,158.79,168.685,183.353
SVIG,HP2/01/160gsm/2190mm/1200-1450,2026-10,0.295,0.193,0.971,0.486,0.0
SVIG,HP2/01/160gsm/2190mm/1200-1450/Subst.,2026-10,0.239,0.1,0.128,0.156,0.0
SVIG,HP2/01/160gsm/2440mm/1200-1450,2026-10,0.295,0.193,0.971,0.486,0.0
SVIG,K/01/110gsm/1800mm/1200-1450,2026-10,0.295,0.193,0.971,0.486,0.0
SVIG,K/01/110gsm/2000mm/1200-1450,2026-10,1.802,2.014,3.55,2.455,0.0
SVIG,K/01/110gsm/2200mm/1200-1250,2026-10,74.494,74.726,72.229,73.817,67.685
SVIG,K/01/110gsm/2300mm/1200-1250,2026-10,6.678,6.474,6.352,6.501,5.075
SVIG,K/01/110gsm/2450mm/1200-1250,2026-10,76.817,82.343,77.77,78.976,73.485
SVIG,K/01/125gsm/2000mm/1200-1250,2026-10,0.425,0.463,0.745,0.544,0.0
SVIG,K/01/125gsm/2200mm/1200-1250,2026-10,19.137,20.228,19.472,19.612,19.885
SVIG,K/01/125gsm/2450mm/1200-1250,2026-10,27.56,30.352,31.523,29.811,25.785
SVIG,K/01/135gsm/2200mm/1200-1250,2026-10,0.295,0.193,0.971,0.486,0.0
SVIG,K/01/135gsm/2450mm/1200-1250,2026-10,0.295,0.193,0.971,0.486,0.0
SVIG,K/01/160gsm/2200mm/1200-1250,2026-10,28.582,30.006,27.078,28.555,30.65
SVIG,K/01/160gsm/2450mm/1200-1250,2026-10,25.128,26.771,21.748,24.549,30.09
SVIG,K/01/225gsm/2200mm/1200-1250,2026-10,22.822,24.039,23.621,23.494,19.46
SVIG,K/01/225gsm/2250mm/1200-1450,2026-10,3.427,5.098,3.524,4.016,0.0
SVIG,K/01/225gsm/2450mm/1200-1250,2026-10,25.017,26.555,24.58,25.384,26.15
SVIG,KBA/10/132gsm/2200mm/1200-1450,2026-10,0.483,0.391,0.567,0.48,0.0
SVIG,KBA/10/132gsm/2450mm/1200-1450,2026-10,7.159,6.495,6.506,6.72,6.136
SVIG,KS/257/165gsm/1800mm/1200-1450,2026-10,0.239,0.098,0.104,0.147,0.0
SVIG,KS/257/165gsm/2200mm/1200-1450,2026-10,38.023,38.922,37.022,37.989,39.508
SVIG,KS/257/165gsm/2450mm/1200-1450,2026-10,51.513,53.983,48.181,51.226,58.439
SVIG,KS/257/215gsm/2200mm/1200-1450,2026-10,36.25,38.008,35.838,36.699,35.844
SVIG,KS/257/215gsm/2450mm/1200-1450,2026-10,52.489,54.771,55.291,54.184,52.488
SVIG,KW2/01/115gsm/2200mm/1200-1250,2026-10,42.759,42.43,40.206,41.798,36.445
SVIG,KW2/01/115gsm/2200mm/1200-1450,2026-10,3.427,4.973,3.593,3.998,0.0
SVIG,KW2/01/115gsm/2450mm/1200-1250,2026-10,52.87,54.166,52.971,53.336,56.9
SVIG,KW2/01/160gsm/2200mm/1200-1250,2026-10,17.725,18.743,17.999,18.156,16.38
SVIG,KW2/01/160gsm/2450mm/1200-1250,2026-10,26.905,28.325,25.29,26.84,30.62
SVIG,RF1/01/100gsm/1790mm/1200-1450,2026-10,0.295,0.218,0.895,0.47,0.0
SVIG,RF1/01/100gsm/1990mm/1200-1450,2026-10,0.239,0.101,0.155,0.165,0.0
SVIG,RF1/01/100gsm/2190mm/1200-1450,2026-10,0.295,0.193,0.971,0.486,0.0
SVIG,RF1/01/100gsm/2290mm/1200-1450,2026-10,0.239,0.096,0.107,0.147,0.0
SVIG,RF1/01/100gsm/2440mm/1200-1450,2026-10,0.295,0.193,0.971,0.486,0.0
SVIG,RF1/01/80gsm/1790mm/1200-1450,2026-10,0.295,0.193,0.971,0.486,0.0
SVIG,RF1/01/80gsm/2190mm/1200-1450,2026-10,0.295,0.193,0.971,0.486,0.0
SVIG,RF1/01/80gsm/2440mm/1200-1450,2026-10,0.295,0.193,0.971,0.486,0.0
SVIG,RF1/01/85gsm/2090mm/1200-1400,2026-10,0.239,0.109,0.201,0.183,0.0
SVIG,T1/01/220gsm/2200mm/1200-1450,2026-10,0.295,0.193,0.971,0.486,0.0
SVIG,T1/01/220gsm/2450mm/1200-1450,2026-10,0.295,0.193,0.971,0.486,0.0
SVIG,T4/01/75gsm/1800mm/1200-1450,2026-10,0.295,0.193,0.971,0.486,0.0
SVIG,T4/01/75gsm/2200mm/1200-1400,2026-10,0.295,0.193,0.971,0.486,0.0
SVIG,T4/01/75gsm/2450mm/1200-1400,2026-10,0.295,0.193,0.971,0.486,0.0
SVIG,TCH/43/125gsm/2200mm/1200-1450,2026-10,6.027,5.594,8.473,6.698,2.908
SVIG,TCH/43/125gsm/2450mm/1200-1450,2026-10,12.398,13.531,12.942,12.957,12.46
SVIG,TCH/43/165gsm/2200mm/1200-1450,2026-10,4.693,4.498,5.638,4.943,2.472
SVIG,TCH/43/165gsm/2450mm/1200-1450,2026-10,0.405,0.326,0.571,0.434,0.0
SVIG,TSL/01/100gsm/2000mm/1200-1400,2026-10,44.453,41.541,44.666,43.553,25.208
SVIG,TSL/01/100gsm/2200mm/1200-1400,2026-10,175.96,177.678,173.932,175.857,167.282
SVIG,TSL/01/100gsm/2300mm/1200-1400,2026-10,39.321,41.031,39.276,39.876,41.866
SVIG,TSL/01/100gsm/2450mm/1200-1400,2026-10,207.084,213.804,193.62,204.836,174.108
SVIG,TSL/01/110gsm/2200mm/1200-1400,2026-10,0.295,0.193,0.971,0.486,0.0
SVIG,TSL/01/110gsm/2450mm/1200-1400,2026-10,0.295,0.193,0.971,0.486,0.0
SVIG,TSL/01/125gsm/1800mm/1200-1450,2026-10,0.295,0.193,0.971,0.486,0.0
SVIG,TSL/01/125gsm/2000mm/1200-1450,2026-10,36.052,34.075,32.246,34.124,17.976
SVIG,TSL/01/125gsm/2200mm/1200-1450,2026-10,143.47,145.863,134.283,141.205,137.336
SVIG,TSL/01/125gsm/2300mm/1200-1450,2026-10,20.523,20.974,19.817,20.438,22.48
SVIG,TSL/01/125gsm/2450mm/1200-1450,2026-10,100.117,97.622,100.443,99.394,74.992
SVIG,TSL/01/150gsm/2200mm/1200-1400,2026-10,32.856,34.29,36.732,34.626,29.741
SVIG,TSL/01/150gsm/2450mm/1200-1400,2026-10,31.731,32.709,31.273,31.904,32.28
SVIG,TSL/01/75gsm/1800mm/1200-1450,2026-10,0.239,0.1,0.128,0.156,0.0
SVIG,TSL/01/75gsm/2200mm/1200-1450,2026-10,0.239,0.1,0.128,0.156,0.0
SVIG,TSL/01/75gsm/2450mm/1200-1450,2026-10,0.239,0.098,0.103,0.147,0.0
SVIG,TSL/01/80gsm/2200mm/1200-1450,2026-10,143.464,146.171,143.922,144.519,132.264
SVIG,TSL/01/80gsm/2300mm/1200-1450,2026-10,59.304,61.653,54.184,58.381,68.144
SVIG,TSL/01/80gsm/2450mm/1200-1450,2026-10,277.863,298.82,290.759,289.148,297.334
SVIG,TW2000/51/120gsm/2450mm/1200-1450,2026-10,0.239,0.096,0.365,0.233,0.0
SVIG,TWTC2/51/115gsm/1800mm/1200-1450,2026-10,0.295,0.193,0.971,0.486,0.0
SVIG,TWTC2/51/115gsm/2000mm/1200-1450,2026-10,10.287,10.567,12.005,10.953,8.058
SVIG,TWTC2/51/115gsm/2200mm/1200-1450,2026-10,47.614,49.072,48.118,48.268,44.971
SVIG,TWTC2/51/115gsm/2300mm/1200-1450,2026-10,6.948,7.381,7.985,7.438,8.112
SVIG,TWTC2/51/115gsm/2450mm/1200-1450,2026-10,64.297,66.054,64.034,64.795,58.324
SVIG,TWTC2/51/120gsm/2450mm/1200-1350,2026-10,0.307,0.333,0.543,0.394,0.0
