mes,planta,sku,strategy,series,history,real,planner,lgbm,xgb,rf,naive,mean3,mean6,mean12,perday6,seasonal_naive,mean6_x_planta,ses,damped_holt,arima,ml_mean,ml_median,ml_trimmed,ml_weighted,econ_mean,econ_median,econ_trimmed,econ_weighted,ml_econ_mean,ml_econ_median,ml_econ_trimmed,ml_econ_weighted,internal,internal_status
2026-09,PCEL,HP2/01/115gsm/2190mm,VMI,1,32,105.823,112.0,129.6083132733526,121.4983901977539,129.5777770631071,97.409,115.27466666666668,122.9315,122.835,122.14849681528663,197.643,153.55370061655256,114.9345629518378,119.47853340932996,109.81753486405286,126.89482684473786,129.5777770631071,126.89482684473786,126.88243198634918,127.60259953237264,120.8135151123083,119.60045997385352,125.30644591757012,127.4392673736877,122.14849681528663,122.03191559748163,125.71770197166467,112.0,ok
2026-09,PCEL,HP2/01/115gsm/2440mm,VMI,1,32,216.365,157.0,189.9530316728479,184.75372314453125,167.03200903380082,160.33599999999998,181.5283333333333,183.95166666666668,165.89308333333335,182.78,173.918,229.7739729137707,176.28498976439528,177.26185070670917,166.371259774233,180.57958795039335,184.75372314453125,180.57958795039335,180.6047689216893,179.80991564924415,176.77342023555224,176.35740559644512,180.08953352840678,179.98753233412475,177.26185070670917,177.09798138040773,180.2239850181559,157.0,ok
2026-09,PCEL,HP2/01/125gsm/2190mm,VMI,1,32,108.147,100.0,149.8062274157817,149.78330993652344,154.73239917478315,121.014,137.75133333333335,149.7711666666667,144.83058333333332,148.81721019108284,171.712,187.07912038269387,155.13271945046532,143.9770981102554,155.13271391051185,151.44064550902942,149.8062274157817,151.44064550902942,151.4334845581588,151.5217945378343,149.29418842887475,149.6102486103859,150.7989091490968,151.50306783887933,149.78330993652344,150.22038090993377,150.96450260447452,193.0,ok
2026-09,PCEL,HP2/01/125gsm/2440mm,VMI,1,32,157.307,100.0,143.22057761994228,145.4376983642578,162.06206025165696,109.937,128.28233333333333,143.63899999999998,151.87016666666665,142.72410191082804,222.02,179.4194327968095,147.0575864881081,136.0953571461879,187.36633161188917,150.24011207861903,145.4376983642578,150.24011207861903,150.21625814805373,154.84113099538226,145.34829324405405,150.1342741681,152.3247671526055,153.7793573992061,145.4376983642578,150.16955347160635,151.77454839724138,236.0,ok
2026-09,PCEL,HP2/01/155gsm/2190mm,VMI,1,21,94.195,160.0,179.23118951851572,173.69261169433594,183.5448888542521,138.721,157.677,177.39216666666667,166.81641666666667,176.2622802547771,246.818,221.58050338647885,178.54927898438223,159.63297962988247,178.54928117319878,178.8228966890346,179.23118951851572,178.8228966890346,178.80816175107307,180.19989067620526,176.82722346072188,172.8670672292623,177.93961327150248,179.88212283301206,177.39216666666667,174.85234371585307,178.16626236921607,255.0,ok
2026-09,PCEL,HP2/01/155gsm/2440mm,VMI,2,22,190.502,135.0,145.2710075227255,144.199829518795,136.65215486674353,146.179,125.84233333333334,126.58916666666666,121.75766666666668,125.78286624203822,152.796,158.12249097775756,140.10021068700516,132.33882974128915,130.7678408360303,142.04099730275468,144.199829518795,142.0409973027547,142.05182165824496,136.0276405150787,131.55333528865972,133.63623021072075,135.7207902805587,137.41533823531162,136.42538604715543,136.41262270588896,137.37288291913967,191.0,ok
2026-09,PCEL,K/01/110gsm/2000mm,VMI,1,32,14.545,25.0,19.67253657622218,17.916505813598633,18.919552952440476,5.45,17.10166666666667,26.7775,31.035416666666663,26.606942675159235,52.995,33.447767401030134,31.43296868504269,32.193958203559994,35.19201066296381,18.83619844742043,18.919552952440476,18.83619844742043,18.834594245984462,29.22332309610892,31.23419267585468,30.249092271909785,28.346435918652112,26.82629433102696,26.7775,26.44479433041333,25.864305809149347,37.0,ok
2026-09,PCEL,K/01/110gsm/2200mm,VMI,1,32,44.145,55.0,35.73128475817416,34.74555969238281,35.00347541394249,23.915,38.56,39.41583333333333,35.015,39.16477707006369,39.78,49.23430586317257,36.52107191234923,32.91859164779341,38.326580746089626,35.160106621499814,35.00347541394249,35.160106621499814,35.15964750268285,37.285116057280185,38.44329037304482,37.83387717697265,37.15015016802802,36.794729264407785,36.52107191234923,36.942620325148376,36.63072535328411,54.0,ok
2026-09,PCEL,K/01/110gsm/2450mm,VMI,2,32,62.695,75.0,57.58632192979478,56.90572202205658,54.97649336345791,39.96,56.81333333333334,57.53333333333333,60.21805555555556,57.16687898089172,54.620000000000005,71.86486980260544,59.62045890069434,59.105390402988526,69.95890128132908,56.48951243843642,56.90572202205658,56.48951243843642,56.492243697846654,58.686122159073136,58.47436186816093,58.48142693631799,58.709285563406915,58.1792122235416,57.84333333333334,57.81745543702414,58.130744986522814,82.0,ok
2026-09,PCEL,K/01/125gsm/2200mm,VMI,1,20,44.59,50.0,44.12721782577896,39.15726089477539,44.35974180669847,24.46,52.26166666666666,50.15166666666666,53.36083333333335,49.83222929936305,84.025,62.64443213297219,57.55475088407974,48.08014621756503,72.74935820604864,42.548073509084276,44.12721782577896,42.548073509084276,42.54011422071312,55.51200834066954,52.81125000000001,54.30092983051361,54.4447090297748,52.52033107184217,50.15166666666666,51.374742759236014,51.33818620970822,76.0,ok
2026-09,PCEL,K/01/125gsm/2450mm,VMI,2,20,88.179,100.0,50.000790101935074,46.80313754081726,42.89490922806398,29.905,57.50333333333333,51.82833333333334,46.93083333333333,51.50777070063695,51.675,64.73875597484418,45.68474939340615,49.41863317009721,45.68474526333102,46.566278956938774,46.78678731161925,46.566278956938774,46.57165317590324,49.487715450231555,50.46320193536708,49.50755332180116,49.387170599449995,48.81353779793322,48.26042608837508,48.672840678352806,48.6524568803501,59.0,ok
2026-09,PCEL,K/01/160gsm/2000mm,VMI,1,32,34.525,45.0,45.43061862699369,47.30717849731445,52.46076604273308,34.379999999999995,40.321666666666665,57.336666666666666,56.55416666666667,56.97146496815286,72.6,71.61921352691866,54.297249640762686,50.47600520643062,49.84452209747664,48.3995210556804,47.30717849731445,48.3995210556804,48.39223008979815,54.440095543974145,55.42570815371468,54.24667920769269,53.73663272616894,53.046116815906366,52.46076604273308,52.29762649035526,52.34200241612494,70.0,ok
2026-09,PCEL,K/01/160gsm/2200mm,VMI,1,32,45.37,55.0,45.69331459259119,43.1191520690918,42.68382370374612,34.730000000000004,46.51833333333334,44.57749999999999,40.39625,44.29356687898088,42.93,55.68174218352798,36.19771872244852,41.36182598846945,36.19771409311111,43.83209678847637,43.1191520690918,43.83209678847637,43.832501813695444,42.28846511998713,42.14591299423472,41.626143598316474,42.259006480926246,42.644687812715425,42.93,42.36146132836978,42.66961257352463,33.0,ok
2026-09,PCEL,K/01/225gsm/2000mm,VMI,1,32,29.485,45.0,45.34522086417286,48.35108947753906,50.1782460571676,31.53,37.5,55.1925,59.59583333333333,54.84095541401273,84.89,68.94093557207937,57.85465630094412,59.18742061573765,64.22736982380725,47.95818546629317,48.35108947753906,47.95818546629317,47.95580481683429,57.37596710599145,58.52103845834088,58.48312258130585,56.335335754358205,55.202632881445695,55.1925,54.97481020963496,54.148683919802934,63.0,ok
2026-09,PCEL,KW2/01/125gsm/2200mm,VMI,1,32,41.755,61.0,48.83166136365573,49.309078216552734,51.65250676673019,32.485,50.38666666666668,55.12166666666667,56.12266666666667,54.77057324840764,77.037,68.85245767617525,52.41059837541757,57.20690072890142,54.04293252947112,49.93108211564623,49.309078216552734,49.93108211564623,49.92773397350847,55.843646255837314,54.94611995753716,54.94588970258852,55.08043594840395,54.479208377331666,54.04293252947112,53.44706554060897,53.73583022878461,61.0,ok
2026-09,PCEL,KW2/01/125gsm/2450mm,VMI,2,32,78.103,90.0,81.37564235913732,83.46116940677166,75.68270371099695,73.475,80.14566666666666,88.79716666666667,75.29570833333334,88.2315796178344,63.084,110.91651485527674,82.20125664137427,82.31831755521142,63.2727025439072,80.17317182563531,81.44534785876702,80.17317182563531,80.18460555728845,80.77379128802704,81.17346165402046,80.07260896907002,81.41821518164654,80.63518679670588,81.20236387680005,80.07515321948114,81.0963028015456,74.0,ok
2026-09,PCEL,TSL/01/80gsm/2200mm,VMI,1,32,86.15,180.0,92.10424383594986,92.5143051147461,80.88828488442668,102.852,82.28533333333334,69.09166666666665,59.1325,68.65159235668789,68.624,86.3023805813154,81.35701744203098,72.61923599995184,79.23691567050977,88.50227794504087,92.10424383594986,88.50227794504087,88.51913099377235,77.01526420504959,75.9280758352308,75.54029357819674,77.5768374002107,79.66611352966297,80.88828488442668,79.17074119676361,80.43224619802992,26.0,ok
2026-09,PCEL,TSL/01/80gsm/2450mm,VMI,1,32,338.246,325.0,201.7668080731279,212.8124237060547,177.9436880778495,227.854,196.646,181.4885,155.26666666666668,180.33252229299364,149.338,226.6972321524361,192.10894833543855,182.64401403696533,186.98929227287945,197.50763995234402,201.7668080731279,197.50763995234402,197.55904234832994,187.93651757573795,184.8166531549224,186.70154615637946,189.65656853676467,190.14523812418554,186.98929227287945,190.303577421701,191.71873156073582,116.0,ok
2026-09,PCEL,TSL/01/125gsm/2200mm,VMI,1,32,42.014,90.0,60.47702011690741,59.64790344238281,65.07659895692376,42.842,55.62766666666666,67.8155,66.68516666666666,67.3835541401274,102.112,84.70832117204964,61.02384134919351,61.25967645623417,65.56376059153325,61.73384083873799,60.47702011690741,61.73384083873799,61.725915759391796,67.50214870424713,66.12446362909995,64.9552498672925,66.24915576132435,66.17100073528347,65.07659895692376,63.88144685777432,65.06880913785544,104.0,ok
2026-09,PCEL,TSL/01/125gsm/2450mm,VMI,1,32,34.014,95.0,52.20981140475988,47.44406509399414,47.066302680852495,27.751,58.78366666666667,55.68666666666667,64.96233333333335,55.331974522293,71.162,69.55819901056353,69.75381256282496,62.70985362708701,69.75380737665647,48.90672639320217,47.44406509399414,48.90672639320217,48.90685685608852,60.54533137660917,63.83609348021018,63.575754446828945,60.11081115677868,57.859499457361395,58.78366666666667,59.60448641133563,57.187121584111864,88.0,ok
2026-09,SALC,HP2/01/115gsm/1990mm,VMI,2,32,68.997,34.0,34.56948179746707,34.28257191181183,34.89573019607434,28.505,36.00833333333334,33.144499999999994,35.944500000000005,32.933388535031845,43.542,33.59971579110589,34.9867625113033,34.65274847234541,36.82513168237475,34.582594635117744,34.65861429844216,34.582594635117744,34.5816826472536,35.014208032549455,34.569207824391675,34.640450039790814,34.718208778319145,34.914604940834444,34.615003964999474,34.6211649048998,34.68258206875927,53.0,ok
2026-09,SALC,HP2/01/115gsm/2290mm,VMI,2,32,153.29,140.0,139.89712666772684,139.18929821252823,133.32234288648402,132.1,124.39433333333332,127.49716666666666,136.15266666666668,126.68508280254777,163.42600000000002,129.24824825148247,130.08088549826073,138.93014763380475,135.0466463766338,137.46958925557968,139.18929821252823,137.46958925557968,137.4780141339203,134.35611772293962,131.17154497477472,131.57530084164873,133.41632809191762,135.07461115354886,133.26580008504217,133.35200429054112,134.47623148046662,134.0,ok
2026-09,SALC,HP2/01/115gsm/2440mm,VMI,2,32,159.851,190.0,164.1026391272089,165.5145175755024,155.27063554105243,144.739,166.14333333333337,172.3555,165.74333333333334,171.25769426751594,150.163,174.7226784242922,172.00679710148464,167.5300800597217,172.00678779864128,161.62926408125458,164.1026391272089,161.62926408125458,161.64420528461022,165.6668204318323,169.23239734999936,169.07507035605843,166.0622222129806,164.73507665862203,166.74253133626365,166.59313493112379,164.90933371676934,166.0,ok
2026-09,SALC,HP2/01/125gsm/1990mm,VMI,2,32,51.85,75.0,44.68879916349457,46.22733893990517,45.89285261879373,28.675,44.42133333333334,63.405833333333334,68.56233333333333,63.001974522293,102.405,64.27666670181263,67.92414698753632,64.92296719886559,67.92413574007192,45.602996907397824,45.74230098636721,45.602996907397824,45.603615039384074,63.55193911505794,64.94449547204485,65.12135411784715,62.10460380228753,59.40987552867484,63.33619772158299,58.61523504769738,57.79864471944646,84.0,ok
2026-09,SALC,HP2/01/125gsm/2290mm,VMI,1,32,126.301,156.0,156.81238477288136,155.81417846679688,151.4767263206858,128.384,155.951,146.64983333333336,153.38516666666666,145.71575796178345,172.84,148.66396297464283,157.1490301292517,152.5692846898647,157.149026402886,154.70109652012135,155.81417846679688,154.70109652012135,154.7072835977974,151.84570621584288,152.97722567826568,152.3947123445656,151.13582849021864,152.50464243990712,153.38516666666666,153.16350706975084,152.067805342055,153.0,ok
2026-09,SALC,HP2/01/125gsm/2440mm,VMI,1,32,114.993,135.0,130.79891257708445,135.06195068359375,129.43583372432278,121.919,121.87133333333333,127.88066666666668,132.34941666666666,127.06614012738854,139.183,129.6370153472567,123.50142579529668,131.6437939973632,125.95650671658632,131.765565661667,130.79891257708445,131.76556566166698,131.7740760442197,128.1008298650558,127.47340339702761,127.61425810842634,127.68310503973171,128.94653812581225,129.43583372432278,128.69663462429244,128.75065038550014,145.0,ok
2026-09,SALC,HP2/01/155gsm/1990mm,VMI,2,21,79.64099999999999,75.0,71.72480345820335,74.72284257411957,71.40205817870871,70.793,64.45166666666668,68.54083333333334,72.03675,68.10426751592357,100.916,69.48219222150153,70.00390473595762,72.17526506849661,70.00389423722115,72.61656807034387,71.92793309032737,72.61656807034387,72.62163333078131,72.65077737791005,69.79620782065874,70.1142532368584,71.74638771328898,72.64288292231785,71.30956463206188,70.77634734175527,71.97478443972217,60.0,ok
2026-09,SALC,HP2/01/155gsm/2290mm,VMI,1,21,274.999,275.0,265.04405867118084,268.5503845214844,240.55667007068936,272.632,271.7343333333333,265.202,235.958,263.5128152866242,172.192,268.8443581056545,272.21887595616573,278.8794087698672,256.94460218318665,258.05037108778487,265.04405867118084,258.05037108778487,258.09117057061803,255.81183936348316,267.02317905282723,266.4094974774941,258.8364093170796,256.3284236075528,265.202,263.6231220142577,258.6419380890023,172.0,ok
2026-09,SALC,HP2/01/155gsm/2440mm,VMI,2,23,328.631,311.0,279.60207876170074,297.2394505739212,297.8607782583693,303.07,330.0863333333333,303.67016666666666,285.5629666666667,301.73596178343945,238.82133333333334,307.8408572836446,310.544289560672,299.4831662435622,293.51879638921974,291.5674358646637,297.2448810043713,291.5674358646637,291.56807657817296,297.43338712605384,302.7090652866242,301.81431140131593,299.5699094705582,296.07970606573303,299.4711641204199,298.98270677821887,297.48181853749827,168.0,ok
2026-09,SALC,HP2/01/155gsm/2500mm,VMI,1,9,109.376,110.0,93.46603073062434,93.85328674316406,95.2488418228325,81.624,100.40733333333333,100.9465,88.22655555555555,100.30352866242038,100.9465,102.3329273365678,100.9465,100.9465,100.9465,94.18938643220697,93.85328674316406,94.18938643220697,94.18740153716725,97.7626844887877,100.9465,100.7494769992923,97.67167698616043,96.93807724496138,100.40733333333333,98.5627801435972,96.76244980394203,,faltante
2026-09,SALC,K/01/110gsm/2300mm,VMI,2,22,38.591,40.0,38.623681113861366,39.28022480010986,38.53550911332906,34.846,40.74799999999999,37.69933333333333,39.94016666666667,37.42445408368943,46.08866666666666,38.21710647359788,39.318984787977264,40.449491550275184,39.318980223503374,38.81313834243343,38.623681113861366,38.81313834243343,38.81427289398836,39.40511837857098,39.62957572732197,39.59024859832502,39.191666355559285,39.26850760100078,40.37266666666666,39.56927107755714,39.09318493562708,35.0,ok
2026-09,SALC,K/01/110gsm/2450mm,VMI,1,22,24.528,28.0,27.054612286711404,27.791624069213867,24.81522493634144,30.035,23.438666666666663,27.543333333333337,26.575833333333332,27.36789808917198,19.808,27.92162114196001,26.603181595124244,27.91031254699997,26.60317689642816,26.553820430755568,27.054612286711404,26.553820430755568,26.558190177970957,26.38070236030177,26.985539842148114,27.1006226323985,26.592964306129183,26.420652684252648,27.054612286711404,26.918355231850857,26.583889942456665,32.0,ok
2026-09,SALC,K/01/200gsm/2300mm,VMI,1,32,68.876,58.0,50.25408713888488,51.89496994018555,51.57932012578552,42.112,55.968,53.685,53.93075,53.34305732484077,61.605,54.42232473700072,52.46153699007682,53.75499853050423,48.39646360614024,51.24279240161865,51.57932012578552,51.24279240161865,51.24339221924164,52.96791311885629,53.71999926525211,53.599611263737096,52.675163442498494,52.5698083379553,53.34305732484077,52.81400497636428,52.301540480146485,51.0,ok
2026-09,SALC,K/01/225gsm/2300mm,VMI,1,32,29.654,35.0,35.784495911092975,36.70545959472656,36.260424117096406,31.997,37.196666666666665,30.509666666666664,35.0335,30.315337579617832,41.402,30.928694923181133,39.06334328453631,39.73191093846743,39.06333865920118,36.25012654097198,36.260424117096406,36.25012654097198,36.25085067934131,35.52414587183372,36.11508333333333,35.54709058893088,35.38071783198512,35.69167987240409,36.260424117096406,35.78143590627791,35.60778037297509,33.0,ok
2026-09,SALC,K/01/225gsm/2450mm,VMI,1,32,20.96,35.0,30.14604274224621,30.353328704833984,30.97340945077804,28.759,28.544,33.25366666666667,30.37108333333333,33.04185987261146,36.079,33.710381783166795,30.482807876002077,28.22315495112088,32.635807479059544,30.49092696595274,30.353328704833984,30.49092696595274,30.49004810043722,31.51007619619608,31.55930767753081,31.424037537945512,31.321295365259466,31.274887912293767,30.482807876002077,31.113000680614594,31.104380078455872,45.0,ok
2026-09,SALC,KW2/01/115gsm/2000mm,VMI,1,32,54.251,72.0,64.76960097579442,64.67156219482422,64.34305624258768,58.795,63.86033333333334,67.83816666666667,64.47791666666667,67.40607643312102,70.508,68.7698749351981,61.1034999963689,65.52495824257049,61.10349516435275,64.5947398044021,64.67156219482422,64.59473980440211,64.59520643712892,64.93873214382779,65.00143745461858,65.03515855645452,64.72392478138592,64.85934929626802,64.67156219482422,64.88835230577038,64.690335526127,67.0,ok
2026-09,SALC,KW2/01/115gsm/2300mm,VMI,1,32,80.065,120.0,112.21085160512304,112.44831085205078,102.9074207199916,105.591,106.952,110.1715,108.8145,109.46977070063691,101.711,111.68462605499624,108.7794678779753,108.24332494465578,109.78238784112187,109.18886105905513,112.21085160512304,109.18886105905513,109.20268286239747,108.1199577419386,108.79698393898765,108.67357522739833,108.29506827242642,108.36662773819627,108.8145,108.83206415770957,108.53191173335836,104.0,ok
2026-09,SALC,KW2/01/115gsm/2450mm,VMI,2,32,206.063,215.0,215.44367946527217,226.97871279716492,212.21249445058,226.761,208.71533333333332,203.93233333333333,202.34055303030303,202.63340127388534,226.21166666666667,206.73319677826098,192.97994603011583,202.31993882815948,192.97994290155572,218.21162890433902,216.13426433456155,218.21162890433902,218.23399535033357,206.5607312175614,203.29530891719745,203.00933390680257,206.04474877972555,209.24939991451006,204.80866666666665,208.13206731824516,209.225551926607,223.0,ok
2026-09,SALC,KW2/01/160gsm/2300mm,VMI,1,32,123.09,128.0,121.46087970263616,126.71722412109376,120.51376526354856,137.357,134.18633333333332,128.59083333333334,95.4485,127.77178343949043,40.563,130.35693564064826,136.4259759221007,138.78481378435626,132.7015461645908,122.89728969575951,121.46087970263616,122.89728969575948,122.90672191482032,120.21867216178528,131.52924090261953,131.67223463891614,123.07503695539225,120.8368146696255,128.59083333333334,128.74725299119726,123.03111487968253,17.0,ok
2026-09,SALC,KW2/01/160gsm/2450mm,VMI,1,32,153.916,100.0,110.74384056214392,114.923095703125,106.91617746303936,124.234,126.76866666666666,95.161,75.86300000000001,94.55487898089171,25.561,96.4679676687664,121.08704848470587,133.6254343487786,115.06538746364367,110.86103790943609,110.74384056214392,110.86103790943609,110.87298485276517,100.8388383613453,105.76667756620503,107.76171376633461,103.7638747998896,103.15165364167395,110.74384056214392,108.79482181403512,105.6190082978237,25.0,ok
2026-09,SALC,KW2/01/160gsm/2500mm,VMI,1,9,166.245,150.0,119.1967733515807,118.99861907958984,118.81556782879515,114.72,109.98666666666668,117.84833333333334,118.88833333333336,117.09770700636945,117.84833333333334,119.46689515471682,117.84833333333334,117.84833333333334,117.84833333333334,119.00365341998857,118.99861907958984,119.00365341998857,119.00390091119084,116.9401268827753,117.84833333333334,117.72322894550604,116.87185391489595,117.4163253144399,117.84833333333334,118.11576599052826,117.42821494638632,,faltante
2026-09,SALC,RF1/01/80gsm/2440mm,VMI,1,32,30.455,45.0,53.53267521688181,55.360347747802734,50.94695469697496,53.213,55.91666666666666,48.6575,47.78316666666666,48.3475796178344,75.886,49.32577565224201,53.88596680018252,53.73323411161739,53.5616996267755,53.2799925538865,53.53267521688181,53.2799925538865,53.286536137968945,54.03105891419851,53.38734981338775,52.06286269846958,53.41344247933503,53.85773590797267,53.53267521688181,52.46857265027521,53.38032606909277,43.0,ok
2026-09,SALC,RF1/01/100gsm/1990mm,VMI,1,32,71.707,50.0,46.25369216813936,47.33002471923828,43.9862840304604,39.786,39.712,45.501666666666665,47.928583333333336,45.21184713375796,57.562,46.1265992252602,41.30093753009546,43.26450970807358,40.92537478974305,45.856666972612686,46.25369216813936,45.856666972612686,45.86159770385549,44.73195183869302,44.23817842091577,43.721822508932824,44.26018938287713,44.99150148498217,45.21184713375796,44.43343733015944,44.678079413840386,33.0,ok
2026-09,SALC,RF1/01/100gsm/2290mm,VMI,1,32,136.925,222.0,188.7089383874598,186.5255279541016,184.4304441451409,164.291,193.678,208.125,198.5859166666667,206.79936305732485,211.727,210.9834466962517,194.8728628348676,194.51682767592695,193.6407553549089,186.5549701622341,186.5255279541016,186.5549701622341,186.55781016161538,197.72201722859467,196.72938975076715,199.42966170579768,197.07384038234085,195.14500636712685,194.51682767592695,196.16146577013964,194.32966568499404,203.0,ok
2026-09,SALC,RF1/01/100gsm/2350mm,VMI,1,32,136.067,90.0,110.50749265138244,111.6118621826172,97.78977676720832,112.215,105.32033333333334,93.48733333333332,83.02974999999999,92.89187261146498,87.499,94.77131439811674,77.64359781866652,86.23238501503906,77.64358882990467,106.63637720040265,110.50749265138244,106.63637720040265,106.65646750126825,91.07341753398586,90.19543630573249,89.65194255965902,91.32674842553354,94.66486976469743,93.48733333333332,94.61436201220869,95.32706283335617,130.0,ok
2026-09,SALC,RF1/01/100gsm/2440mm,VMI,1,32,338.642,373.0,272.7336233618117,283.3768615722656,267.72834531207445,258.135,315.21066666666667,343.4875,359.6648333333333,341.2996815286624,373.605,348.205052958937,343.7432080498693,346.5458314578291,376.0555255905167,274.6129434153839,272.7336233618117,274.6129434153839,274.63650828165953,340.5952299585814,345.1445197538492,347.15768455477183,338.9059661933265,325.3685484486128,343.4875,328.2519176588195,322.134749630464,320.0,ok
2026-09,SALC,TSL/01/100gsm/2300mm,VMI,2,32,33.02,65.0,47.92848680118898,47.96443557739258,48.74925245535346,36.712,48.81466666666668,56.97233333333333,53.18075,56.60945222929936,52.438,57.7548072215948,56.97937549496979,52.658350159351,62.864303262111214,48.214058277978346,47.96443557739258,48.214058277978346,48.21292616341057,53.49840383673262,54.89510111464968,54.80637686949225,53.411293540137194,52.27893947702009,52.658350159351,52.707401768485134,52.054771361776396,66.0,ok
2026-09,SALC,TSL/01/100gsm/2450mm,VMI,1,32,95.138,130.0,114.3394266900236,110.00289916992188,110.52043588225632,98.465,108.57833333333332,122.761,115.56366666666666,121.97908280254778,119.895,124.44703375317025,113.09452315188337,112.609955930174,108.81877606592376,111.62092058073392,110.52043588225632,111.62092058073392,111.6197934409281,114.62123717036988,114.32909490927501,115.32683410286592,114.33715830428207,113.92885641891544,113.09452315188337,114.09152959548861,113.62805765080743,119.0,ok
2026-09,SALC,TSL/01/125gsm/2000mm,VMI,2,32,39.576,32.0,37.02599567135237,40.07266587018967,34.389457085632806,45.272,37.87266666666667,32.86116666666667,29.79625,32.65185987261147,14.636,33.31249107888677,32.36691673854519,28.004579798427727,32.72185201715785,37.16270620905828,37.13594582739689,37.16270620905828,37.17119300549596,31.949578283896237,32.51203586396474,31.813220867436886,32.562895617488735,33.15260780508748,32.85878263216348,33.35534305876656,33.765438100211504,45.0,ok
2026-09,SALC,TSL/01/125gsm/2300mm,VMI,2,32,137.43,174.0,140.28755317669408,132.70526655763388,141.39492291726899,113.13,140.539,156.23666666666665,150.1875,155.2415286624204,154.754,158.38246454614634,159.0159862212926,150.81965501790046,178.14588608318098,138.1292475505323,140.29076898310873,138.1292475505323,138.1160159805385,151.64526871976074,154.9977643312102,154.27030248218898,151.27128773695839,148.52618691147728,150.81965501790046,149.76003410986743,147.83839879189424,175.0,ok
2026-09,SALC,TSL/01/125gsm/2350mm,VMI,2,32,148.63299999999998,125.0,145.0423220292118,143.82957273721695,141.54423530185628,154.594,143.95166666666665,133.237,120.72049999999999,132.3883566878981,135.69299999999998,135.06691405390265,115.81442033107486,118.82408709109492,115.8144150260275,143.472043356095,143.82957273721695,143.472043356095,143.47524328494933,130.61043598566647,132.81073733186176,129.24526434766398,130.58236382948158,133.5784992249961,135.0305788627589,133.89521781937972,133.94678108913422,175.0,ok
2026-09,SALC,TSL/01/125gsm/2450mm,VMI,2,32,268.69,290.0,229.17626538952098,223.81120228767398,227.5416633817174,191.185,233.1953333333333,262.36283333333336,288.05566666666664,260.69173248407645,327.653,265.9661975335059,250.04503237301782,250.53285553760782,258.59130498776324,226.8430436863041,227.60078536463521,226.8430436863041,226.8371792154524,258.8278956249304,258.5839226090096,257.0376521193117,256.02926327834376,251.44677594678583,250.17735971840307,248.10563475571945,248.41154282996322,259.0,ok
2026-09,SALC,TSL/01/150gsm/2000mm,VMI,2,32,60.198,33.0,30.295040185644023,30.329978808760643,33.17419774786151,26.816,24.599,29.701,35.66441666666666,29.511821656050955,51.904,30.10892180336515,31.94187242251209,32.551661368919866,32.96498197631166,31.266405580755393,30.329978808760643,31.266405580755393,31.26229441426184,32.576367589382635,31.024288908429885,31.080763538763446,31.90757076620025,32.27406866431481,30.247947692871094,31.133757946977187,31.739184882875588,35.0,ok
2026-09,SALC,TSL/01/150gsm/2300mm,VMI,2,32,127.041,145.0,127.47774190597158,127.63623352348804,128.22309158258983,110.249,127.55333333333331,131.98316666666668,132.11991666666668,131.14250955414013,136.607,133.7958602244765,146.620783637333,131.33724198175716,146.62077115905757,127.77902233734982,127.61031275895671,127.77902233734982,127.77818727006672,132.80295832234313,131.66020432421192,132.8309491822845,132.59991199802315,131.64358847965232,131.14250955414013,131.17536833719453,131.34167531380822,163.0,ok
2026-09,SALC,TSL/01/150gsm/2450mm,VMI,2,32,203.49900000000002,210.0,186.39515282297097,184.15091943740845,177.005077232208,153.326,193.522,190.1628333333333,190.33475000000004,188.9516050955414,177.608,192.77458263155089,196.12881239632037,189.15517180106664,190.24793532666234,182.51704983086248,184.0433805920402,182.51704983086248,182.52719053818814,186.22116905844751,189.5492170620892,189.3380254757401,186.3977850567988,185.3663723136202,188.3756314169867,187.2147866068603,185.38774730312943,190.0,ok
2026-09,SALC,TW2000/51/115gsm/2000mm,VMI,1,8,23.258,25.0,13.199747317293378,14.112953186035156,12.700726312370358,7.29,12.921666666666669,13.899833333333335,14.028250000000002,13.811299363057328,13.899833333333335,14.09073751433089,13.899833333333335,13.899833333333335,13.899833333333335,13.337808938566297,13.199747317293378,13.337808938566297,13.339931460312915,13.164112021072157,13.899833333333335,13.885077671620666,13.111870496224839,13.204195925109266,13.899833333333335,13.717792223742672,13.171383365051481,,faltante
2026-09,SALI,HP2/01/115gsm/1790mm,VMI,1,15,60.366,88.0,65.27323242128547,63.60923004150391,62.28164667487464,70.452,77.96933333333332,78.60166666666666,60.35699999999999,78.10101910828024,0.0,60.68359764433839,70.45200030235947,73.53996529987867,67.6314491530325,63.72136971255467,63.60923004150391,63.72136971255467,63.72314484459677,63.77880315078892,70.45200015117973,70.12139095549038,65.84726551353035,63.76554928042718,67.6314491530325,67.98805054117848,65.29297286968543,,faltante
2026-09,SALI,HP2/01/115gsm/1850mm,VMI,1,10,68.357,110.0,131.27924957677615,136.49850463867188,138.4423537689561,167.673,161.06933333333333,138.03766666666667,118.0169,137.1584458598726,138.03766666666667,106.57054206352666,138.03766666666667,138.03766666666667,138.03766666666667,135.40670266146802,136.49850463867188,135.40670266146802,135.40434640918755,138.0676554590066,138.03766666666667,137.89112986553428,138.34974364869078,137.45358942880537,138.03766666666667,137.0629874641789,137.58113758645732,,faltante
2026-09,SALI,HP2/01/115gsm/1955mm,VMI,1,11,44.039,90.0,61.81701387522384,66.6274185180664,66.32700499481703,59.741,65.65933333333334,109.058,103.94136363636365,108.36336305732485,109.058,84.19709240978253,109.058,109.058,109.058,64.92381246270243,66.32700499481703,64.92381246270243,64.9246668920401,96.71921524368044,108.71068152866243,103.94596985057849,95.99926604973695,89.38181460191628,103.94136363636365,91.36550843885419,87.8903003137233,,faltante
2026-09,SALI,HP2/01/115gsm/2040mm,VMI,1,10,49.876000000000005,56.0,91.7952435387148,93.0775909423828,89.1942673075128,106.034,114.40433333333333,89.05266666666667,66.8091,88.48545222929937,89.05266666666667,68.7521832847741,89.05266666666667,89.05266666666667,89.05266666666667,91.35570059620346,91.7952435387148,91.35570059620346,91.3614298262898,88.97484021807404,89.05266666666667,88.95813092710544,89.23990249529173,89.5242695361039,89.05266666666667,89.75732081680479,89.7935184035059,,faltante
2026-09,SALI,HP2/01/115gsm/2150mm,VMI,1,10,46.018,58.0,72.13288521973222,69.17793273925781,70.49890958457691,75.538,85.093,79.61666666666667,68.5263,79.1095541401274,79.61666666666667,61.46721781705319,79.61666666666667,79.61666666666667,79.61666666666667,70.60324251452231,70.49890958457691,70.60324251452231,70.60107377407154,76.7817405290514,79.61666666666667,78.85237013446569,76.74390451639877,75.3559332949293,79.1095541401274,76.1026609278179,75.14092313089876,,faltante
2026-09,SALI,HP2/01/115gsm/2250mm,VMI,1,10,50.273,54.0,101.5112978286466,107.21520233154295,109.62821760101455,121.001,131.91066666666666,113.50433333333332,102.9899,112.78137579617834,113.50433333333332,87.62983772467334,113.50433333333332,113.50433333333332,113.50433333333332,106.11823925373471,107.21520233154295,106.11823925373471,106.115246646386,112.38344468541848,113.50433333333332,113.38384041047415,112.47401297668438,110.93762804733761,113.50433333333332,111.12626248837803,110.8146828584088,,faltante
2026-09,SALI,HP2/01/115gsm/2370mm,VMI,1,10,29.387,35.0,38.9856344807306,39.433929443359375,37.599587253970384,35.154,54.03633333333333,48.307,43.0715,47.99931210191082,48.307,37.29491594417066,48.307,48.307,48.307,38.67305039268678,38.9856344807306,38.67305039268678,38.675742932477334,45.90910613794149,48.307,47.383135350318476,45.82176268274478,44.23924711980578,47.99931210191082,44.47977369777458,43.95699754097326,,faltante
2026-09,SALI,HP2/01/115gsm/2440mm,VMI,1,10,38.521,79.0,83.3741257741879,83.05592346191406,77.32799919135452,99.687,86.57666666666667,76.29433333333334,67.68530000000001,75.80838216560511,76.29433333333334,58.90224498899136,76.29433333333334,76.29433333333334,76.29433333333334,81.25268280915218,83.05592346191406,81.25268280915218,81.26094058492669,77.013126048793,76.29433333333334,76.21334147204529,77.19450725408784,77.99148530118359,76.29433333333334,77.89312191774758,78.25564945515751,,faltante
2026-09,SALI,HP2/01/155gsm/1790mm,VMI,2,21,116.206,161.0,120.43992604885541,123.59775634109972,152.6417114507359,110.743,126.97566666666664,157.5773333333333,189.1196666666667,156.5736560509554,178.52200000000002,121.65593809123376,121.74477170564839,118.648306755277,144.29522107908986,132.22646461356368,123.55733688019662,132.22646461356368,132.1847276178852,142.5855560348871,135.53944635632817,138.1226875467438,140.6391723917761,140.19499647612017,127.02092718099723,136.15727990235044,138.43297167328606,47.0,ok
2026-09,SALI,HP2/01/155gsm/1850mm,VMI,2,21,157.01,295.0,253.17954894858434,259.152733951807,265.79931762351936,280.213,296.96866666666665,276.34583333333336,299.17753787878786,274.5856687898089,304.796,213.3499208331808,298.7490944694706,299.9266019007904,298.74909100686926,259.3772001746369,259.12187743072707,259.3772001746369,259.36810713520566,284.28614148789075,297.744375,291.59096146827886,283.60727689994354,278.5379242617553,280.213,283.2280702948587,277.28202726134947,111.0,ok
2026-09,SALI,HP2/01/155gsm/1955mm,VMI,2,21,35.321,25.0,73.1777161676438,71.11501514911652,68.33891291548473,50.167,69.741,186.01716666666664,210.02071212121217,184.8323439490445,107.102,143.6126150455652,53.836576870627,47.19655233788423,177.53052763820634,70.87721474408167,71.09558504757547,70.87721474408167,70.88105038550836,123.00564946292062,125.3573075227826,122.7758439172405,121.19840353696942,110.97601068165008,73.0798041547363,105.4632628468044,108.06801075019607,43.0,ok
2026-09,SALI,HP2/01/155gsm/2040mm,VMI,2,21,140.834,197.0,241.4245978007974,234.83282032608983,231.87261209655995,256.081,285.317,289.882,233.62916666666672,288.0356178343949,215.466,223.8003772481852,280.2500302242935,281.0236756087056,234.77355677205853,236.04334340781574,234.80363921315433,236.0433434078157,236.0470500421816,258.8258424354305,268.0100651149438,261.74210568303675,260.49749511156284,253.56834265982704,241.34566899823807,253.1758515912964,254.11711284848906,64.0,ok
2026-09,SALI,HP2/01/155gsm/2150mm,VMI,2,20,125.992,134.0,145.56127747372227,160.32507257163525,152.07691521056134,173.517,187.69366666666667,186.5015,166.14025,185.31359235668788,94.574,143.98653954834177,180.92980416039882,183.76065719746782,166.49937005869927,152.65442175197293,152.077312673787,152.65442175197296,152.667641522395,166.89163799882624,177.05135208224618,175.91207982352842,169.26519841231956,163.6061265572447,166.19527042542734,168.1595271330099,164.93403972419213,68.0,ok
2026-09,SALI,HP2/01/155gsm/2250mm,VMI,2,21,133.582,132.0,215.8557114633005,207.36312185972932,221.962480299028,232.957,300.74733333333336,250.21466666666663,236.399,248.62094267515923,139.988,193.1756259203017,230.41321808202642,250.2133226778484,228.23446248112813,215.06043787401927,215.8557114633005,215.06043787401927,215.03857835331368,231.09635718364638,234.678,237.7910295881421,234.09343973443805,227.39576041988624,230.4131447821292,230.20590771085762,229.12104355774414,48.0,ok
2026-09,SALI,HP2/01/155gsm/2370mm,VMI,2,21,76.86200000000001,60.0,129.5525418831358,135.71970008313656,124.42995739929769,143.86,232.059,166.3985,119.68316666666665,165.33863694267518,53.504000000000005,128.4662278911148,144.11053555100375,144.50536327182508,103.39398208447163,129.9007331218567,129.5525418831358,129.9007331218567,129.91760224624778,140.1319412407757,143.86000111085923,140.95223283233335,143.33733749928714,137.77089321333287,135.59133911132812,137.2683995955078,139.8354363870304,21.0,ok
2026-09,SALI,HP2/01/155gsm/2440mm,VMI,2,22,93.202,193.0,152.14988892565586,159.38037312030792,166.38205463866413,169.869,169.15600000000003,172.07500000000002,183.47225,170.97898089171974,177.356,132.84871056147492,167.56954282704083,193.8852962926578,161.77927308139087,159.30410556154266,159.36495985520992,159.30410556154266,159.29460860960197,169.8990053654284,170.42399044585989,171.16742061979343,169.6291533060188,167.45402848760864,169.15600000000003,168.28120125489173,166.93233754291705,58.0,ok
2026-09,SALI,K/01/110gsm/1800mm,VMI,1,32,6.455,23.0,12.6413026152633,13.192635536193848,13.9944237410643,9.22,10.468333333333334,12.018333333333333,20.83,11.941783439490443,43.535,9.278629007301037,10.043177760009495,10.424533051857132,15.308911197455524,13.276120630840483,13.192635536193848,13.276120630840483,13.275008952166747,15.30687011227803,11.205058386411888,11.700845352579877,14.305592063507959,14.838235616561674,12.018333333333333,12.225937112000077,14.036659772681926,13.0,ok
2026-09,SALI,K/01/110gsm/1850mm,VMI,1,32,19.465,82.0,21.958717292300214,25.683773040771484,31.05129447027232,11.875,21.328333333333333,42.19833333333333,75.81041666666667,41.92955414012739,144.975,32.57878350240673,13.25367764505527,17.3598537445025,30.623697656305737,26.23126160111467,25.683773040771484,26.23126160111467,26.223822521570593,43.193265002173106,31.601240579356233,31.003092618334833,39.35791019397571,39.27895652500577,30.623697656305737,29.412482279261447,35.93054926909787,39.0,ok
2026-09,SALI,K/01/110gsm/1955mm,VMI,1,32,20.01,46.0,24.151714884344013,25.914390563964844,33.43603323284729,10.125,29.045,108.02833333333336,139.75333333333333,107.34025477707009,95.24,83.40214898990865,10.584344865126033,13.154385926775898,50.52913458560021,27.834046227052045,25.914390563964844,27.834046227052045,27.8233198845977,64.72019358111477,66.96564178775444,63.11848737989248,62.25524664480322,56.20800573017721,33.43603323284729,51.35700699561234,53.27018096763966,63.0,ok
2026-09,SALI,K/01/110gsm/2050mm,VMI,1,32,0.0,20.0,2.0725345430164013,2.0530006885528564,3.3050162347694108,0.0,1.7866666666666664,5.983333333333333,12.017083333333332,5.945222929936306,53.39,4.619370147858927,0.2007852223153008,0.2738362128068152,7.411717793334443,2.476850488779556,2.0725345430164013,2.476850488779556,2.4750377197705906,9.162801563958514,5.282296538897617,4.336691180656082,7.62552011284747,7.619889777378754,3.3050162347694108,3.716744283363907,6.28149359660978,3.0,ok
2026-09,SALI,K/01/110gsm/2150mm,VMI,1,32,5.495,22.0,19.70736487758608,18.603275299072266,20.378620455959297,16.55,20.551666666666662,17.011666666666667,19.51083333333333,16.903312101910828,50.75,13.133679971920907,18.98093555764988,19.18225619432282,19.657784806155785,19.563086877539217,19.70736487758608,19.563086877539217,19.560422437117527,21.22321352986269,19.081595875986352,18.541131443339886,20.284165483479534,20.840107379326504,19.18225619432282,18.88178325473966,20.095303592298105,9.0,ok
2026-09,SALI,K/01/110gsm/2250mm,VMI,1,32,5.695,38.0,16.704306222552976,17.642568588256836,18.222300612140906,13.615,12.95,15.637499999999998,29.35166666666667,15.537898089171971,54.645,12.072768917071413,13.588657528340873,13.564415076030992,23.37139662623503,17.523058474316905,17.642568588256836,17.523058474316905,17.52230177716449,20.433430290351694,14.576449044585985,15.885811219963143,19.187332767029886,19.761806025112897,15.637499999999998,16.43156030474773,18.752840300121427,12.0,ok
2026-09,SALI,K/01/110gsm/2370mm,VMI,1,32,14.95,22.0,16.24181570672321,15.500494003295898,16.441968019425975,9.035,18.15833333333333,17.850833333333334,19.58083333333333,17.737133757961786,33.64,13.781549851989704,9.03500018015504,8.4547686122878,14.363801159850103,16.06142590981503,16.24181570672321,16.06142590981503,16.05999934380375,16.163725356224443,16.050467458905946,15.154441936103884,15.49363460960082,16.140117791668423,16.24181570672321,15.456769927340929,15.641428381627659,24.0,ok
2026-09,SALI,K/01/110gsm/2450mm,VMI,2,32,12.515,25.0,21.798752571282286,22.05773486196995,21.611865417938606,22.055,20.825,21.933333333333334,26.540000000000003,21.793630573248407,41.185,16.93340143337701,20.65092552347693,20.542903165230367,25.456014830711858,21.822784283730282,21.798752571282286,21.822784283730282,21.823451847489093,23.79152088593779,21.863481953290872,22.04741545501594,23.17395349221174,23.33719705465914,21.793630573248407,21.964478219097778,22.821537954752632,38.0,ok
2026-09,SALI,K/01/125gsm/1800mm,VMI,1,32,29.56,52.0,31.337103621630465,32.1939697265625,35.805262359352724,26.505000000000003,30.50500000000001,35.61916666666667,45.73475,35.392292993630576,54.0,27.49940643870949,29.13996196665493,27.915416032934537,36.99783179428483,33.11211190251523,32.1939697265625,33.11211190251523,33.106962891350825,34.9308825892881,32.94864649681529,32.59494490902859,34.129939867089234,34.511166276955905,32.1939697265625,32.76733390685747,33.86299240936349,59.0,ok
2026-09,SALI,K/01/125gsm/1850mm,VMI,1,32,26.315,58.0,49.01297840803214,47.26670455932617,46.26408556526616,57.255,59.75666666666667,41.55833333333333,38.42208333333334,41.29363057324841,58.425,32.084678171827946,57.2550000525266,57.28121862821431,51.064108437135936,47.51458951087483,47.26670455932617,47.51458951087483,47.515887394795215,49.439571919628655,54.15955421856797,50.9512151707431,49.38585568625299,48.99534520991623,49.01297840803214,49.80567328412034,48.897884506772556,78.0,ok
2026-09,SALI,K/01/125gsm/1955mm,VMI,1,32,19.26,16.0,38.17715156696328,39.89640426635742,35.67502657706855,53.54,43.335,35.9175,34.275000000000006,35.688726114649675,15.315,27.72973157978657,39.18872385444514,35.50978679978543,47.285919804188055,37.91619413679642,38.17715156696328,37.91619413679641,37.92245050364186,36.778538815285486,35.803113057324836,37.319122794813374,37.51680030522737,37.04107465871109,35.9175,37.51814657547439,37.622655365273594,24.0,ok
2026-09,SALI,K/01/125gsm/2050mm,VMI,1,32,44.45,80.0,75.78666507319602,73.36502838134766,78.29164524282862,72.16,88.61166666666668,96.9325,88.31458333333335,96.31509554140128,96.775,74.83572649426219,94.2815292535833,94.12997783884764,94.28152608811853,75.81444623245743,75.78666507319602,75.81444623245743,75.80710841641167,89.6637605216213,94.20575196348308,92.6557297869918,89.33174470610683,86.46776491642964,88.61166666666668,87.20537950358197,85.80246950263184,85.0,ok
2026-09,SALI,K/01/125gsm/2150mm,VMI,1,32,19.885,37.0,51.82012733872914,51.8968620300293,48.82623185694232,54.745,62.76500000000001,63.564166666666665,50.177083333333336,63.15929936305733,21.555,49.074052474684585,60.107618591029,60.27536180398403,51.59192371099975,50.84774040856692,51.82012733872914,50.84774040856692,50.852188830552706,53.701450594375466,57.4263092955145,56.61033123989102,54.77419259751021,53.04290208995811,51.8968620300293,54.717003253643234,53.750739519278056,52.0,ok
2026-09,SALI,K/01/125gsm/2250mm,VMI,1,32,43.495,29.0,60.770224148754416,57.06760787963867,53.09491368480199,49.045,81.31,64.72,63.09125,64.30777070063695,28.065,49.96640155477934,49.04500059641898,49.03261819018604,56.35589285851242,56.977581904398356,57.06760787963867,56.977581904398356,56.98300529878121,55.49389339005337,53.16114720664588,55.301885951724614,56.242807779109164,55.83628304720991,56.35589285851242,55.860451269282535,56.435963491092544,39.0,ok
2026-09,SALI,K/01/125gsm/2370mm,VMI,1,32,27.04,20.0,58.46653178656146,53.99195861816406,54.85227914255693,68.12,85.32333333333334,53.88916666666668,37.075833333333335,53.54592356687898,21.485,41.60456954757567,68.1200004851818,70.01710224090824,48.56625565843238,55.77025651576082,54.85227914255693,55.77025651576082,55.76862148343753,54.77471848323105,53.71754511677283,55.64098598745593,56.24217132123666,55.00445802919945,53.99195861816406,55.684076163557556,56.118597743037924,23.0,ok
2026-09,SALI,K/01/125gsm/2450mm,VMI,1,32,37.975,56.0,44.99227045891965,48.03214645385742,43.17768610414124,59.96,49.115,43.278333333333336,40.02,43.00267515923567,43.165,33.412586247758426,54.36514328723922,53.3568415508747,51.98950016768241,45.400701005639434,44.99227045891965,45.400701005639434,45.40798840887196,47.16650797461239,46.19666666666667,47.31789170185436,47.445034861686395,46.75901405869554,44.99227045891965,46.67882813644938,46.913464372081265,69.0,ok
2026-09,SALI,K/01/160gsm/1800mm,VMI,1,32,37.293,95.0,60.57698894161569,61.62499237060547,63.49569348854889,60.937,61.64333333333334,75.236,76.8365,74.75678980891719,69.705,58.08516976785196,62.18883529977505,60.56321912685507,73.12089968455024,61.89922493359001,61.62499237060547,61.89922493359001,61.89661040413433,67.30727470212828,65.94691764988752,67.05864302109596,66.98438212398958,66.059263217081,62.18883529977505,65.33883699192732,65.65672005698761,80.0,ok
2026-09,SALI,K/01/160gsm/1850mm,VMI,1,32,41.459,94.0,89.80951674721354,87.4445571899414,91.27074647854025,116.731,111.279,76.101,56.495583333333336,75.61628025477707,65.11,58.75298400371234,116.73100001014768,119.62568302673144,106.4611151301362,89.5082734718984,89.80951674721354,89.5082734718984,89.50253239205782,90.2903645758838,91.2810575650681,91.88306589748554,91.7139519966786,90.10988201342563,89.80951674721354,91.09146842228982,91.13687855766766,84.0,ok
2026-09,SALI,K/01/160gsm/1955mm,VMI,1,32,26.975,24.0,50.49104402956917,52.77367401123047,50.15815074445316,72.719,58.34566666666666,50.50366666666668,42.87683333333333,50.1819872611465,14.355,38.99082955277181,42.59581238581144,40.56278649567348,52.96497652097786,51.14095626175094,50.49104402956917,51.14095626175094,51.14493890432985,46.40965588830478,46.52941029723992,46.61434377726821,47.48037945758281,47.501494436023115,50.1819872611465,48.123214605429126,48.436652033793884,11.0,ok
2026-09,SALI,K/01/160gsm/2050mm,VMI,1,32,50.368,66.0,93.42592152556318,91.89779663085938,92.04559878312963,94.847,114.38933333333334,119.337,86.93641666666667,118.57689171974522,48.755,92.1328872426252,107.51432817903331,109.52642215169234,87.30758443399627,92.45643897985072,92.04559878312963,92.45643897985072,92.456091799082,97.93228637270923,101.18066408951665,100.9529258901134,99.59728909966367,96.66862928204957,93.42592152556318,98.12076358669252,97.73378238375527,62.0,ok
2026-09,SALI,K/01/160gsm/2150mm,VMI,1,32,47.194,89.0,53.55002531561501,52.91087341308594,53.3134041760085,46.369,66.632,62.76933333333333,60.78258333333333,62.36952866242038,74.485,48.46040968261943,62.58124046452872,60.18685965769919,66.67601536021226,53.258100968236484,53.3134041760085,53.258100968236484,53.257462911639315,61.131197049414666,62.47538456347455,62.553590908552486,60.62512369217262,59.314328722988925,60.78258333333333,59.455094261780495,58.70252097344639,81.0,ok
2026-09,SALI,K/01/160gsm/2250mm,VMI,1,32,18.19,35.0,77.6874394277347,69.88416290283203,66.08760491987694,72.633,105.462,74.21833333333332,61.23250000000001,73.74560509554139,24.92,57.299490822926415,72.6330006545782,72.62238352623474,59.37387510568863,71.21973575014789,69.88416290283203,71.21973575014789,71.22454643460297,67.41401885383029,72.62769176311737,68.70672739700716,68.97124645987776,68.29226121451894,72.62238352623474,69.15894061534281,69.5592486476222,33.0,ok
2026-09,SALI,K/01/160gsm/2370mm,VMI,1,32,20.886,21.0,58.80869824798994,57.63610076904297,57.83797574180358,70.448,91.12033333333332,63.42749999999999,39.60541666666666,63.02350318471337,14.705,48.9685403988839,70.4480005750656,71.96261135770605,49.98521885711432,58.0942582529455,57.83797574180358,58.09425825294549,58.09386388699011,58.369412437348316,63.22550159235668,61.050127169296196,60.13647550051453,58.30591531787075,58.80869824798994,60.06483753051263,59.603452773431314,20.0,ok
2026-09,SALI,K/01/160gsm/2450mm,VMI,1,32,21.52,29.351,34.62795517386452,34.027984619140625,33.726832270767964,35.069,46.62433333333333,38.8405,32.60816666666667,38.593108280254775,27.6,29.986403269289355,33.90121824744921,32.09672272813693,33.9012137210153,34.12759068792437,34.027984619140625,34.127590687924375,34.12797394210085,34.92206662461456,33.90121598423225,34.361571607253815,35.164333189468444,34.738726023839895,33.90121824744921,34.283577967477335,34.893893606822274,27.0,ok
2026-09,SALI,KW2/01/115gsm/1850mm,VMI,1,20,28.915,42.0,29.780677364540196,26.873491287231445,29.923249187340545,17.424,43.14233333333333,44.02533333333333,47.31175,43.74491719745223,36.836,33.98929981329334,32.083799740271246,49.65771943927594,21.333061554558647,28.859139279704063,29.780677364540196,28.859139279704063,28.854473994277154,36.9548214411518,39.98916666666666,38.97028056961391,36.87829721182779,35.08658709620233,33.98929981329334,35.599900139643964,34.784467868679755,,faltante
2026-09,SALI,KW2/01/115gsm/1955mm,VMI,1,20,10.929,12.0,19.70363475084073,20.333194732666016,19.45194255143504,16.898,21.305333333333333,24.9665,26.352500000000003,24.80747770700637,7.729,19.275126149836197,17.636383907099187,18.821980165585725,16.826827451054555,19.82959067831393,19.70363475084073,19.82959067831393,19.830920377203,19.461912871391537,19.048553157710963,19.79071687714347,19.74823203542214,19.546761596065934,19.45194255143504,19.803674810866955,19.76980968882536,,faltante
2026-09,SALI,KW2/01/115gsm/2250mm,VMI,1,16,8.044,35.0,33.92939989352399,34.25545883178711,33.64102315182744,40.223,41.80566666666666,30.54516666666667,29.72233333333333,30.350611464968157,24.006,23.58207761471458,28.70937461482812,33.4833806659707,33.781287152668995,33.941960625712845,33.92939989352399,33.941960625712845,33.94287787847375,31.62088981798172,30.447889065817414,31.098692316405998,31.920135035662362,32.156521542842746,33.4833806659707,32.04644841950827,32.44797297564305,,faltante
2026-09,SALI,RF1/01/100gsm/2440mm,VMI,1,32,41.414,42.0,28.11189876442191,28.12887954711914,28.23347927415898,26.018,34.026,30.855666666666664,30.9055,30.65913375796178,23.34,23.82179590400319,33.615875360601294,32.51266140857544,33.61586990967521,28.15808586190001,28.12887954711914,28.15808586190001,28.15793603859596,29.937050300748353,30.880583333333334,30.76113862381318,30.13786515195617,29.526520045629503,30.65913375796178,29.893454369842125,29.621199522304856,9.0,ok
2026-09,SALI,SF1/01/160gsm/1790mm,VMI,1,32,63.795,97.0,56.15908954262399,54.83667755126953,61.286150305345664,43.555,60.219,75.71683333333334,93.12516666666669,75.23456050955414,96.004,58.456392132101904,55.09575061069067,55.28295223744179,65.00375111869405,57.42730579974639,56.15908954262399,57.42730579974639,57.41786108973747,67.76934066084826,62.611375559347024,64.98558155518755,66.42682296572245,65.38271723136322,60.219,62.49494219886507,64.07592013351903,177.0,ok
2026-09,SALI,SF1/01/160gsm/1850mm,VMI,1,32,89.715,167.0,127.92877324889676,133.11233520507812,133.43040753104268,158.635,165.905,122.25333333333332,109.82458333333336,121.47464968152865,156.085,94.3844120016011,158.63500033240018,161.622447365257,136.68319370394536,131.49050532833917,133.11233520507812,131.49050532833917,131.49049767726837,138.55026197513988,146.38409685197269,142.29436284186792,138.60603048234887,136.9210873643397,133.43040753104268,138.693077004025,136.74922095708143,273.0,ok
2026-09,SALI,SF1/01/160gsm/1955mm,VMI,1,32,56.178,67.0,96.10223750580874,104.32420349121094,98.82017815878704,131.918,105.65,92.54316666666666,79.3685,91.95371974522294,51.374,71.44698743537603,88.67090605446677,91.52067511069664,116.59666809167614,99.74887305193558,98.82017815878704,99.74887305193558,99.75755238115508,92.10426231041052,91.73719742795979,91.61782792950883,93.51673619118739,93.86840325076247,92.54316666666666,94.32817630365108,95.14528703402819,80.0,ok
2026-09,SALI,SF1/01/160gsm/2040mm,VMI,1,32,132.964,179.0,219.6699954178202,213.68212890625,201.50131019438373,209.53,257.50166666666667,231.54066666666665,205.3444166666667,230.06588535031844,185.398,178.7585588215077,225.5455138721516,219.52493189106684,197.67650093355545,211.6178115061513,213.68212890625,211.6178115061513,211.63490863902138,214.08861408686,214.52746594553344,214.61454145229314,215.1764000703206,213.51842887592727,213.68212890625,213.6156314702459,214.25224228714038,332.0,ok
2026-09,SALI,SF1/01/160gsm/2150mm,VMI,1,32,63.664,94.0,97.89234247665472,96.15522003173828,88.12791649821875,97.517,132.4163333333333,136.85033333333334,112.763,135.97867515923568,63.492,105.65387373669247,119.51220761615852,126.1755924186118,98.88092192370316,94.05849300220393,96.15522003173828,94.05849300220392,94.06995302300544,112.92399375210682,116.13760380807926,115.9003215047499,114.47676051625436,108.57041665597538,105.65387373669247,109.66294350409915,109.15157186605114,218.0,ok
2026-09,SALI,SF1/01/160gsm/2250mm,VMI,1,32,91.428,96.0,140.78442774458122,148.68331909179688,138.5162547833331,136.961,209.67566666666667,171.73816666666667,165.156,170.6442929936306,99.515,132.58866189660517,164.5597097442153,166.46267774415412,116.1075676812078,142.66133387323706,140.78442774458122,142.66133387323706,142.6767301763749,153.34087433931464,164.85785487210765,156.06205706310087,155.22113392320477,150.87636500098904,148.68331909179688,151.59514933314625,151.94765195017763,167.0,ok
2026-09,SALI,SF1/01/160gsm/2370mm,VMI,1,32,44.141,55.0,129.50850157306172,141.40029907226562,130.5572296342025,168.974,222.07766666666663,151.41666666666666,109.12933333333332,150.45222929936307,54.954,116.89965959136028,168.97400123825668,172.8539878659525,125.01181179274164,133.8220100931766,130.5572296342025,133.8220100931766,133.83873277071592,144.07433564543405,150.93444798301488,146.95472809806472,147.72105836700823,141.7084143641439,141.40029907226562,142.57715542976868,144.09844357396634,97.0,ok
2026-09,SALI,SF1/01/160gsm/2440mm,VMI,1,32,65.16900000000001,123.0,121.51308690129476,130.05421447753906,129.80694926962204,179.46200000000002,141.359,109.44666666666669,102.23341666666668,108.7495541401274,97.827,84.4971584594986,150.97842749710907,153.5736471267316,129.03477249152542,127.12475021615194,129.80694926962204,127.12475021615195,127.12585340111266,125.71616430483257,119.24071957909605,123.63363957701586,127.29462623584381,126.04122259206012,129.03477249152542,124.79734312339457,127.2505846980251,134.0,ok
2026-09,SALM,HP2/01/115gsm/1790mm,VMI,2,32,82.72,70.0,55.84100230858722,44.51465451717377,42.064967032775776,55.432,83.539,46.608000000000004,23.52966666666667,46.31113375796179,0.0,35.29316160160342,55.65267813729664,56.29571776055777,26.6521662868909,47.47354128617893,44.53523324667872,47.47354128617893,47.47609618635425,42.93135242109773,46.42970909194273,44.316076456857616,44.7556513708284,43.97954985150106,46.29827120432577,45.360451163575156,45.4655557426874,13.0,ok
2026-09,SALM,HP2/01/115gsm/1850mm,VMI,2,32,108.05,120.0,37.46568275811808,32.86068055033684,37.1252355657234,38.382,70.97866666666665,36.026833333333336,18.013416666666668,35.797363057324844,0.0,27.280742594133333,54.599628476096896,57.56341320372981,0.0477364801143331,35.8171996247261,37.13893058671469,35.8171996247261,35.81062891880238,33.86898004780658,35.912098195329094,35.01666398441566,35.51308231090063,34.318569180941864,36.026833333333336,35.26751878848991,35.59072756824081,,faltante
2026-09,SALM,HP2/01/115gsm/1955mm,VMI,2,22,145.895,130.0,55.846330176172614,45.93388478457928,43.527005920654595,57.358,86.83633333333334,50.16466666666666,25.196499999999997,49.84514649681528,0.2283333333333333,37.98639047711198,57.586334211965394,59.82024818851761,11.984944857816021,48.43574029380216,45.96247807593404,48.43574029380216,48.43835668278858,43.70068975655597,50.00563375796178,46.394228530982105,45.61856668319264,44.79339372668969,49.846600849256895,47.069801572636685,46.35439533776159,,faltante
2026-09,SALM,HP2/01/115gsm/2040mm,VMI,2,31,87.774,60.0,42.30899893875865,40.24966253340244,38.41407684887776,47.089,76.32,38.40866666666666,19.328666666666663,38.164025477707,0.2486666666666666,29.08434774220703,62.559680081584396,66.13342689357613,0.2486666666666666,40.324246107012954,40.24966253340244,40.324246107012954,40.32672156726931,37.758514686174124,38.28713800424627,39.147175550249734,39.621465693606574,38.35060655252154,38.52505674541257,39.53953240250414,39.805503327869566,,faltante
2026-09,SALM,HP2/01/115gsm/2150mm,VMI,2,32,101.911,70.0,30.732615546193085,28.013993591070175,25.744498450569044,25.034,55.38966666666666,43.93233333333333,22.24941666666667,43.652509554140124,0.5665,33.267055867422805,38.63449704277597,42.92404386483456,19.913712535132387,28.163702529277433,28.013993591070175,28.163702529277433,28.166748102057934,32.55637355309725,36.019539928673574,34.41092499049808,33.73579344655474,31.542680239908062,30.820145427856644,32.332849885827414,32.28254226697692,,faltante
2026-09,SALM,HP2/01/115gsm/2250mm,VMI,2,6,66.854,50.0,66.29434788937989,61.09102299809456,66.43105519356148,67.914,76.91933333333333,65.21108333333332,65.21108333333332,64.59089705793146,65.21108333333332,49.38004853885514,65.21108333333332,65.21108333333332,65.21108333333332,64.60547536034531,66.29434788937989,64.60547536034531,64.5972967319678,65.00707789301198,65.21108333333332,65.19960926218326,65.03124234146782,64.91440038547353,65.21108333333332,65.37706846950911,64.91800354920306,,faltante
2026-09,SALM,HP2/01/115gsm/2370mm,VMI,1,22,25.186,30.0,13.314757860977323,10.860962867736816,12.217831374329354,13.983,19.94966666666667,9.974833333333336,4.987416666666667,9.911299363057326,0.0,7.553282800858091,17.62964538588926,17.981867334776446,0.0,12.13118403434783,12.217831374329354,12.13118403434783,12.129007119400194,10.197101155124779,9.94306634819533,10.67324625830078,10.713542185559442,10.643427973407022,10.860962867736816,11.159225516983131,11.082909995930716,,faltante
2026-09,SALM,HP2/01/115gsm/2440mm,VMI,2,26,65.242,40.0,47.54972509618406,43.44151398539543,42.904065601713704,58.583,74.50166666666667,38.79683333333333,19.398416666666666,38.54971974522292,0.0,29.378280734290417,61.16794300776813,60.61046191605636,41.9067185371466,44.631768227764404,43.44540147510379,44.631768227764404,44.632187072279066,42.28930406071511,40.15637355322802,44.573777322963956,44.1250036011225,42.82987271464956,42.904065601713704,44.5931076245641,44.25735392907396,,faltante
2026-09,SALM,HP2/01/155gsm/1790mm,VMI,2,21,151.147,100.0,49.3546915801917,49.922315299510956,49.623210578472005,30.407,50.49566666666668,97.95650000000002,138.93745833333332,97.33257324840767,109.61483333333334,74.17599091202082,37.992761694785514,30.700237410263014,69.83045409887929,49.63340581939155,49.624501667825854,49.63340581939155,49.63388802494887,73.74434756976896,72.06911324785403,71.31928801759466,71.4472204145016,68.18028408891264,50.61004246284502,64.09917748306874,65.75499687084415,76.0,ok
2026-09,SALM,HP2/01/155gsm/1955mm,VMI,2,21,293.97,270.0,188.82725429597133,174.34742173552513,177.70011117775118,154.311,194.01166666666666,220.04416666666668,231.48324999999997,218.64261146496813,287.306,166.62492133661223,236.22418003154002,238.94716157464603,282.2072917255544,180.29159573641587,177.70011117775118,180.29159573641587,180.2854821379025,222.98022494666543,225.53465583395828,223.0933065404615,220.3478704017146,213.1290028212232,218.08545415358577,208.8260696057796,209.89352690123982,141.0,ok
2026-09,SALM,HP2/01/155gsm/2040mm,VMI,2,21,146.578,120.0,98.46842699980073,86.26506146788597,92.79758892656338,75.69800000000001,106.05100000000002,128.02266666666665,147.3236666666667,127.20723566878982,99.204,96.94311412922406,144.61507170096988,130.97784496889946,144.61507094305117,92.51035913141669,92.83944434915983,92.51035913141669,92.49984453862308,120.06576707442677,127.19220350350335,122.71444201268892,120.31779879468019,113.70682677988599,106.32816173349589,113.7699610276159,113.05865968998512,139.0,ok
2026-09,SALM,HP2/01/155gsm/2150mm,VMI,2,21,199.41899999999998,150.0,127.34066242412166,108.0445657670498,108.03849034731017,81.665,125.314,251.12149999999994,293.36466666666666,249.5219999999999,155.408,190.15773431893777,82.32993461540474,82.04969668606685,134.56445876599932,114.47457284616053,108.14194122233195,114.47457284616056,114.47289737711736,164.54969910530752,144.8942172494076,156.21509273961175,162.39777664927294,152.99390073781206,127.27570178188303,142.30158610846135,149.891703700485,121.0,ok
2026-09,SALM,HP2/01/155gsm/2250mm,VMI,2,21,78.231,90.0,57.12978001434251,58.505700439214706,50.74153488250676,31.226,96.234,144.0773333333333,134.84483333333336,143.15964331210193,80.094,109.10025335696481,133.94655016479675,135.26209493676146,134.6243024098568,55.45900511202132,57.10301570303751,55.45900511202132,55.47035622033428,114.25690108471484,133.78830306100775,123.84854415490477,114.71850718845555,100.68815586024711,109.08585970637641,104.33205771824927,99.25760860422848,64.0,ok
2026-09,SALM,HP2/01/155gsm/2370mm,VMI,2,21,61.929,90.0,110.74297546326163,97.84665630757809,92.46373960479787,90.302,136.0823333333333,156.9911666666667,124.62541666666668,155.99122292993633,71.63183333333333,118.87904684154917,125.37558441983441,140.86764638173275,125.37558167153078,100.3511237918792,97.89426012314327,100.3511237918792,100.3577846284582,124.61218322445833,125.37558304568259,128.65480112781273,126.03667467424758,119.01347720155547,124.62078078556264,119.22024201583487,119.33572775411356,27.0,ok
2026-09,SALM,HP2/01/155gsm/2440mm,VMI,2,23,85.067,110.0,97.78717580693856,86.99920654296875,66.93894819656737,78.03,170.91899999999998,198.1605,149.51616666666666,196.8983312101911,91.422,150.05386520671416,78.5639988235152,81.09442301595259,95.81064335815644,83.90844351549156,86.99920654296875,83.90844351549156,83.93651942942438,129.0468928281196,122.66340501241154,123.13601637458163,129.30954393687682,118.63032760212853,95.81064335815644,111.35183104676804,117.46938151987887,54.0,ok
2026-09,SALM,K/01/110gsm/1800mm,VMI,1,22,13.775,30.0,16.897503449455435,17.58888053894043,16.10047261341792,16.225,21.718333333333334,19.689166666666665,15.999583333333332,19.56375796178344,10.575,14.90930614846314,18.822677643006823,23.10060347451273,17.062167260289502,16.86228553393793,16.897503449455435,16.86228553393793,16.864498890710912,17.766559582138896,17.942422451648163,17.893725477513296,18.025644529537985,17.557880955630978,17.062167260289502,17.549912162988175,17.722641740926367,19.0,ok
2026-09,SALM,K/01/110gsm/1850mm,VMI,1,32,35.475,40.0,22.088688278856186,21.49012565612793,23.60758635341693,13.915,17.165,36.68666666666666,45.67041666666668,36.452993630573246,26.435,27.7803908189758,13.915000069364906,14.009009189325544,14.68572965962959,22.39546676280035,22.088688278856186,22.39546676280035,22.39235157067859,24.671520670120245,21.799999999999997,22.754687216417363,24.284835832378082,24.146277460738727,22.088688278856186,22.63494706521169,23.790989074896572,42.0,ok
2026-09,SALM,K/01/110gsm/1955mm,VMI,1,32,53.165,80.0,23.443580686375807,22.48012351989746,26.62821769989493,13.44,26.051666666666662,38.945833333333326,43.42116666666666,38.69777070063694,46.529,29.491108598147235,26.99906382034673,29.59838415277907,23.316688131137077,24.183973968722736,23.443580686375807,24.183973968722736,24.177889577363082,31.64906820697137,29.544746375463152,31.630637878651658,30.966930820170784,29.926354151990918,26.99906382034673,29.24136819881308,29.195319783808454,38.0,ok
2026-09,SALM,K/01/110gsm/2050mm,VMI,1,22,18.785,25.0,24.09725875386916,22.335676193237305,22.200951411974277,16.49,34.67333333333333,31.7625,24.544166666666666,31.560191082802547,16.84,24.051644468136985,30.27320093873039,34.70568054580591,16.342006340733178,22.877962119693578,22.335676193237305,22.877962119693578,22.878003242118172,26.1242723376209,27.408683802698526,26.505283859389433,26.478127805655987,25.375123825791515,24.09725875386916,25.29617661282414,25.538669614000497,73.0,ok
2026-09,SALM,K/01/110gsm/2150mm,VMI,1,22,31.8,35.0,20.6564053687122,18.441625595092773,19.500545865621422,8.379999999999999,23.141666666666666,44.8425,38.45583333333333,44.556878980891724,27.14,33.956264999997885,15.712914857395212,15.399537844255564,13.754621268202287,19.53285894314213,19.500545865621422,19.53285894314213,19.53113387832502,26.534021795074267,25.140833333333333,25.63436961694144,26.20120047405663,24.918368829243775,20.6564053687122,23.600532725675002,24.460636059782605,44.0,ok
2026-09,SALM,K/01/110gsm/2250mm,VMI,1,22,12.14,20.0,13.293447336757158,15.069473266601562,14.413562576642738,5.565,18.81,35.06583333333334,31.11541666666666,34.842484076433124,16.01,26.55304073395609,10.023681199321542,10.457946607105171,9.401786138557442,14.258827726667151,14.413562576642738,14.258827726667151,14.259931533986514,19.784518875537337,17.41,18.828347534508246,19.638469004020752,18.509359379644216,15.069473266601562,17.30517426522788,18.23493115521248,30.0,ok
2026-09,SALM,K/01/110gsm/2450mm,VMI,1,22,12.37,20.0,17.867419730982387,18.44893455505371,17.004028012152297,13.025,21.01333333333333,26.3425,20.14916666666667,26.17471337579618,11.675,19.94743626609677,14.19162031202726,14.949164267513371,12.590818377606658,17.7734607660628,17.867419730982387,17.773460766062797,17.775601607955565,18.005875259904023,17.44830026680507,17.212620140939567,18.122425950630298,17.952241145940665,17.867419730982387,17.399567015980644,18.031921590561403,20.0,ok
2026-09,SALM,K/01/160gsm/1800mm,VMI,1,32,49.829,80.0,18.10783810135552,17.038331985473633,21.296983312938,7.119,14.777333333333331,36.67283333333334,54.11616666666668,36.43924840764331,48.893,27.769915748841445,8.828596639785854,9.450258982818587,25.27369884212787,18.81438446658905,18.10783810135552,18.81438446658905,18.808130895770887,26.93400519545504,26.521807295484656,25.063881441349647,25.727416608550328,25.06024656571674,21.296983312938,22.980715783096112,23.921818072013135,41.0,ok
2026-09,SALM,K/01/160gsm/1850mm,VMI,1,32,48.673,110.0,25.44866031051431,28.80607795715332,29.971376528567205,17.858,21.44633333333333,56.96533333333333,78.79258333333333,56.60249681528662,76.53,43.13608640195973,17.89900853067659,17.93952867624432,36.02745312788287,28.075371598744947,28.80607795715332,28.075371598744947,28.0739790242349,42.31968235520502,39.581769764921304,38.68620528134003,40.54677799957051,39.03253371909885,29.971376528567205,35.149260720475,37.29198140477257,79.0,ok
2026-09,SALM,K/01/160gsm/1955mm,VMI,1,32,75.813,80.0,47.46723962354102,47.726322174072266,52.50994843016504,38.206,48.004,72.87783333333334,68.75266666666667,72.41364331210193,65.545,55.185572198078745,64.47078647796728,69.67845514587408,81.08933901501958,49.234503409259446,47.726322174072266,49.234503409259446,49.22760641803511,63.622329614904174,67.14883333333333,66.0076873001148,63.257466165334975,60.30206202898615,64.47078647796728,60.47626604499179,59.59635210254095,88.0,ok
2026-09,SALM,K/01/160gsm/2250mm,VMI,1,32,17.654,25.0,19.8400780190418,18.26659393310547,18.85694149524495,9.115,25.796333333333333,39.1015,33.26741666666666,38.85244585987261,13.97,29.608984688574843,21.714712345367573,22.76013828529122,25.23797581868552,18.98787114913074,18.85694149524495,18.98787114913074,18.98687985894511,25.942450699779176,25.517154576009425,26.397593522986526,26.09474602499881,24.337547726552614,22.76013828529122,23.927686065034596,24.23993712129574,36.0,ok
2026-09,SALM,K/01/160gsm/2370mm,VMI,1,32,11.783,30.0,44.54250609173091,45.39442825317383,41.28515540413262,47.7,55.59366666666667,56.56733333333333,41.73366666666666,56.20703184713376,26.05,42.83470727568446,55.061398708435405,56.07712788466673,42.49057744710765,43.74069658301244,44.54250609173091,43.74069658301246,43.74671508326965,48.03155098296947,51.380699354217704,49.95957966376016,48.82222031833455,47.04135381374862,45.39442825317383,47.93645322157025,47.49775920991491,22.0,ok
2026-09,SALM,K/01/160gsm/2450mm,VMI,1,32,20.216,20.0,29.514704302895662,29.597766876220703,25.63732358241816,23.711,41.48066666666666,51.37366666666667,32.45641666666667,51.04644585987261,7.025,38.90188636572206,23.71100019550324,23.64074665765685,35.50737487548268,28.249931587178178,29.514704302895662,28.249931587178178,28.25566769288112,32.88542039542374,33.981895771074676,32.62805746167355,33.48870684545411,31.81569220890554,29.597766876220703,31.168682170175096,32.123137012418255,26.0,ok
2026-09,SALM,K/01/275gsm/1955mm,VMI,1,32,91.655,60.0,44.36999694158625,42.658050537109375,47.16779621927015,37.785,45.406666666666666,58.41416666666667,56.42874999999999,58.04210191082802,55.395,44.23319224145345,52.321750133087946,56.350462954849775,52.32174464582329,44.73194789932193,44.36999694158625,44.73194789932193,44.725275040488555,51.669883521937585,53.85837506654397,53.0373957334046,51.412027493631015,50.06882145518012,52.32174464582329,50.44392886697083,49.667108878508444,56.0,ok
2026-09,SALM,KW2/01/115gsm/1850mm,VMI,1,21,18.527,35.0,13.256023238094242,14.578130722045898,18.17032187429749,5.195,15.843333333333334,24.88833333333333,32.42925,24.72980891719745,33.44,18.846291845346432,30.1524290513434,26.65036775015169,16.513379730845266,15.334825278145876,14.578130722045898,15.334825278145876,15.329744506164186,22.868819396155093,24.80907112526539,23.630101771369592,22.445040482365954,21.130205368922194,18.846291845346432,21.1524885064327,20.588292757968524,42.0,ok
2026-09,SALM,SF1/01/160gsm/1790mm,VMI,1,32,80.639,70.0,24.81471718184549,24.641822814941406,28.96187147069544,17.796,25.030666666666665,40.0015,46.681250000000006,39.746713375796176,55.215,30.29049527562949,21.310769929872237,27.80796935511233,30.50879412570764,26.139470489160782,24.81471718184549,26.139470489160782,26.133206366592532,33.43891587287846,30.399644700668567,32.23102313315205,32.455286009176476,31.754428476635912,28.96187147069544,30.20050558515496,30.805529340010725,57.0,ok
2026-09,SALM,SF1/01/160gsm/1850mm,VMI,1,32,99.672,120.0,103.3229694077965,102.47991180419922,108.2443988641217,90.356,89.10366666666665,128.62550000000002,159.95458333333332,127.80622929936308,98.669,97.3996000168864,90.70892183662956,90.70971467517056,108.74060210598697,104.68242669203914,103.3229694077965,104.68242669203914,104.6740146670846,108.20738179340364,98.0343000084432,102.33901132233943,107.73398132653897,107.39393061616566,102.47991180419922,103.12014977890601,106.935478193194,127.0,ok
2026-09,SALM,SF1/01/160gsm/1955mm,VMI,1,32,227.553,200.0,132.1479420217042,112.98448944091795,125.67454114012747,96.837,107.13866666666668,142.533,166.94091666666665,141.62514649681526,178.38,107.93083167184474,168.11171672155888,158.3760347834207,168.11171586591462,123.60232420091654,125.67454114012747,123.60232420091654,123.58229512339743,143.59850288728876,150.45451739171034,147.58627424744364,142.08986824073878,138.98400011351058,141.62514649681526,139.59162423193462,137.26028780098224,225.0,ok
2026-09,SALM,SF1/01/160gsm/2040mm,VMI,1,32,150.012,130.0,94.09178594911371,78.86724090576172,84.03411087884035,58.322,98.284,118.457,148.36774999999997,117.7024968152866,113.315,89.69966623414727,149.0763185229009,147.57598665965034,120.43662855480524,85.66437924457193,84.03411087884035,85.66437924457193,85.65557639772155,116.12368467867904,118.0797484076433,119.29518533829037,115.9542572610855,109.09461419388509,113.315,109.28851945464928,108.04776862962794,302.0,ok
2026-09,SALM,SF1/01/160gsm/2150mm,VMI,1,32,136.016,140.0,79.92351548923861,74.9705810546875,74.4117688378039,47.702,86.14466666666665,201.9221666666667,222.29633333333337,200.6360382165605,110.199,152.9023270492741,47.70200063230097,48.05970915477021,92.58581313405244,76.43528846057667,74.9705810546875,76.43528846057667,76.43566447671334,121.01500548536247,101.39240656702623,115.08792570355399,119.26676340925007,110.7273784796427,86.14466666666665,102.20371328922822,108.08992048628274,255.0,ok
2026-09,SALM,SF1/01/160gsm/2250mm,VMI,1,32,66.989,70.0,53.50113702815214,50.6441650390625,45.71814927591039,27.352,91.778,146.4525,139.51175000000003,145.51968152866243,59.24,110.89881027846776,46.81320130351519,44.57916647829555,73.38882833389252,49.95448378104167,50.6441650390625,49.95448378104168,49.961359984924854,88.55339379228334,82.58341416694626,86.93843165264592,88.24803606361206,79.64595302045834,59.24,74.61044902877784,78.25706746278206,105.0,ok
2026-09,SALM,SF1/01/160gsm/2370mm,VMI,1,32,62.817,80.0,110.54712058411812,97.00845336914062,90.8258826817478,97.738,134.79766666666666,155.78233333333333,116.0125,154.7900891719745,49.203,117.96367715860336,105.7282176733514,135.86102225766493,103.49760391280924,99.46048554500219,97.00845336914062,99.46048554500219,99.46824702882088,117.13741101744033,116.98808857930169,118.9767812781826,119.09515012769413,113.05812052380075,110.54712058411812,113.23936240248382,113.97347876114965,76.0,ok
2026-09,SALM,SF1/01/160gsm/2440mm,VMI,1,32,75.754,60.0,70.03537714095741,71.99162292480469,64.85798728861364,56.88,125.371,162.01333333333335,119.10691666666668,160.98140127388535,30.322,122.68200212297836,56.88000065743926,55.58525176296104,101.64006096611304,68.96166245145857,70.03537714095741,68.96166245145858,68.9721521400233,99.14619667833772,110.37348881638985,97.09333006886622,100.32862676920467,92.18053493367327,71.99162292480469,87.71610752973034,92.14610518365323,73.0,ok
2026-09,SALM,TSL/01/80gsm/2250mm,VMI,1,30,0.0,20.0,23.141542842429256,24.149547576904297,22.46976978203887,16.519,28.930333333333333,35.10333333333333,35.33316666666666,34.879745222929934,19.719,26.581437008416696,27.84855838122261,31.55131646522756,18.40613802719264,23.253620067124142,23.141542842429256,23.253620067124142,23.256137880809078,27.48720284383227,28.38944585727797,28.251731735188358,27.651594028031766,26.51022220305348,26.581437008416696,26.585694512500282,26.504592803298312,,faltante
2026-09,SBUR,HP2/01/105gsm/2090mm,VMI,1,32,13.184,18.0,26.317080973410803,27.50067710876465,24.489654916751853,29.858,21.756,22.443166666666663,23.375416666666663,22.30021656050955,34.789,23.289603430231114,24.747982030408725,24.414845615686875,26.12293194839164,26.102470999642435,26.317080973410803,26.102470999642435,26.10692980981939,25.309716291856127,23.89513114117677,24.065657726341943,25.034963094641725,25.492659685960653,24.489654916751853,24.744595484108782,25.314694502258927,42.0,ok
2026-09,SBUR,HP2/01/105gsm/2440mm,VMI,1,32,66.664,58.0,59.1384951000313,60.17190933227539,54.15331455082586,54.311,58.52333333333333,58.008833333333335,51.71141666666667,57.63935031847133,37.063,60.196617698796445,47.74596978704831,47.47021385492658,47.74596368880353,57.82123966104418,59.1384951000313,57.82123966104418,57.83003587284301,52.04156986813795,53.011208333333336,52.86042229905386,52.49872563222861,53.37533982034707,54.311,54.33085297539041,53.889939460919074,48.0,ok
2026-09,SBUR,HP2/01/105gsm/2640mm,VMI,1,32,48.952000000000005,54.0,44.51936505221117,43.81730270385742,39.49006028002714,32.84,50.42066666666667,46.93483333333334,43.56975,46.63588535031848,36.576,48.70496537464228,42.891593885582665,44.18869310809088,42.89158876291731,42.60890934536524,43.81730270385742,42.60890934536524,42.615107503372606,43.56539764815516,43.879221554045444,44.51872407337378,43.75477635399089,43.34466957828056,43.81730270385742,43.882119164037604,43.457377967187355,56.0,ok
2026-09,SBUR,HP2/01/105gsm/2790mm,VMI,1,32,98.7,80.0,69.06972591642555,68.17193603515625,70.2835782264398,50.608,72.994,80.49300000000001,81.50516666666665,79.98030573248408,71.291,83.52876743075146,70.56191411927375,71.87965294116695,59.30810116085701,69.17508005934054,69.06972591642555,69.17508005934054,69.17194716578518,72.21499080511998,72.43682647058347,74.53331213215414,72.11216974023014,71.51347294070935,71.291,72.7472347745496,71.3449140150176,54.0,ok
2026-09,SBUR,HP2/01/115gsm/2090mm,VMI,1,32,44.759,52.0,63.53999046364161,66.2837905883789,58.177800341615054,67.757,57.55566666666667,61.937000000000005,58.157833333333336,61.54249681528663,77.222,64.27293389932606,51.76756129058469,58.89009561542044,51.76755764088438,62.66719379787852,63.53999046364161,62.667193797878525,62.679158757223945,61.087014526150234,60.21629621535354,60.39267105500553,60.5919919554003,61.451671281164444,61.54249681528663,61.150845302629854,61.13664142925011,41.0,ok
2026-09,SBUR,HP2/01/115gsm/2440mm,VMI,1,32,94.64,99.0,102.6065599324922,104.53652954101562,96.47223772402243,96.491,100.037,93.51916666666666,82.36741666666667,92.92350318471338,80.786,97.04621175527912,78.13046860306389,87.97969259971029,78.13046394508743,101.20510906584342,102.6065599324922,101.20510906584343,101.21694267253784,88.74109234211872,90.45159789221184,89.01112985295948,89.06928862061892,91.61740389374752,93.51916666666666,91.95802539967318,92.23923813404842,59.0,ok
2026-09,SBUR,HP2/01/115gsm/2640mm,VMI,1,32,140.593,193.0,196.57464477374225,198.6914825439453,195.48746693090987,184.416,192.1163333333333,222.7293333333333,197.7085833333333,221.31067515923564,178.662,231.1294980185397,196.59417039615556,211.76300874710395,183.5364857116805,196.91786474953247,196.57464477374225,196.91786474953247,196.92268418619017,201.9966088032715,197.15137686474444,200.65146182819362,202.6574967154425,200.82459094471636,196.59417039615556,199.4069294686399,201.16098832715488,130.0,ok
2026-09,SBUR,HP2/01/115gsm/2790mm,VMI,1,32,243.436,224.0,222.82906310900515,221.8013153076172,201.85835629837428,227.346,230.8513333333333,219.63566666666665,194.77425,218.23671337579617,166.666,227.9191547152926,209.38889926955068,210.41473249616436,205.8236512760172,215.49624490499886,221.8013153076172,215.49624490499886,215.52500306288093,211.10564011328205,214.32572293598025,215.14094384736583,212.7272799168989,212.11885660367827,218.23671337579617,215.2593775332435,213.45735019116023,172.0,ok
2026-09,SBUR,HP2/01/125gsm/2090mm,VMI,1,32,54.287,44.0,54.38555758937287,55.03116989135742,49.93890803936103,63.706,44.580000000000005,45.77483333333333,46.12291666666667,45.48327388535032,63.556,47.50121635025914,42.3499683583192,45.203667993995104,35.22249242866802,53.11854517336377,54.38555758937287,53.11854517336377,53.12596757794431,47.950036901659175,45.629053609341824,45.77765137160077,47.548614322569584,49.14276957974485,46.12291666666667,48.22461597218844,49.004033464614274,48.0,ok
2026-09,SBUR,HP2/01/125gsm/2440mm,VMI,1,32,168.57,132.0,128.90881594942857,126.82948303222656,127.2702678586184,107.582,127.417,134.95833333333334,129.82091666666665,134.09872611464968,125.059,140.04824317446028,135.91853099768224,129.4162603963046,135.91852630960844,127.66952228009119,127.2702678586184,127.66952228009119,127.6687031822629,130.02375369927051,131.95982139065816,131.93829380342711,130.07353541910018,129.48046952561376,129.4162603963046,130.51536996231516,129.4459906481954,139.0,ok
2026-09,SBUR,HP2/01/127gsm/2640mm,VMI,1,10,218.0,274.0,133.3293896520103,128.16477966308594,89.45022774325089,78.82900000000001,192.4243333333333,219.45966666666664,152.1786,218.0618343949044,219.45966666666664,227.7365169322827,219.45966666666664,219.45966666666664,219.45966666666664,116.9814656861157,128.16477966308594,116.98146568611571,117.03701622018201,196.65286179938536,219.45966666666664,214.72080573248402,195.74849678228804,178.26715500401545,218.0618343949044,189.11084485666672,175.2086115959998,,faltante
2026-09,SBUR,HP2/01/127gsm/2790mm,VMI,1,11,210.099,306.0,164.54569571074168,163.55352783203125,148.3508521312408,127.921,213.08666666666667,240.95033333333333,166.06318181818182,239.4156178343949,240.95033333333333,250.03769713344064,240.95033333333333,240.95033333333333,240.95033333333333,158.8166918913379,163.55352783203125,158.8166918913379,158.8385962459859,220.1275830119351,240.95033333333333,236.05060297239916,219.4403480617526,205.97891583025879,239.4156178343949,212.27400257726106,203.62622519816819,,faltante
2026-09,SBUR,HP2/01/155gsm/2090mm,VMI,1,21,116.423,120.0,121.20365602473466,123.1025619506836,121.89825783280426,118.744,122.11633333333334,111.723,107.21916666666664,111.01138853503188,135.578,115.9365967682388,102.94629017926732,111.4344274016448,102.94628069519108,122.06815860274082,121.89825783280426,122.06815860274084,122.07006639701616,113.96554835793738,111.57871370082239,112.67809656193036,113.37017092469202,115.83538149135357,115.9365967682388,115.69853628471714,115.6404223906551,143.0,ok
2026-09,SBUR,HP2/01/155gsm/2440mm,VMI,1,23,152.615,188.0,206.8433314044726,216.0044403076172,189.3245238771315,244.031,211.135,195.35966666666664,170.68866666666668,194.11533757961783,159.18,202.7275932360469,241.4157085501783,221.7203374838,236.52905980354603,204.05743186307373,206.8433314044726,204.05743186307373,204.0968244893919,207.69023699865224,206.93129661802345,210.26449912827957,209.80369001462546,206.8518973519803,206.8433314044726,208.1954767065443,208.31447444118197,140.0,ok
2026-09,SBUR,HP2/01/155gsm/2640mm,VMI,1,21,302.385,388.0,336.9157799847846,354.2084045410156,357.7546948576393,380.325,382.11,377.0918333333333,354.57875,374.68997452229297,324.846,391.3137297222825,385.9151575879869,375.3424716707872,358.3417123944338,349.6262931278132,354.2084045410156,349.6262931278132,349.62267273672865,370.45546292311167,376.21715250206023,374.65016532014124,372.22616933910047,365.64873143188896,374.68997452229297,368.271426813278,366.32775119595493,301.0,ok
2026-09,SBUR,HP2/01/155gsm/2790mm,VMI,1,21,382.695,366.0,336.9157799847846,354.2084045410156,361.8905285469596,412.002,390.8306666666667,392.59133333333335,381.1906666666667,390.0907515923568,356.551,407.397788345926,368.0589892978708,383.63230342319935,345.2095329785088,351.0049043575866,354.2084045410156,351.0049043575866,350.9953014054042,382.7555032304529,386.8615275077781,384.3991184966823,383.8021848819515,375.4284419520991,381.1906666666667,375.4494048964521,375.24117681659664,394.0,ok
2026-09,SBUR,K/01/125gsm/2650mm,VMI,1,22,43.055,35.0,36.25468252008525,36.24227142333984,36.297519587984304,34.075,35.386,34.86416666666667,33.13433333333333,34.642101910828025,30.947,36.17905742321639,34.46307163014944,37.246863361054224,28.86285865015616,36.26482451046979,36.25468252008525,36.26482451046979,36.2647435096612,33.98004529754043,34.55258677048873,34.42744559016291,34.12214017395319,34.50730203898567,34.86416666666667,35.02674276751322,34.68125589888834,24.0,ok
2026-09,SBUR,K/01/125gsm/2800mm,VMI,1,22,35.542,48.0,35.39209081840686,34.392906188964844,35.363298744736746,20.823,39.161,42.208,42.010333333333335,41.93915923566879,43.02,43.79986105272703,37.25300036211463,43.25422689683422,37.252995183526245,35.04943191736948,35.363298744736746,35.04943191736948,35.047941012616064,39.072157606420426,41.974746284501066,40.93191548851946,38.85841466251993,38.14383629356251,39.161,39.288875297531845,37.864065544507255,40.0,ok
2026-09,SBUR,K/01/160gsm/2650mm,VMI,1,32,32.888,36.0,30.43941731603573,29.68766975402832,28.1052984100894,18.125,32.47933333333334,36.6755,38.20550000000001,36.44189808917197,34.598,38.058704606692814,34.42034371537168,33.64963953770304,34.42033905473953,29.41079516005115,29.68766975402832,29.41079516005115,29.413018473728513,33.70742583370124,34.50917185768584,35.03428673283103,33.57319702550796,32.71589567824353,34.42033905473953,33.645793422264845,32.48759186095276,36.0,ok
2026-09,SBUR,K/01/160gsm/2800mm,VMI,1,32,52.756,41.0,39.06539192976304,38.46355438232422,36.66440183088713,27.065,37.60999999999999,45.391333333333336,46.84933333333333,45.102216560509554,48.719,47.103252771939374,43.60712371840093,46.75150662777497,48.35321703537095,38.06444938099146,38.46355438232422,38.06444938099146,38.066999357632234,43.65519833806625,46.071419980554154,45.80079439088192,43.37491820959371,42.36502550181821,45.102216560509554,43.32707918415319,41.98980840072155,45.0,ok
2026-09,SBUR,K/01/225gsm/2650mm,VMI,1,32,13.066,36.0,36.81972482671598,36.77683639526367,36.99809007458239,35.186,35.76266666666667,36.45166666666667,35.67641666666666,36.21949044585987,36.229,37.82642947167176,34.87318936249668,34.69380474137443,29.42480757079443,36.86488376552068,36.81972482671598,36.86488376552068,36.86455997440757,35.23434715921972,35.719541666666665,35.65779385694831,35.21956026854156,35.61062483759686,36.21949044585987,35.99944344781513,35.64882554024872,40.0,ok
2026-09,SBUR,K/01/225gsm/2800mm,VMI,1,32,61.776,36.0,25.01220859697348,25.89704132080078,22.828948667424708,12.911,29.198000000000004,32.569833333333335,32.07783333333334,32.3623821656051,23.724,33.79819405113906,29.73757678374772,34.22089139770164,28.05827381993483,24.57939952839966,25.01220859697348,24.57939952839966,24.58391481454572,28.8657984884795,30.90770505854053,30.667316572659058,28.95847994210591,27.876629497691845,29.198000000000004,28.737461039303177,27.816930261953097,17.0,ok
2026-09,SBUR,KS/257/165gsm/2100mm,VMI,1,32,36.972,69.0,57.18411729469449,58.38154983520508,57.02535731316093,50.813,50.01866666666666,52.92916666666667,62.58533333333335,52.59203821656051,68.849,54.925373048631336,49.287678762297126,51.874847212592535,46.37045224845295,57.530341481020166,57.18411729469449,57.530341481020166,57.532407756712466,54.024555615520114,52.233442714576526,52.19218196851961,53.48474064971332,54.833583122943196,52.92916666666667,53.97156847268647,54.54098577502866,2.0,ok
2026-09,SBUR,KS/257/165gsm/2650mm,VMI,1,32,55.076,37.0,40.6401151983037,41.54022216796875,40.59234732584432,42.244,39.056666666666665,42.46233333333333,33.76483333333334,42.19187261146497,42.416,44.06378648537196,41.68641229759481,40.21197554489032,45.504161697095626,40.92422823070559,40.6401151983037,40.92422823070559,40.9256779151829,41.360204196975104,42.217936305732486,41.868765631213904,41.347561828256644,41.25959435860522,41.68641229759481,41.55391983104447,41.237470554727125,58.0,ok
2026-09,SBUR,KS/257/165gsm/2800mm,VMI,1,32,82.17,69.0,66.44119313165139,68.4361801147461,67.56109569928171,55.755,67.07266666666666,79.127,71.42716666666668,78.62300636942675,76.003,82.11124918307269,74.92862308043613,70.76968407985886,74.92861978196683,67.47948964855973,67.56109569928171,67.47948964855972,67.48092960677553,73.07460158280945,74.92862143120148,74.44668332972587,72.87196678805086,71.78342190567491,71.42716666666668,72.19444916211664,71.46516711984953,64.0,ok
2026-09,SBUR,KS/257/215gsm/2450mm,VMI,1,23,64.014,54.0,63.16130174524526,61.7381706237793,58.00171657989319,76.121,60.597,53.47616666666666,45.64275,53.13555414012738,57.662,55.49300297650855,71.80328066643405,69.30644387714352,66.72268163120062,60.96706298297258,61.7381706237793,60.96706298297258,60.97234361610124,60.99598799580808,59.1295,60.542882525253226,61.36630228301892,60.98931299284604,60.597,60.68427601115967,61.26349814658488,21.0,ok
2026-09,SBUR,KS/257/215gsm/2650mm,VMI,1,32,64.793,76.0,69.82728641896053,67.29127502441406,66.9454363733386,51.644,74.57566666666666,77.48233333333333,71.29366666666668,76.98881528662419,35.796,80.40455444562832,71.58613604581234,76.49929707348124,66.61416594735468,68.02133260557106,67.29127502441406,68.02133260557106,68.02161151225418,68.28846354655674,73.08090135623951,72.92629128110096,69.2669406205696,68.22681794479082,71.29366666666668,71.29130505592434,68.94197002261778,40.0,ok
2026-09,SBUR,KS/257/215gsm/2800mm,VMI,1,32,46.835,62.0,68.02425140386951,66.93637084960938,69.80043244516116,49.31,60.69466666666667,74.58933333333333,81.9875,74.11424203821656,90.759,77.40244588740383,62.50464935304163,80.79437849720156,60.002653217075824,68.25368489954668,68.02425140386951,68.25368489954668,68.24944702515414,71.21588689929395,74.35178768577495,71.68328596264394,70.43529980152964,70.53230182242919,69.80043244516116,70.54008560827819,69.86489806673498,52.0,ok
2026-09,SBUR,KW2/01/115gsm/2450mm,VMI,1,27,72.579,46.0,57.06090132340587,61.715126037597656,54.61288440705254,61.42999999999999,52.27066666666667,56.2755,52.87508333333333,55.91705732484077,45.334,58.39791226006302,54.25078502325808,54.708490499757126,49.33710604002658,57.796303922685354,57.06090132340587,57.796303922685354,57.80698369196648,54.07966011479456,54.479637761507604,54.38293047464267,54.40356001124117,54.93734714738475,54.708490499757126,55.15214231537527,55.29168879681565,19.0,ok
2026-09,SBUR,KW2/01/115gsm/2650mm,VMI,1,28,24.521,36.0,33.77862543400575,35.363494873046875,35.31002967829783,30.464,34.06066666666667,33.42216666666666,32.23108333333334,33.20928662420382,26.248,34.68267286014701,32.69454657572798,32.81193728872198,28.13100377351965,34.81738332845015,35.31002967829783,34.81738332845015,34.81759900197835,31.795536378898714,32.75324193222498,32.47217008144229,31.989427160481647,32.492885674949044,33.20928662420382,33.03944282771925,32.72744306993466,12.0,ok
2026-09,SBUR,KW2/01/115gsm/2800mm,VMI,1,28,49.014,55.0,55.448970499162805,56.14209747314453,56.59549863551696,44.451,52.96733333333333,54.73616666666666,57.13708333333333,54.38752866242037,67.205,56.80052346851092,54.46305428544314,56.76899697198452,51.52317356734879,56.06218886927477,56.14209747314453,56.06218886927477,56.061593515475536,55.0439860289041,54.599610476054906,55.02060056472649,54.62250396416766,55.27895591514349,55.448970499162805,55.36779666624258,54.9980366557847,17.0,ok
2026-09,SBUR,KW2/01/125gsm/2100mm,VMI,1,32,29.14,28.0,36.140643889046174,38.39962387084961,36.69402436808457,39.629,31.913333333333338,31.55333333333333,33.989333333333335,31.352356687898087,44.956,32.74335708278952,34.11407554216629,34.141885386085974,41.7007139472842,37.07809737599345,36.69402436808457,37.07809737599345,37.08076173247325,35.6093388646224,34.05170443774981,34.42183077961808,35.3106218464209,35.948283136477265,34.141885386085974,35.30725297840987,35.772542645820636,65.0,ok
2026-09,SBUR,KW2/01/125gsm/2450mm,VMI,1,32,125.459,116.0,114.79859255851184,114.98860168457033,113.01501618156756,113.916,115.40733333333333,111.9735,108.34525,111.26029299363056,82.07000000000001,116.19654429462496,113.9229360225906,111.23313877006738,106.28158860578289,114.26740347488324,114.79859255851184,114.26740347488324,114.27027488829657,109.06065840200297,111.61689649681529,111.77518629771475,109.99896653051782,110.26221495728304,113.01501618156756,112.60592535677092,111.11357119349053,98.0,ok
2026-09,SBUR,KW2/01/125gsm/2650mm,VMI,2,32,95.806,129.0,127.87045204866146,126.21079635620119,115.75327917984302,119.466,127.37900000000002,132.4624,148.97573333333332,131.54649117518358,154.5644,137.45817652366256,147.16246066807796,140.5594576022926,147.16245781434813,123.27817586156854,116.87579897554332,123.27817586156854,123.29315799371642,138.67365771168983,143.86095770832037,141.9377850448577,138.0516506417092,135.12085420781568,140.5594576022926,138.37069997611215,134.200398672522,109.0,ok
2026-09,SBUR,KW2/01/125gsm/2800mm,VMI,2,32,116.868,108.0,143.8227042063789,151.84612274169922,153.54592926982787,153.454,122.49233333333333,137.83266666666668,157.83133333333336,136.86657003938348,173.28900000000002,143.03098105872917,117.77683062400308,114.28284876772679,155.68965568924756,149.73825207263533,150.96373031995284,149.73825207263533,149.73649359360064,141.2546219512423,138.02483333333333,138.32436416567674,139.8547244238971,143.21238274848687,137.83266666666668,141.86232275266423,142.43338769809333,123.0,ok
2026-09,SBUR,RF1/01/100gsm/2090mm,VMI,1,32,41.314,14.0,24.008920924208343,24.990501403808597,25.18588412356793,20.947,16.166666666666668,22.64883333333333,29.898416666666662,22.50457324840764,46.404,23.503026748634674,18.96133696489821,18.95992657502532,23.605139671273783,24.72843548386162,24.990501403808597,24.72843548386162,24.728238536211137,24.359891987490627,22.576703290870483,22.02831832775794,23.55077471940761,24.444940486653163,23.503026748634674,22.9283573797925,23.858035762338577,58.0,ok
2026-09,SBUR,RF1/01/100gsm/2440mm,VMI,1,32,216.962,197.0,217.30157374674263,228.14920043945312,211.4091950782519,230.192,210.85133333333337,219.599,207.09691666666663,218.20028025477708,171.767,227.8811051771656,195.9807127485812,210.91896432295,183.4120073958806,218.95332308814923,217.30157374674263,218.95332308814923,218.9784846539281,207.58993198993545,210.88514882814167,210.44120122105133,208.8347138598811,210.21225301260014,211.4091950782519,213.24878681427424,211.48174687181069,235.0,ok
2026-09,SBUR,RF1/01/100gsm/2640mm,VMI,1,32,253.973,234.0,209.5842567533248,202.1220550537109,197.3588367010088,187.052,223.33666666666667,209.8805,200.7253333333333,208.5436815286624,170.372,217.7960750965901,206.28995545237285,215.0448491417597,177.9114719104562,203.0217161693482,202.1220550537109,203.0217161693482,203.02795491685208,201.6952533129841,207.41681849051764,204.58938657602138,202.86067974694632,202.0013601259912,206.28995545237285,204.06682977379697,202.90433046676313,198.0,ok
2026-09,SBUR,RF1/01/100gsm/2790mm,VMI,1,32,251.286,232.0,232.14940779251992,237.0909576416016,230.56988223371164,233.104,238.49166666666667,228.83183333333335,225.98566666666665,227.3743057324841,196.516,237.4621518300036,229.7041655868647,216.8035500052867,225.312057381751,233.27008255594436,232.14940779251992,233.27008255594436,233.27994673650733,225.95853972030574,228.1030695329087,228.38533811685,226.94913467567994,227.6458188362223,229.7041655868647,230.01358626321482,228.6011700831802,257.0,ok
2026-09,SBUR,THP/01/125gsm/2100mm,VMI,1,32,14.18,20.0,23.28180965398715,24.50191307067871,23.350041003827386,20.563,19.82733333333333,22.30583333333333,24.474,22.163757961783435,36.872,23.14709061470069,22.13700382378652,25.78266608849473,23.550620131553973,23.711254576164418,23.350041003827386,23.711254576164418,23.713027277305805,24.0823305286986,22.72646197401701,22.963050977526322,23.65682391064749,23.996697616575325,23.28180965398715,23.212452177072354,23.671490267956493,34.0,ok
2026-09,SBUR,THP/01/125gsm/2450mm,VMI,1,32,114.038,158.0,174.69958524702832,172.98797607421875,160.14124945143672,157.116,160.92066666666665,167.0076666666667,158.57125,165.943923566879,164.594,173.3063067366412,159.42769496727573,165.50981763396973,142.7208075521424,169.27627025756126,172.98797607421875,169.27627025756126,169.29470389128738,161.51181337902415,162.75733333333332,162.4945588057985,161.48454522372296,163.30361112022504,164.594,163.90047166967923,163.522618465045,161.0,ok
2026-09,SBUR,THP/01/125gsm/2650mm,VMI,1,32,281.883,318.0,282.5647231415021,298.1296081542969,270.9733722729843,286.868,305.83566666666667,303.363,272.54291666666666,301.43075159235667,228.262,314.8042373137422,297.8945471901716,300.331686707353,272.2097209542628,283.8892345229278,282.5647231415021,283.8892345229278,283.9298751070295,288.354252709122,299.1131169487623,293.73848369275805,290.5207551149253,287.3238638969233,297.8945471901716,290.5927727118455,288.8008545658311,246.0,ok
2026-09,SBUR,THP/01/125gsm/2800mm,VMI,1,32,307.935,328.0,286.1635125734355,301.2187194824219,281.2695869794512,287.933,318.0763333333333,312.1195,301.65216666666663,310.1314777070064,287.491,323.8909858758206,290.41293739749386,301.31330519374643,290.4129326889432,289.5506063451029,286.1635125734355,289.55060634510284,289.58077723164047,302.34336388630106,301.48273593020656,301.00705327564276,302.76929255186656,299.3911890691015,301.2187194824219,298.0761154595865,299.3277286463153,333.0,ok
2026-09,SBUR,TSL/01/80gsm/2450mm,VMI,1,32,57.472,52.0,50.12095806967677,50.23089599609375,48.29246748622168,43.686,51.29,53.02883333333333,47.89933333333334,52.69107006369426,19.765,55.028798611358496,43.61065663093782,47.99498541393255,43.61065128919228,49.548107183997395,50.12095806967677,49.548107183997395,49.550920753155864,45.860532867578215,47.94715937363294,47.86200757364966,46.65442937532471,46.71151155598264,48.29246748622168,48.42404077709891,47.410273375702566,49.0,ok
2026-09,SBUR,TSL/01/80gsm/2650mm,VMI,1,32,19.053,22.0,24.65381644742362,24.6322021484375,24.562944546153872,22.218,22.93933333333333,24.0155,23.42166666666667,23.86253503184713,28.415,24.921236806097564,23.931535865655206,25.131131407756637,25.22062856712194,24.61632104733833,24.6322021484375,24.61632104733833,24.61641934315938,24.407656767847847,23.973517932827605,24.2139342963372,24.274267170207313,24.455810063114885,24.562944546153872,24.34806321333758,24.363552320206864,30.0,ok
2026-09,SBUR,TSL/01/80gsm/2800mm,VMI,1,32,44.462,45.0,54.09488011981559,53.92158889770508,51.09482870279743,52.908,50.28866666666666,52.53333333333334,49.21083333333333,52.198726114649695,57.4,54.5146109893052,51.040812273090616,51.23501333336751,51.04080762451088,53.03709924010604,53.92158889770508,53.03709924010604,53.0411730761099,52.23708036682573,51.7168697240086,51.826115446492004,52.08658918915264,52.42170010681348,52.198726114649695,52.22977671103002,52.33568936232639,51.0,ok
2026-09,SBUR,TSL/01/100gsm/2450mm,VMI,1,32,33.336,38.0,37.37042298429433,36.05783081054688,37.18848274866129,29.011,35.449666666666666,40.97283333333333,36.5935,40.71185987261146,37.267,42.51811047518344,37.74245540336504,35.51927355021078,41.3817137776682,36.87224551450083,37.18848274866129,36.87224551450083,36.870495435805196,37.71674130790389,37.504727701682526,38.13448702658676,37.65801899732876,37.521857663272414,37.267,37.713739855891454,37.45251347996745,47.0,ok
2026-09,SBUR,TSL/01/100gsm/2650mm,VMI,1,32,72.19800000000001,59.0,58.9919488113954,58.93035888671875,58.06983899882168,48.109,56.45966666666666,60.518,59.30691666666667,60.13253503184714,54.366,62.800416773809104,58.1273688829323,61.59822826224131,52.17393256380071,58.66404889897861,58.93035888671875,58.66404889897861,58.6652882812876,57.35920648479638,58.717142774799484,58.15174787468546,57.43355378840102,57.66032396499228,58.93035888671875,58.322514882783175,57.75497684998248,50.0,ok
2026-09,SBUR,TSL/01/100gsm/2800mm,VMI,1,32,80.922,74.0,69.69347076526536,67.55316925048828,68.00235716743718,61.27,71.45466666666667,67.79433333333333,65.90133333333333,67.36252229299362,64.664,70.35117466267675,67.9633210235197,62.35965101027578,70.9964505915858,68.41633239439695,68.00235716743718,68.41633239439695,68.41549581970438,67.0117452914385,67.57842781316347,67.33944744097612,67.05610004129785,67.3358807767366,67.79433333333333,67.69840909211638,67.41083651699105,89.0,ok
2026-09,SBUR,TSL/01/150gsm/2100mm,VMI,1,32,36.603,34.0,48.45271776006137,51.08691787719727,46.18486417754191,56.972,42.27266666666667,44.20916666666667,39.83525,43.92757961783439,42.094,45.87650107223398,45.32685844888229,46.0041220639207,43.11893721573802,48.57483327160018,48.45271776006137,48.57483327160018,48.58215411014165,44.96370817519427,44.06837314225053,44.12195161467034,45.1465903294889,45.79704473590333,45.32685844888229,45.04149040994955,46.043106124908334,43.0,ok
2026-09,SBUR,TSL/01/150gsm/2650mm,VMI,1,32,79.69800000000001,71.0,69.2922071260365,68.51375579833984,69.39476985558373,59.365,68.48033333333333,66.94883333333334,70.01575000000001,66.5224076433121,73.516,69.47378690395612,68.14228237254748,70.01846243874927,64.26433878649728,69.06691092665335,69.2922071260365,69.06691092665335,69.06556857625363,67.6747194811729,68.31130785294042,68.2638989310804,67.48072809031574,67.99599443012993,68.51375579833984,68.53156959627138,67.89429471855443,48.0,ok
2026-09,SBUR,TSL/01/150gsm/2800mm,VMI,1,32,57.885,71.0,63.80206223345162,64.59469604492188,64.43758901047754,53.714,67.23466666666667,69.80866666666667,64.78908333333334,69.36402547770702,46.103,72.44147792542023,63.67246884488748,66.68774848840154,66.64967022560197,64.27811576295035,64.43758901047754,64.27811576295035,64.27841220616367,64.0464807628685,66.66870935700175,66.39961050609966,64.55092929474169,64.09993499365662,64.78908333333334,65.69244559171656,64.47981553000598,56.0,ok
2026-09,SBUR,TWTC2/51/115gsm/2450mm,VMI,1,32,25.911,26.0,24.974022642698596,25.603424072265625,26.174322272245785,19.858,23.25333333333333,29.4555,30.35858333333333,29.267885350318476,32.431000000000004,30.566404644583997,31.20559348385505,31.58063894359233,31.20558893742357,25.58392299573667,25.603424072265625,25.58392299573667,25.583152117990345,28.91825280264401,30.462493988958663,30.34325929158574,28.755688687216406,28.14879207797308,29.4555,28.756813859636047,27.92781025809973,39.0,ok
2026-09,SBUR,TWTC2/51/115gsm/2650mm,VMI,1,32,57.496,39.0,40.26401327730111,40.59776306152344,40.20239234835472,35.504,37.934,38.37199999999999,36.992583333333336,38.12759235668789,47.959,39.81918755485314,32.92987517325058,37.67929009701793,32.9298700965614,40.35472289572642,40.26401327730111,40.35472289572642,40.35532393819354,37.82473986117043,37.80664504850897,37.43491096450652,37.49530708590197,38.40858209991412,38.12759235668789,38.32167321861645,38.24163300122467,35.0,ok
2026-09,SCAN,HP1/01/190gsm/2090mm,VMI,1,32,15.168,28.0,24.772446862899624,24.61728858947754,25.10367069362254,21.912,26.024,28.604,25.232999999999997,28.421808917197453,26.97,28.411272745490365,23.8503755533556,25.632151194949262,25.57617566473196,24.8311353819999,24.772446862899624,24.8311353819999,24.83041827818311,26.063478407572468,25.82807559747463,26.307766600861935,25.999272411565684,25.779091555517258,25.57617566473196,25.81555619457459,25.69425807912338,40.93618669,ok
2026-09,SCAN,HP1/01/190gsm/2290mm,VMI,1,32,39.792,50.0,48.87505781729412,45.71908187866211,49.48899085228667,36.656,45.168,51.3025,55.25341666666666,50.97573248407643,49.646,50.95683540852746,49.26172151520824,50.30333675634337,49.311185904883466,48.02771018274763,48.87505781729412,48.02771018274763,48.02198146967902,48.88347287357057,49.974668378171685,50.075802011506504,48.752216231552666,48.685989175688356,49.48899085228667,49.39310473525355,48.561660316954075,69.55137136,ok
2026-09,SCAN,HP1/01/190gsm/2440mm,VMI,1,32,100.014,90.0,78.80404244450615,82.42356872558594,79.45724261786954,83.33,73.948,84.2765,86.41791666666667,83.73970700636943,79.298,83.70866408667735,81.22959294630435,84.84252812126256,89.35433875241881,80.2282845959872,79.45724261786954,80.2282845959872,80.23289137228042,83.01452475796992,83.72418554652339,83.52116536010227,83.0453882969937,82.37154625905085,83.33,82.47842261156325,82.31146278183562,111.4417893,ok
2026-09,SCAN,HP2/01/105gsm/2090mm,VMI,2,32,55.503,92.0,77.04952411797507,76.54419031739235,70.54647209819322,71.138,83.42166666666667,83.75983333333333,69.96024999999999,83.22633121019106,53.491,83.19547860264818,79.85222716768821,79.49402123329058,79.48154784362372,74.71339551118689,76.51798825820941,74.71339551118689,74.72202721522726,76.70203560574419,79.7592833365828,79.39217908215403,77.45938369565262,76.24311866084633,79.35328580571822,77.83258455849833,76.74506619812422,59.2605246,ok
2026-09,SCAN,HP2/01/105gsm/2290mm,VMI,2,32,107.833,100.0,111.81520524483255,111.44462656974791,111.00565951459491,111.015,115.27033333333333,101.14233333333334,101.35608333333333,100.49811464968154,132.986,100.46085926613883,108.38570371904474,95.43235182507807,117.00283774663036,111.42183044305845,111.44462656974791,111.42183044305845,111.42243307123627,108.35496172065737,104.87580591249977,106.21046874130722,107.60599961702643,109.06270065659608,110.85617475831486,107.93772610712566,108.60190395538694,149.2118468,ok
2026-09,SCAN,HP2/01/105gsm/2440mm,VMI,2,32,287.248,240.0,243.0415405896333,251.98706763982773,247.6366770647088,263.336,237.3776666666667,227.1038333333333,233.1636666666667,225.65731210191083,253.363,225.57365929169768,232.2238291740959,231.17941713256965,226.15303581267702,247.5550950980566,247.60584246120706,247.5550950980566,247.56216882886787,235.5131420179618,231.7661122855518,231.04979504519451,235.13313430595426,238.2920542672144,233.33221794907254,236.55156172948188,238.3765104977618,269.3947543,ok
2026-09,SCAN,HP2/01/125gsm/2090mm,VMI,2,32,102.879,146.0,122.19940153707196,122.55533963441847,120.010957200547,118.203,126.982,127.93966666666664,117.67008333333334,127.12476433121016,126.448,127.07763825457238,127.82228653659823,127.31033427109988,128.55676494368328,121.58856612401249,122.19940153707196,121.58856612401249,121.59227768899362,125.51345383371637,127.10120129289126,127.06790607258753,125.50549914755261,124.60771051609242,126.982,125.24145942306251,124.48433782656971,139.9411427,ok
2026-09,SCAN,HP2/01/125gsm/2290mm,VMI,2,32,204.964,186.0,183.4627948930668,185.26190549135208,184.26769524876676,167.764,195.843,192.8475,182.91491666666664,191.61917197452232,206.094,191.5481373509283,187.45258338733848,174.8820132560331,191.8127301756688,184.33079854439524,184.2912189379199,184.33079854439524,184.3323937233126,188.2778052811158,190.9170450826054,189.19024661895898,187.60091744342967,187.3669575726418,185.92580090735407,187.5704305941044,186.74799101566552,233.5294476,ok
2026-09,SCAN,HP2/01/125gsm/2440mm,VMI,2,32,210.893,180.0,204.32801583170297,209.3948821425438,217.10195038135203,204.78,180.534,198.45533333333333,224.92150000000004,197.1912866242038,233.896,197.11818637709897,197.44680677814637,202.4967399673137,223.3641445028007,210.27494945186626,209.39156105298622,210.27494945186626,210.26424329368643,206.0203997582897,200.6100395553668,203.77148797948828,204.8347944894377,207.00221891834582,204.35365002944286,205.93930847028096,206.25161773132942,256.8167237,ok
2026-09,SCAN,HP2/01/155gsm/2090mm,VMI,2,21,101.756,140.0,127.4020950437046,127.724394261837,124.36810237489465,137.042,122.98699999999998,125.9021666666667,113.1073333333333,125.10024203821656,150.924,125.05386646674775,137.76646635454867,138.6662558227483,118.95703838958765,126.49819722681208,127.41801273277392,126.49819722681208,126.50308029789873,129.5506369071849,125.11721334417574,128.6982543581611,129.13477137698004,128.84622775017579,125.13475000000003,127.96490198104478,128.44802743284274,148.7837248,ok
2026-09,SCAN,HP2/01/155gsm/2290mm,VMI,2,21,140.899,166.0,175.58098668550687,176.31674376130104,188.3829641029405,151.694,180.6726666666667,178.3685,181.78500000000003,177.23239490445863,208.918,177.16669356397702,182.22863849213152,190.01738842667405,182.22861865027,180.0935648499161,176.3076696699757,180.0935648499161,180.07617505606115,181.03119007041775,181.13169331155686,180.05366921300495,180.08121696103225,180.8148150195328,180.9787048832272,180.2392335149776,180.07990126796577,203.8446341,ok
2026-09,SCAN,HP2/01/155gsm/2440mm,VMI,2,23,168.167,172.0,171.03247908298292,172.1426510810852,164.0835213066307,167.12,165.22433333333333,173.2073333333333,176.29358333333337,172.104101910828,183.246,172.04030166593478,166.16512320124536,171.63563352354413,163.7562915426903,169.0862171568996,172.1426510810852,169.08621715689958,169.09797174067623,171.07927018442425,172.0722017883814,170.65072081238898,170.6254541973789,170.61933487038013,170.0723366230562,170.12921959389251,170.2268552374726,174.533641,ok
2026-09,SCAN,K/01/110gsm/2100mm,VMI,1,32,39.955,68.0,52.71441319460926,53.62010192871094,49.47387046304748,56.075,47.60833333333333,50.905,49.26041666666666,50.58076433121019,42.405,50.56201367323406,50.187701858573824,52.38118963146672,49.09358855038199,51.936128528789226,52.71441319460926,51.936128528789226,51.942205183387614,49.90590080448668,50.37485776590394,50.098247513344454,50.17383611724536,50.374414894710334,50.56201367323406,50.5732175965767,50.635294818392346,48.8095935,ok
2026-09,SCAN,K/01/110gsm/2300mm,VMI,1,32,39.705,70.0,54.66527720623296,52.76869201660156,55.50646753849147,43.225,53.855,53.30333333333334,60.27041666666667,52.96382165605097,88.75,52.94418758135651,48.329820281605016,48.72156919479493,49.06780210003173,54.313478920442,54.66527720623296,54.313478920442,54.30935313354907,55.14309508138392,52.954004618703735,51.80928564426125,53.97233275415477,54.95164519808963,52.96382165605097,52.644016736321504,54.06027875451918,107.3025221,ok
2026-09,SCAN,K/01/110gsm/2450mm,VMI,1,32,111.76,100.0,96.86718943616886,104.443359375,97.89168789122088,106.41,91.62,90.07933333333334,106.17175,89.5055796178344,113.71,89.47239924714289,95.29683373198148,96.17458312464696,93.91224373240983,99.73407890079659,97.89168789122088,99.73407890079659,99.7442173016249,97.23527227873488,94.60453873219566,95.54245732039527,96.71353517092619,97.81191996074914,96.17458312464696,96.93966451386238,97.50439646023418,130.9542713,ok
2026-09,SCAN,K/01/160gsm/2100mm,VMI,1,32,87.37,126.0,102.09650711440555,101.20738983154295,100.46986119577332,96.028,97.90733333333333,103.6445,92.65166666666666,102.9843439490446,105.535,102.94616690218068,92.42986111964576,97.15660720651957,88.35937205076394,101.25791938057394,101.20738983154295,101.25791938057394,101.25890862311078,97.96428512281545,97.53197026992645,98.27901967629079,97.73188377445024,98.72435456691356,100.46986119577332,99.27198624438519,98.6522664800393,92.62165673,ok
2026-09,SCAN,K/01/160gsm/2300mm,VMI,1,32,94.495,120.0,100.13090416995328,94.31429290771484,111.1289464741044,81.831,113.95266666666669,112.10266666666666,115.64949999999996,111.38863694267516,150.82,111.34734436314704,101.97728693384305,117.20162655820576,90.68760584820436,101.85804785059084,100.13090416995328,101.85804785059084,101.83321743629973,110.69583339794087,111.74565180467091,111.06968359549977,109.3536077930171,108.65634442547548,111.34734436314704,107.99913834719679,107.39115005013217,131.1922378,ok
2026-09,SCAN,K/01/160gsm/2450mm,VMI,2,32,125.174,110.0,116.9561759316235,119.57625794410704,109.93767391052876,119.684,111.71033333333332,114.0575,115.55711111111111,113.33101910828027,106.063,113.28900647352704,112.89596535371038,114.2629221655596,109.8241771515038,115.49003592875312,117.17886356352906,115.49003592875312,115.50420701507242,113.06750346970254,113.09500323676352,113.0308040448085,113.30895505119983,113.62654942179113,113.28900647352704,113.30442703349877,113.88180951881897,92.33663122,ok
2026-09,SCAN,KW2/01/115gsm/2100mm,VMI,1,19,56.38,60.0,51.431869763858735,51.04531478881836,49.043659484638425,52.481,48.992,48.5335,47.81625,48.2243694267516,64.0,48.20649230154023,51.56721481430126,51.744899011749176,48.76315295837603,50.50694801243851,51.04531478881836,50.50694801243851,50.50980970402484,51.03288785127183,48.877576479188015,49.63752270186301,50.6718023599439,50.911517119233366,49.043659484638425,49.92733113872151,50.629530120496256,62.84953662,ok
2026-09,SCAN,KW2/01/115gsm/2300mm,VMI,1,19,78.785,90.0,93.72799126615182,97.00836181640624,91.71944740865892,95.596,90.249,91.891,88.3505,91.30570700636942,89.92,91.27185931533543,95.4511369297342,92.5675173208967,89.49229822173861,94.15193349707232,93.72799126615182,94.15193349707232,94.1598703377939,91.60950187940742,91.28878316085243,91.20084727376691,91.72861724586696,92.19621686809931,91.71944740865892,92.01151769412736,92.36305658064208,87.95967379,ok
2026-09,SCAN,KW2/01/115gsm/2450mm,VMI,1,20,94.325,100.0,105.80551127048086,106.029541015625,109.15634312460404,97.369,97.538,112.779,113.85866666666664,112.06066242038216,105.25,112.01912071611166,99.2694297530698,124.28219936726582,95.09716695081272,106.99713180356996,106.029541015625,106.99713180356996,106.99262838000826,106.95232458743085,108.63456035805584,106.48603548159394,106.94151211809165,106.9626647142322,106.029541015625,106.65640092225262,106.95485098738266,100.965925,ok
2026-09,SCAN,KW2/01/160gsm/2450mm,VMI,1,32,33.795,35.0,32.38263675732048,33.13960647583008,33.23803403423428,28.075000000000003,32.888333333333335,33.63583333333333,32.15958333333334,33.421592356687896,26.43,33.40920272882078,32.74424956049482,31.61923680112471,33.9374055743818,32.920092422461614,33.13960647583008,32.920092422461614,32.92001611715207,31.832043702151005,32.81629144691408,32.70703301896581,31.975474759421978,32.083131868376526,32.888333333333335,32.77805282013108,32.221954318730596,21.82889881,ok
2026-09,SCAN,THP/01/125gsm/2100mm,VMI,1,32,58.702,76.0,76.87597506227905,76.52845764160156,71.24490321431112,70.26,85.10466666666667,85.11633333333333,70.43166666666666,84.57419108280254,45.884,84.54283881378151,81.84228310122218,82.55017142169264,68.24092302769323,74.88311197273059,76.52845764160156,74.88311197273059,74.89072440041667,75.85470741138587,82.19622726145741,79.0335251810276,76.89039689962095,75.63049307938851,76.87597506227905,77.65005411159525,76.36857920224674,55.88148732,ok
2026-09,SCAN,THP/01/125gsm/2300mm,VMI,1,32,53.998,40.0,33.25552027103414,33.39559555053711,31.251451263585885,31.334,42.056,32.87966666666667,27.27083333333333,32.670242038216564,23.282,32.65813094138844,32.03510715072232,25.82147907845832,37.04897822278734,32.63418902838571,33.25552027103414,32.63418902838571,32.63730279981372,31.705643743157303,32.34661904605538,31.474663355054556,31.98322185712839,31.91992342436385,32.65813094138844,31.861171912831608,32.1539053123163,25.31890695,ok
2026-09,SCAN,THP/01/125gsm/2450mm,VMI,1,32,128.794,120.0,131.24361564100684,133.60789489746094,124.59402597148052,139.9,123.84066666666668,116.362,123.02600000000002,115.6208407643312,123.798,115.5779792760016,121.44493921666891,127.58153012098528,121.44493259615916,129.81517883664944,131.24361564100684,129.81517883664944,129.82842393312436,122.85968886408128,122.23546960833447,121.65275641324915,122.95153270678176,124.46480193467393,123.798,123.70396780144081,124.74606833511639,148.4439593,ok
2026-09,SCAN,TSL/01/80gsm/2100mm,VMI,1,32,76.618,88.0,82.3849114490699,81.36717987060547,77.20451610919812,80.28,82.83133333333333,79.45366666666666,75.10366666666665,78.94759235668789,81.048,78.91832590882194,77.29587607980366,75.80683841171873,78.51261324330294,80.31886914295784,81.36717987060547,80.31886914295784,80.32480168169228,78.81979126670016,78.93295913275492,78.90134570921384,78.77146473105239,79.16573231506733,78.94759235668789,79.22530780389852,79.1768104619917,79.55264984,ok
2026-09,SCAN,TSL/01/80gsm/2300mm,VMI,1,32,51.41,82.0,78.54895074455011,76.9446792602539,79.56676427702733,73.104,74.07333333333332,76.526,85.61516666666667,76.03857324840764,110.556,76.0103851951264,76.64828272638417,77.27634436356071,79.08233839820642,78.35346476061045,78.54895074455011,78.35346476061045,78.34953183676893,80.49304239316854,76.58714136319207,76.93032065528091,79.45445342648922,79.99929370873207,76.9446792602539,77.40470202372408,79.16612239230422,108.7458708,ok
2026-09,SCAN,TSL/01/80gsm/2450mm,VMI,1,32,180.188,160.0,156.23400908744551,151.6312255859375,148.0292194635903,141.85,150.97799999999998,147.80866666666665,165.40516666666664,146.8672101910828,161.56,146.81276544587948,147.21607890465086,148.89025007147723,143.49144163759544,151.96481804565778,151.6312255859375,151.96481804565778,151.96962666180448,150.08795795840192,147.51237278565875,148.09549521329282,149.62131081642337,150.52107951699944,148.0292194635903,149.3852694907478,150.2341075457037,163.880274,ok
2026-09,SCAN,TSL/01/100gsm/2100mm,VMI,1,32,88.19,100.0,103.70460648427618,102.59896850585938,105.88770686264792,98.138,104.224,105.49,96.56216666666666,104.81808917197452,77.538,104.77923234239194,105.67124730598712,106.97090876489872,101.38436505792448,104.0637606175945,103.70460648427618,104.0637606175945,104.05890689033744,100.55760093098435,104.50161617119596,103.13894776204849,101.33823765694567,101.36671470481747,104.224,103.42316765204595,102.04820059100128,85.43769705,ok
2026-09,SCAN,TSL/01/100gsm/2300mm,VMI,2,32,67.018,98.0,78.8628210160073,79.34439198672771,76.38932668013521,71.76,95.002,81.45533333333333,76.31916666666667,80.93650955414012,76.498,80.90650580017362,72.88374203821513,75.74339697282703,72.96043644798031,78.19884656095675,78.8628210160073,78.19884656095675,78.20316315227423,78.44650908133362,76.40858333333334,77.21454943152033,78.51962014604771,78.38935619201588,76.498,77.53360175674274,78.43704019364324,89.23664768,ok
2026-09,SCAN,TSL/01/100gsm/2450mm,VMI,2,32,142.196,130.0,140.0699398025166,142.19777791202068,141.41331640680343,136.18,128.48033333333333,137.82483333333334,159.19141666666667,136.94696815286625,156.654,136.8962009136864,159.53724409482112,160.8443395458252,159.61911788281074,141.22701137378021,141.42853910482776,141.22701137378021,141.22833184014763,147.21744539233433,147.23941666666667,147.84177213768018,146.8533686093771,145.83503754189877,141.36269993783355,145.6278053401567,145.38550637907056,161.5927119,ok
2026-09,SCAN,TSL/01/150gsm/2450mm,VMI,2,32,25.069000000000003,28.0,29.49694318911541,29.85391721129417,29.631634862533208,27.656,29.109333333333336,29.206166666666668,29.07275,29.020140127388537,25.582,29.009382149941125,29.421835577515772,31.128460221728723,27.77769455821429,29.660831754314263,29.536325669304883,29.660831754314263,29.66118444833641,28.698376263478846,28.95328195975956,28.800052594139604,28.806940353985148,28.920481376748555,29.081070819731437,29.034888718837866,29.029856699780414,25.28204306,ok
2026-09,SCOC,HP2/01/125gsm/2190mm,VMI,2,32,110.926,110.0,139.6203736385498,141.87580060958862,135.39630834206505,168.957,149.88166666666666,130.48966666666666,116.83075,129.6585222929936,111.856,121.8646378437262,164.2553549834268,163.39207899611822,166.72396653249623,138.96416086340116,139.65699413964896,138.96416086340116,138.9737304352895,142.39096439820943,140.31467303609344,143.22089785634256,143.79499347785531,141.60016358248444,139.64614200803916,141.80198552536208,142.53687727117233,210.0,ok
2026-09,SCOC,HP2/01/125gsm/2290mm,VMI,1,32,62.413,50.0,61.97229850056399,58.82247161865234,53.90699130969693,58.771,60.165666666666674,54.69816666666667,55.893833333333326,54.34977070063695,49.556,51.08275959181271,54.43856238274138,56.40637580975206,52.66653536364751,58.23392047630441,58.82247161865234,58.23392047630441,58.240755878654554,54.80286705152573,54.56836452470402,54.74220737612965,55.005789590890586,55.59464861109004,54.69816666666667,55.550411909458575,55.84995915367446,55.0,ok
2026-09,SCOC,HP2/01/125gsm/2440mm,VMI,2,32,326.654,250.0,261.8211406239656,271.6372889280319,256.915426507434,265.493,281.77866666666665,286.3881666666667,272.5792333333334,284.5640382165605,213.59,267.4586509805019,273.44172096810667,285.1119550741812,251.28143197622452,263.45795201981053,261.8211406239656,263.45795201981053,263.4801042714722,268.1686863882242,272.91727715072,274.1881516941948,269.95506613788916,267.0815938416672,271.50201416015625,270.59638793963614,268.26541461091966,244.0,ok
2026-09,SCOC,HP2/01/127gsm/2640mm,VMI,1,10,116.919,145.0,61.562810829767145,63.29363250732422,51.823251982958816,54.744,64.79933333333334,60.01866666666666,49.8342,59.63638216560509,60.01866666666666,56.051588329062994,60.01866666666666,60.01866666666666,60.01866666666666,58.89323177335006,61.562810829767145,58.89323177335006,58.90997496872135,58.51588371613347,60.01866666666666,59.293772860222454,58.525462313044756,58.60296403702959,60.01866666666666,59.12090162864095,58.62580149792441,,faltante
2026-09,SCOC,HP2/01/127gsm/2790mm,VMI,1,11,144.622,175.0,58.321841074092085,56.91162490844727,50.55309341464388,39.734,62.32466666666667,60.59616666666667,54.93109090909092,60.21020382165605,60.59616666666667,56.59091707556466,60.59616666666667,60.59616666666667,60.59616666666667,55.262186465727744,56.91162490844727,55.262186465727744,55.27126111040761,57.67717118063117,60.59616666666667,59.86429792731456,57.54264547651343,57.119867015653455,60.21020382165605,58.816704939501946,56.949924138271896,,faltante
2026-09,SCOC,HP2/01/155gsm/2190mm,VMI,2,21,76.173,100.0,105.5543580541625,107.47663366794586,100.6475057689305,107.49,98.23366666666668,95.42066666666666,97.47116666666668,94.81289171974522,119.754,89.11360786785352,102.97079889503516,94.73988914788784,102.9707902058213,104.55949916367963,105.59203081245246,104.55949916367963,104.5695454110024,100.2977477836343,97.55600000000001,98.30484207456607,99.72264058819574,101.28122887133709,100.49217403247978,100.38972777093723,100.98744805793662,91.0,ok
2026-09,SCOC,HP2/01/155gsm/2440mm,VMI,1,22,123.627,110.0,128.51336890941923,126.04847717285156,118.50542591755618,126.131,140.58766666666668,137.64716666666666,126.15875,136.7704331210191,115.314,128.549045641277,130.69211537771557,133.25125957363986,118.2805371579077,124.35575733327566,126.04847717285156,124.35575733327566,124.36645335081636,129.33819742048925,129.62058050949628,130.25876728560857,129.84537186161725,128.18840355420917,128.51336890941923,128.29109730149762,128.41563942165783,98.0,ok
2026-09,SCOC,HP2/01/155gsm/2640mm,VMI,2,21,132.97899999999998,90.0,107.33606899012945,109.01313117146492,101.6058049923384,111.654,113.40066666666668,101.94416666666669,100.06533333333334,101.29484076433121,84.218,95.20592142249168,112.81434076364253,100.59468838132149,90.24815002705233,105.9850017179776,107.33606899012945,105.9850017179776,105.99586293654832,101.1440108025506,100.86071264877646,101.77856870059877,101.8665695287666,102.26116255226452,101.69649740115716,103.18071303972505,102.94411516620906,51.0,ok
2026-09,SCOC,HP2/01/155gsm/2790mm,VMI,2,21,124.215,120.0,119.56038594874633,122.00651775300503,118.69194902815282,118.04,130.64233333333334,139.72116666666665,124.36341666666668,138.8312229299363,88.76400000000001,130.4859596157262,129.35191628731388,143.27713654558224,112.98253242210248,120.0862842433014,119.5643562175874,120.0862842433014,120.09129233949773,125.6459684467328,129.35607131833785,128.431519261102,126.86798322416203,124.36296439978709,123.83325,125.64977425516847,125.099595033266,88.0,ok
2026-09,SCOC,K/01/135gsm/2200mm,VMI,1,32,33.032,35.0,33.88982871579676,33.32605743408203,30.735265681727974,34.06,35.61933333333334,32.800000000000004,31.174916666666665,32.591082802547774,30.336,30.63200499611121,33.09262525139601,31.266955204212582,33.0926200662029,32.650383943868924,33.32605743408203,32.650383943868924,32.65408236408891,32.466553832047055,32.695541401273886,32.336366665170985,32.55103462477396,32.508976165544404,32.800000000000004,32.44103909140363,32.57792509512365,31.0,ok
2026-09,SCOC,K/01/135gsm/2450mm,VMI,1,32,101.332,95.0,79.12089211721143,76.66586303710938,77.5941388701923,59.886,85.35733333333333,99.03983333333332,101.1165,98.40900636942676,98.113,92.49355699636244,95.34687473697028,95.2061808412434,78.85871232536229,77.79363134150437,77.5941388701923,77.79363134150437,77.79207428619034,90.3826997936032,95.27652778910684,94.15432537955603,89.97817049416354,87.47753015081115,92.49355699636244,88.94441062112247,86.79818943938798,80.0,ok
2026-09,SCOC,K/01/135gsm/2650mm,VMI,2,32,40.862,60.0,53.412016871228026,55.00936260074377,53.05103509999391,39.514,56.19466666666667,60.70366666666667,66.60666666666667,60.31701910828026,66.652,56.69131160413424,39.5140002552867,39.79470281512598,43.47350843013376,53.82413819065524,53.412016871228026,53.82413819065524,53.82711037227162,52.946154221296084,56.44298913540045,52.20256118602675,52.25723315887526,53.14876590653283,54.92428970336914,52.73363431008351,52.66689509750807,60.0,ok
2026-09,SCOC,K/01/135gsm/2800mm,VMI,2,32,49.788,40.0,46.754455255385636,48.23187094926834,43.29439842312541,44.668,52.85066666666666,51.00733333333334,43.67583333333334,50.68244585987262,34.57,47.63588077759075,47.82266629018899,51.95917945940618,41.17080810721171,46.09357487592647,46.75821186140797,46.09357487592646,46.10084597868974,46.60428138276036,47.945885383058545,47.356304403984886,47.0414371086978,46.48642603502947,47.482581237093804,46.93539456129874,46.795988367553065,34.0,ok
2026-09,SCOC,K/01/160gsm/2200mm,VMI,1,32,36.206,45.0,42.42621306131358,42.04130172729492,41.50872328834485,39.372,41.082,41.16566666666666,40.402750000000005,40.90346496815286,54.658,38.44472277443847,43.81825000342397,38.447394576372254,43.81824490976975,41.99207935898445,42.04130172729492,41.99207935898445,41.99281614676259,42.2112493898824,40.99273248407643,41.12402109076488,41.80435052551808,42.1606716904444,41.16566666666666,41.41337384683807,41.853530927084414,39.0,ok
2026-09,SCOC,K/01/160gsm/2450mm,VMI,1,32,79.678,55.0,60.47738665899677,60.181636810302734,54.6584787812304,58.095,61.981,61.85116666666666,56.34383333333334,61.4572101910828,50.866,57.76296482770245,60.70128300906424,65.44838935477486,58.29837267334766,58.439167416843304,60.181636810302734,58.439167416843304,58.44713095416455,59.2805220055972,59.49982784120595,59.69433289464396,59.58793819219069,59.0863632543463,60.181636810302734,59.46320601894407,59.29024274139486,33.0,ok
2026-09,SCOC,K/01/160gsm/2650mm,VMI,2,32,64.62,40.0,44.97282767441758,45.932502031326294,39.372228885720446,46.214,47.74333333333333,40.46066666666667,37.81533333333333,40.20295541401274,29.818,37.78632144754035,41.88217090193717,46.28519134915979,34.83582605289046,43.42585286382143,44.9935518234411,43.42585286382144,43.43542618717084,40.30437984988739,40.3318110403397,40.51249129391504,40.75198287012617,41.024719776179865,40.46066666666667,41.445029200835,41.452231642508494,30.0,ok
2026-09,SCOC,K/01/160gsm/2800mm,VMI,2,32,36.26,58.0,59.07016998003327,55.120894402265556,54.43661481945222,48.86,60.60266666666666,64.361,55.62766666666667,63.95105732484076,43.312,60.10690468154614,58.92197074437681,63.8665857792566,56.80652522114624,56.20922640058368,55.10214113403045,56.20922640058368,56.20987151185226,57.641637708449984,59.514437712961474,59.080924804372955,58.078185461694815,57.31108125278853,58.92197074437681,58.114474956080805,57.5906459852721,26.0,ok
2026-09,SCOC,KW2/01/115gsm/2200mm,VMI,1,8,36.265,40.0,43.4850933806589,43.58063507080078,43.177738922765805,41.345,47.04466666666667,43.559000000000005,38.146125,43.2815541401274,43.559000000000005,40.679862976390496,43.559000000000005,43.559000000000005,43.559000000000005,43.41448912474183,43.4850933806589,43.41448912474183,43.41508026092973,42.829220878318466,43.559000000000005,43.14375902335457,42.841150959888125,42.964282781339236,43.559000000000005,43.231598493728015,42.9909187175806,,faltante
2026-09,SCOC,KW2/01/115gsm/2450mm,VMI,1,8,53.4,65.0,50.155601476707794,50.62384796142578,50.57618020508589,38.09,55.76166666666666,64.07583333333334,63.538125,63.66770700636942,64.07583333333334,59.84058679258096,64.07583333333334,64.07583333333334,64.07583333333334,50.45187654773982,50.57618020508589,50.45187654773982,50.45198637087718,60.12772521322837,63.871770169851374,63.21231979982506,59.87472681548024,57.89483705965409,63.538125,59.58173484801429,57.4158478121863,,faltante
2026-09,SCOC,KW2/01/115gsm/2650mm,VMI,1,7,81.235,55.0,59.99191915216731,61.29938888549805,58.24646639678258,58.07,66.78166666666667,59.6925,61.980714285714285,59.31229299363058,59.6925,55.74698043385269,59.6925,59.6925,59.6925,59.845924811482654,59.99191915216731,59.845924811482654,59.85045504351629,60.03541543798642,59.6925,59.62913216560509,60.04487046777708,59.99168683187017,59.6925,59.70139638089761,59.994137455715276,,faltante
2026-09,SCOC,KW2/01/115gsm/2800mm,VMI,1,8,92.31,85.0,99.18419551199574,96.8179702758789,94.14344782580687,93.36,110.24,92.48583333333332,81.43187499999999,91.89675159235668,92.48583333333332,86.37275941268827,92.48583333333332,92.48583333333332,92.48583333333332,96.71520453789384,96.8179702758789,96.71520453789384,96.71886674918474,92.57305526717116,92.48583333333332,92.38765304317053,92.70283303592907,93.52893586810718,92.48583333333332,93.1830373734121,93.75082337717856,,faltante
2026-09,SCOC,KW2/01/160gsm/2200mm,VMI,1,32,15.465,40.0,31.37981733677085,32.29185104370117,31.231997956256475,34.51,30.636666666666667,33.050000000000004,30.175416666666663,32.83949044585987,34.7,30.865480643947425,29.49921862466646,30.088386601788866,25.76214550568199,31.634555445576165,31.37981733677085,31.634555445576165,31.636168149711843,31.21268051552779,30.751073655307046,31.27590683748825,31.11858075747741,31.310036268615878,31.231997956256475,31.395456373517554,31.25364600506829,33.0,ok
2026-09,SCOC,TSL/01/80gsm/2200mm,VMI,1,32,116.834,100.0,103.5735472708988,99.69933319091795,108.20789215988717,90.334,121.55400000000002,116.39050000000002,102.68708333333336,115.6491592356688,101.562,108.69738955792324,107.24128177101548,107.3853122085833,107.24127615465343,103.82692420723464,103.5735472708988,103.82692420723464,103.81427825663977,107.87420022611778,107.3132969897994,108.15025037686293,108.0289514985133,106.94021345252935,107.24128177101548,106.9161046324404,106.92912585849757,100.0,ok
2026-09,SCOC,TSL/01/80gsm/2300mm,VMI,1,32,93.474,70.0,67.6692499729196,66.61499786376953,65.06085207988116,48.784,83.34933333333333,81.43866666666666,75.93116666666667,80.91994904458598,50.922,76.05578183566976,77.04217525574803,81.11597966384707,46.56410416252744,66.44836663885677,66.61499786376953,66.44836663885677,66.45052271966198,70.2123156629045,76.5489785457089,73.66450874441959,70.86475969234284,69.3437120419704,75.93116666666667,71.25912804256531,69.71285758153967,68.0,ok
2026-09,SCOC,TSL/01/80gsm/2450mm,VMI,1,32,215.774,180.0,204.7781585111258,200.8662872314453,203.46012204650864,192.72,222.36266666666663,229.05066666666667,211.5713333333333,227.59174522292997,190.646,213.9110111492664,215.21470952123263,221.90181756375688,208.1296897759053,203.03485592969324,203.46012204650864,203.03485592969324,203.0307624517552,213.30996398997576,214.56286033524952,215.51520466836018,213.9558936607504,210.93878520683367,211.5713333333333,211.35508842213787,211.1049634142937,175.0,ok
2026-09,SCOC,TSL/01/80gsm/2650mm,VMI,1,32,46.778,70.0,56.96443509342048,56.56917953491211,58.21690895081679,43.45,58.74733333333334,68.36466666666665,68.70016666666668,67.9292229299363,78.546,63.84593935642714,60.51295456180192,73.42032295330571,57.13287089065949,57.25017452638313,56.96443509342048,57.25017452638313,57.24775655501121,64.06494773587971,65.88758114318172,64.68338058580534,63.49934257636723,62.49230776445744,60.51295456180192,62.26827760552543,61.86798132901349,130.0,ok
2026-09,SCOC,TSL/01/80gsm/2800mm,VMI,1,32,79.834,95.0,99.4589075097636,98.22429656982422,99.88816993013928,88.862,105.47666666666665,97.33466666666664,95.91433333333332,96.71470063694268,107.43,90.90109742768756,97.90263394487062,101.6997796021993,90.11747144390324,99.19045800324237,99.4589075097636,99.19045800324237,99.18794341632793,97.23533497222701,97.02468365180465,96.74453526861669,96.96144859019076,97.68651721015361,97.90263394487062,97.55984284682525,97.5424559320694,89.0,ok
2026-09,SCOC,TSL/01/100gsm/2200mm,VMI,1,32,64.884,55.0,55.9257721464337,55.44932556152344,53.65042349481591,49.546,55.85966666666667,51.667,56.98241666666667,51.33791082802548,74.207,48.25194518701456,52.66542412702642,45.01637652380039,55.168480115127295,55.00850706759102,55.44932556152344,55.00850706759102,55.01106762663455,54.07022201143275,52.166212063513214,52.70741362280764,53.36512923457257,54.28674933208466,53.65042349481591,53.47444477106877,53.794639457925335,88.0,ok
2026-09,SCOC,TSL/01/100gsm/2300mm,VMI,1,32,37.568,50.0,41.44723510325564,41.95723724365234,43.09196323243727,34.371,39.073,39.29016666666667,51.028333333333336,39.03991082802549,62.006,36.6931884643712,38.36600411222932,31.67174252376141,41.000304271457416,42.16547852644842,41.95723724365234,42.16547852644842,42.163881639466325,41.253965019984484,39.056455414012746,38.910429057125015,40.457536538248924,41.46431429070692,39.29016666666667,39.99544554689948,40.90280998777496,40.0,ok
2026-09,SCOC,TSL/01/100gsm/2450mm,VMI,1,32,102.648,95.0,102.07796972097496,100.81690216064452,99.22396583583216,96.701,97.16666666666669,97.92533333333334,108.24691666666666,97.3016050955414,96.191,91.4527225583086,96.12015468549228,100.6249800817989,99.38987352824134,100.70627923915055,100.81690216064452,100.70627923915055,100.70847337934225,98.1120252616049,97.23413588110404,97.44591310396379,98.08724446915068,98.71069925642314,97.92533333333334,98.37125852245092,98.77125829379005,99.0,ok
2026-09,SCOC,TSL/01/100gsm/2650mm,VMI,1,32,38.74,40.0,36.66876122021365,36.45898818969727,34.85842715859603,32.044,43.013666666666666,38.34233333333333,35.329249999999995,38.09811464968153,29.141,35.80800445820817,36.53388399600348,34.849053889354344,38.49302738446296,35.99539218950232,36.45898818969727,35.99539218950232,35.997689121079254,36.16523343777105,36.17094422710582,36.49344005443014,36.37209183473671,36.12603930355519,36.45898818969727,36.3274240994542,36.27439085519675,78.0,ok
2026-09,SCOC,TSL/01/100gsm/2800mm,VMI,1,32,79.408,75.0,70.26665200788804,73.63623046875,68.02520585726927,71.80799999999999,73.88466666666666,78.861,72.74983333333333,78.35870063694267,47.751,73.64849225604652,75.25507579027087,75.55049781857028,73.43732685191307,70.64269611130244,70.26665200788804,70.64269611130244,70.65110667698329,72.13045933537435,73.7665794613566,74.08764878613346,72.88583008841242,71.78712936058852,73.63623046875,73.35964168815987,72.30267548420386,91.0,ok
2026-09,SCOC,TSL/01/110gsm/2200mm,VMI,2,32,48.422,50.0,51.13295824549062,50.21465816348791,47.05011771832374,45.028,55.434,51.168,50.064166666666665,50.84208917197452,51.102,47.78592779393348,54.20262506924023,49.31210317881573,54.326583124978214,49.465911375767426,50.21465816348791,49.465911375767426,49.470408789246335,50.92654950056089,50.97204458598726,51.11516316112562,50.910460636231505,50.589479164070084,50.84208917197452,50.64716924107398,50.534676832037405,115.0,ok
2026-09,SCOC,TSL/01/110gsm/2450mm,VMI,1,32,53.29,75.0,57.21886935662984,57.33329391479492,55.67739178997662,43.9,58.72533333333334,61.469,75.60858333333333,61.077477707006366,66.314,57.40605838737682,75.89606251354633,72.5930403792894,68.66061320461453,56.74318502046713,57.21886935662984,56.74318502046713,56.74559030151914,64.16501688585001,63.89149999999999,64.80657743737395,64.01327501132441,62.452286455377035,61.077477707006366,62.310854031449466,62.116761206178055,120.0,ok
2026-09,SCOC,TSL/01/110gsm/2650mm,VMI,1,32,123.033,95.0,94.7499108779605,85.7509765625,89.0480240008011,78.312,109.47666666666667,91.353,86.55633333333334,90.7711337579618,89.05,85.31480342712645,97.69062861669032,97.30789804018048,76.24563844740139,89.84963714708721,89.0480240008011,89.8496371470872,89.84408243525789,90.20781022893604,89.9105668789809,90.05886142643368,90.40298215442732,90.12515490235555,89.05,89.98911999998484,90.25713638986531,98.0,ok
2026-09,SCOC,TSL/01/110gsm/2800mm,VMI,1,32,193.098,160.0,162.70437415221082,162.19850158691406,151.22178615561222,150.601,186.97733333333332,169.533,162.95175000000003,168.4531719745223,154.654,158.3273080184671,154.65876297205932,159.34133994185615,146.14193584192105,158.70822063157902,162.19850158691406,158.70822063157902,158.72405450156072,161.16396020821594,158.83432398016163,159.73105548448416,161.37183510381158,160.5972510751459,159.34133994185615,159.39011053351578,160.68089257318798,111.0,ok
2026-09,SCOC,TSL/01/125gsm/2200mm,VMI,2,32,100.779,90.0,98.2212128347891,96.8601707071066,95.49595939639084,91.273,113.92866666666664,100.898,83.58691666666667,100.25533757961784,52.272,94.22890366151309,102.2509579017594,97.12775393885632,103.40969215206249,96.85911431276219,96.85763107130735,96.85911431276219,96.86096887165888,93.92312285671426,98.60751985069622,97.65849888599575,95.33489137810513,94.60065934657145,97.0493624817818,97.39203736158458,95.73312371065843,109.0,ok
2026-09,SCOC,TSL/01/125gsm/2300mm,VMI,2,32,62.452,60.0,59.79284863550373,57.89643704891204,55.23670593991062,51.244,62.96566666666666,64.5345,59.7195,64.12345222929936,51.612,60.26893678114447,60.963602084629635,61.296205482841614,54.58580104462252,57.64199720810879,57.89643704891204,57.641997208108805,57.64567903106951,59.13136642892043,60.61620901054535,59.95066953120045,59.353020256515194,58.787665839502345,59.7195,59.168901046967406,58.9074868667983,50.0,ok
2026-09,SCOC,TSL/01/125gsm/2450mm,VMI,2,32,221.636,180.0,183.02580491529312,194.5935227125883,182.93087266240454,199.196,201.644,206.98716666666667,191.1805166666667,205.6687770700637,130.29,193.3058513251292,198.69591716523985,198.62693694443644,199.5850356159237,186.85006676342866,183.02580491529312,186.85006676342866,186.86794669246015,192.51802014541266,198.94595858261994,198.50895684178818,194.48709461572093,191.2100309034163,198.62693694443644,195.4887173830251,192.49886592984782,187.0,ok
2026-09,SCOC,TSL/01/125gsm/2650mm,VMI,2,32,99.129,130.0,122.90759708091642,116.16477601230146,125.53418533199618,103.437,128.17866666666666,131.0435,134.05791666666664,130.2088280254777,150.544,122.38186422889936,130.24698907519874,121.79473847644302,133.56788230800217,121.53551947507135,122.95065517291182,121.53551947507135,121.52137790229564,128.5461385447354,130.0397217402683,129.1241614246238,127.65543874488485,126.92830337481296,128.36463713697592,127.24082887860085,126.05474587857451,130.0,ok
2026-09,SCOC,TSL/01/125gsm/2800mm,VMI,2,32,256.837,190.0,222.33605551190658,222.30569803714752,216.95088868969953,226.459,231.28,238.27366666666668,230.19649999999996,236.756,208.854,222.52439474923997,228.2076340935068,238.07543006728,209.20312296936186,220.5308807462512,222.2935306973459,220.5308807462512,220.53862392878145,226.98297485460552,229.01823370401013,229.17597702934668,227.60083043659046,225.49403006036997,226.459,226.29427826831486,225.75793649283094,170.0,ok
2026-09,SCOC,TWTC2/51/115gsm/2200mm,VMI,1,32,28.063,35.0,29.998248931020697,29.552011489868164,27.406226413640173,31.497,32.32066666666667,30.049,26.073666666666668,29.8576050955414,15.189,28.06283896732151,31.564249272739083,25.940775816062537,32.18556324541704,28.985495611509677,29.552011489868164,28.985495611509677,28.988560580141687,28.274036573041492,29.953302547770697,29.51739333371145,28.70828293461007,28.438219428072607,29.8576050955414,29.34009409297752,28.781421828941507,42.0,ok
2026-09,SCOC,TWTC2/51/115gsm/2450mm,VMI,1,32,40.73,50.0,51.067758256914175,49.95402145385742,46.3164214660524,46.131,53.50333333333333,47.98683333333333,48.75108333333333,47.6811847133758,42.984,44.81502800043361,51.381875056024384,47.37215612373794,51.38186999756983,49.112733725607995,49.95402145385742,49.112733725607995,49.117898369930444,48.198836389114156,47.83400902335457,48.21735458355837,48.36787077661674,48.40973577445888,47.98683333333333,48.51581429757491,48.56359166184461,62.0,ok
2026-09,SCOC,TWTC2/51/115gsm/2650mm,VMI,1,32,47.795,50.0,48.658182587831305,48.48762130737305,45.35036873104623,44.225,52.57033333333333,49.27966666666666,48.15733333333333,48.96578343949045,52.776,46.022408400610615,50.11843826946713,47.34447844379017,50.118432922395954,47.4987242087502,48.48762130737305,47.4987242087502,47.50324741609708,48.95778748090877,49.122725053078554,48.997355512523946,48.82577138519687,48.6210805719491,48.658182587831305,48.572482818995404,48.48065666638543,50.0,ok
2026-09,SCOC,TWTC2/51/115gsm/2800mm,VMI,1,32,71.004,55.0,54.51088176665347,53.64468002319336,52.66745678192778,45.099,54.92366666666667,56.446666666666665,57.33266666666668,56.08713375796178,57.065,52.71568827277918,55.34149973027152,57.37269452633415,55.341495220849005,53.6076728572582,53.64468002319336,53.6076728572582,53.60901082272291,54.77255115081956,55.71431674411665,55.86757700706928,54.64451543567802,54.50373308307463,55.341495220849005,55.11963467833796,54.37429887123178,90.0,ok
2026-09,SCVA,HP1/01/190gsm/1790mm,VMI,1,32,68.71,50.0,45.811163103778426,44.97135543823242,48.39130916045328,33.464,48.636,47.34866666666667,49.58683333333333,47.04708280254777,59.51,50.80571082953895,52.57062578145264,49.131018939309705,52.570619905626565,46.39127590082138,45.811163103778426,46.39127590082138,46.38625557103795,49.06705582584756,49.358926136321514,49.679808279079204,48.68979769669939,48.44956815084152,48.636,48.814267193472745,48.08868474030503,49.0,ok
2026-09,SCVA,HP1/01/190gsm/1990mm,VMI,1,32,44.388,47.795,34.21436209135244,34.89857864379883,35.916363241804255,27.442,37.312666666666665,37.61083333333333,35.28266666666667,37.37127388535031,38.21,40.35689401443162,38.69984276390189,32.4965802175565,40.16121247630631,35.00976799231851,34.89857864379883,35.00976799231851,35.008355469536184,36.49439700242133,37.49105360934182,37.414547219319815,36.39440279786434,36.151790307782214,37.312666666666665,36.61295414365271,36.032711558119985,48.0,ok
2026-09,SCVA,HP1/01/190gsm/2290mm,VMI,1,32,78.71000000000001,80.0,68.9522624513184,67.29060363769531,66.90249612935204,61.38,71.16666666666667,72.24466666666667,64.2265,71.78450955414013,59.682,77.51942983913166,61.81412467733901,63.42647330569996,61.814120524987366,67.71512073945526,67.29060363769531,67.71512073945526,67.7155371065839,66.50584912346315,63.82648665284998,65.70539912147218,66.69366441564328,66.78491180407671,66.90249612935204,66.37530632746653,66.96032370850669,47.0,ok
2026-09,SCVA,HP1/01/190gsm/2440mm,VMI,1,32,55.586,50.0,46.75375609207829,46.08004379272461,42.4733581654692,31.926,50.900666666666666,52.449666666666666,50.97416666666666,52.1155923566879,31.92,56.27914755302595,51.2009795400344,50.84220599956378,57.56977614218791,45.10238601675737,46.08004379272461,45.10238601675737,45.10754435035752,48.617820159149986,51.087573103350536,51.41387964938101,49.04253281504622,47.806566126290164,50.900666666666666,49.31004843850646,48.01569135943034,49.0,ok
2026-09,SCVA,HP2/01/105gsm/2290mm,VMI,1,32,18.218,30.0,18.72059507979859,19.92704963684082,18.62526157949932,19.204,14.294,17.410666666666668,19.630666666666663,17.299770700636945,13.569,18.68186283350801,17.611070183494792,21.498301063870777,22.747769787593395,19.090968765379575,18.72059507979859,19.090968765379575,19.09295713147755,18.194710790243725,18.1464665085014,18.306339508495515,18.318503346109424,18.40153955373661,18.68186283350801,18.56788259412353,18.5205982847378,35.0,ok
2026-09,SCVA,HP2/01/105gsm/2440mm,VMI,2,32,8.8,30.0,17.46340514998092,18.36360740661621,17.14393551826299,12.423,14.479,13.8615,16.771166666666666,13.773210191082804,39.078,14.873562662735752,13.368341628309633,12.75204977518808,16.493582365787972,17.65698269162004,17.46340514998092,17.65698269162004,17.65882554394587,16.787341328977092,14.17025,14.47486614131936,16.042124572671305,16.988027797279308,14.873562662735752,15.358633798091862,16.46400524488581,43.0,ok
2026-09,SCVA,HP2/01/115gsm/2290mm,VMI,2,32,36.919,45.0,35.20879691472763,36.0251279771328,37.420726875809166,32.913,32.891999999999996,32.77433333333334,35.865416666666675,32.56557961783439,49.386,35.167269095171704,34.3145411816807,32.488477564865505,35.750032028580605,36.21821725588986,36.0251279771328,36.21821725588986,36.21626974922427,35.41166494881329,33.64143724365207,33.771257824230595,34.947935872979926,35.597792404292505,34.6494257980422,34.38294262704103,35.278909601461415,45.0,ok
2026-09,SCVA,HP2/01/115gsm/2440mm,VMI,2,32,44.727000000000004,43.559,32.70765870045837,31.051576673984528,33.37925141192777,20.374,33.94766666666666,35.75833333333333,41.141833333333345,35.53057324840764,51.77,38.36913837234973,39.639898896945546,36.44918720481873,45.83711480286867,32.37949559545689,32.72929626601225,32.37949559545689,32.37598401933605,37.881774585872364,37.11714225255757,37.368727219285084,37.32479843036719,36.61201789577649,34.70130895957777,36.002832228378104,36.03339749260152,56.0,ok
2026-09,SCVA,HP2/01/125gsm/1790mm,VMI,2,32,95.164,80.0,71.47548279045569,75.1401542276144,72.96357194697244,65.339,63.11066666666667,86.30016666666666,86.15174999999999,85.75048407643311,91.082,92.60115692538366,68.36478078648145,69.36870156026728,66.6717378191301,73.19306965501418,72.97853809620507,73.19306965501418,73.19653799252,77.47404445010288,77.5595928183502,76.99342251999464,76.82419118870634,76.48612718969778,72.90242102154444,75.7266382316678,75.87754935687664,48.0,ok
2026-09,SCVA,HP2/01/125gsm/1990mm,VMI,2,32,33.969,48.33,45.643418320935695,44.26812307536602,41.88526946918649,38.575,38.85266666666667,42.123333333333335,46.77950000000001,41.85503184713376,49.168,45.19886288616953,47.08368760475882,48.405929905561244,46.92744285401569,43.93227028849607,44.264982755070726,43.93227028849607,43.9355970885206,44.496945509763904,45.74351477641811,44.825312522955464,44.32879414613768,44.36663584331748,45.31621279160646,44.527631778135664,44.22618875285368,50.0,ok
2026-09,SCVA,HP2/01/125gsm/2290mm,VMI,2,32,100.938,135.0,126.33859500382266,119.42482152581213,117.476638129983,116.696,104.866,113.34166666666668,120.75332575757577,112.61974522292996,130.145,121.61702423731738,115.39472759672988,108.6368832262114,118.6037736775422,121.0800182198726,119.419171564818,121.0800182198726,121.08223283593314,116.26741463849733,116.04536379836495,116.15038830508922,115.74861551235142,117.37801546496854,117.41106025422418,117.26835152918373,117.1404313779865,168.0,ok
2026-09,SCVA,HP2/01/125gsm/2440mm,VMI,2,32,209.943,310.0,152.5986510127471,148.61949315667152,153.76810698423296,115.994,170.78033333333337,175.81283333333337,178.15165151515154,174.69300636942677,177.594,188.64936648244785,158.7497527057059,152.28672831850227,163.33312529997778,151.66208371788386,152.5986510127471,151.66208371788386,151.6542888310284,165.60447973578792,172.73666985138007,170.16050850696288,164.8579459401367,162.3870037316562,163.33312529997778,164.40183748413995,161.4124307608584,265.0,ok
2026-09,SCVA,HP2/01/155gsm/1790mm,VMI,2,21,63.302,60.0,60.950980437733406,63.36625972390175,66.32326272187292,52.723,53.42366666666667,74.28833333333334,73.53458333333332,73.8151592356688,82.79,79.71230970266815,53.524599767780465,52.76486571329935,75.9942199299379,63.546834294502695,63.36625972390175,63.546834294502695,63.54276775147089,67.2570737682688,73.67487128450105,67.07950616720355,66.42613470828721,66.40086465893816,66.30863261075466,65.90194887630325,65.67371554630468,60.0,ok
2026-09,SCVA,HP2/01/155gsm/1990mm,VMI,2,21,76.88000000000001,60.0,63.27102115109547,62.305934488773346,66.47230021349796,45.623,63.99533333333333,69.616,74.6220303030303,69.17258598726116,58.043,74.69883766756932,69.18119001402518,75.3669690473686,69.18118507230794,64.01641861778893,63.27102115109547,64.01641861778893,64.01030765406638,66.95001314248957,69.18118754316656,69.24866017893238,67.11869016524909,66.27302979063559,69.1741719745223,67.49952763128842,66.30755283891735,62.0,ok
2026-09,SCVA,HP2/01/155gsm/2290mm,VMI,2,21,130.121,140.0,133.10562286188178,131.80443413555622,144.82802228653844,114.293,126.45433333333334,124.51366666666668,141.5189166666667,123.72058598726116,187.252,133.6047198018727,125.37265614634094,128.0442562642993,134.74634295574324,136.5793597613255,133.10987809175188,136.5793597613255,136.5604073224103,133.95204778221841,127.24929479881632,128.64775223204825,132.10863829335545,134.55835054662774,131.64920043945312,130.9085539750631,133.2703344535555,138.0,ok
2026-09,SCVA,HP2/01/155gsm/2440mm,VMI,2,21,167.35399999999998,143.633,95.37257643124569,96.85750783979893,86.67868209083245,74.167,114.95099999999998,121.00350000000002,122.60591666666666,120.23277707006372,121.646,129.83826711830218,123.11995452595589,117.76531041742852,123.8846660224627,92.96958878729237,95.37252491652077,92.96958878729237,92.98444226192738,116.92143918208797,121.32475000000001,121.06127359862607,116.56169133540075,111.39408909098128,120.23277707006372,114.83658237561718,110.40917094677009,144.0,ok
2026-09,SCVA,K/01/160gsm/1800mm,VMI,1,32,52.72,55.0,43.79314338171574,42.8405647277832,43.31468873622108,36.17,35.76833333333333,49.2075,47.77458333333333,48.89407643312102,50.4,52.80026221740573,35.552533970821656,35.68096040347126,37.18393873949864,43.316132281906675,43.31468873622108,43.316132281906675,43.31536330692277,42.9432188430985,42.47926103641599,42.49973863988106,42.55658058811149,43.02927579051577,43.31468873622108,42.77186985388959,42.75458613716765,37.0,ok
2026-09,SCVA,K/01/160gsm/2300mm,VMI,1,32,67.96000000000001,52.525,42.5506711105264,42.37996673583984,43.17863992427211,32.509,40.558,46.3965,46.83058333333333,46.10098089171975,54.45,49.78402410140456,43.39612478991346,47.78451654020816,43.39612012572241,42.70309259021278,42.5506711105264,42.70309259021278,42.7019223945387,45.12058497823017,46.24874044585988,45.65080428014952,44.75764112161954,44.56270211945692,43.39612478991346,44.66823371683727,44.22119807254963,39.0,ok
2026-09,SCVA,K/01/160gsm/2450mm,VMI,1,32,102.925,70.0,59.52823585472012,57.90736389160156,62.588721834373786,37.305,69.41833333333334,74.02166666666666,71.65591666666666,73.55019108280256,72.8,79.42617303804096,75.54046734461828,72.1054452793463,75.54046376715557,60.00810719356516,59.52823585472012,60.00810719356516,60.001194043794726,70.13636571786303,73.17509554140128,73.27894724377296,69.9134759463566,67.7990752891789,72.1054452793463,70.13433049834055,67.3268503263227,72.0,ok
2026-09,SCVA,K/01/225gsm/1800mm,VMI,1,32,52.504,55.0,44.280123159120805,43.927711486816406,46.95697952264448,39.05,34.975,51.98083333333333,52.4175,51.64974522292994,59.235,55.7760835295283,37.58225018730363,38.54928705159176,39.20495638291357,45.0549380561939,44.280123159120805,45.0549380561939,45.050525402887466,46.042065570760045,45.42735080292175,45.47538699846143,45.45048477685327,45.81426691355247,44.280123159120805,45.33523735103893,45.34611474643624,31.0,ok
2026-09,SCVA,K/01/225gsm/2300mm,VMI,1,32,43.25,30.0,37.91799047234028,37.86982345581055,37.19909552806939,32.27,35.46,38.11183333333333,37.39733333333333,37.86908280254777,39.455,40.89447327309991,37.041859959933085,40.9123839325712,31.722659013921035,37.662303152073406,37.86982345581055,37.662303152073406,37.66326916836472,37.11346256487397,37.63320806794055,37.555851571524585,37.050605660162866,37.24011808499691,37.86908280254777,37.59133543170752,37.21048117039882,27.0,ok
2026-09,SCVA,K/01/225gsm/2450mm,VMI,1,32,54.17,60.0,38.07377019305542,37.16701126098633,36.62242528441465,25.08,41.11833333333333,47.649166666666666,46.10366666666667,47.34566878980892,43.495000000000005,51.12815108349069,45.33115993660809,44.26527661210334,41.44944993375479,37.287735579485464,37.16701126098633,37.287735579485464,37.288444186993495,43.29658730224325,44.79821827435572,44.66503698982364,43.199816216200986,41.90992921237607,43.495000000000005,42.70548185847966,41.657234347504534,64.0,ok
2026-09,SCVA,K/01/275gsm/1800mm,VMI,1,32,32.85,20.0,10.405659059180154,10.74230670928955,11.501970406412804,3.99,11.071666666666667,14.746666666666664,21.139166666666668,14.65273885350318,25.88,15.823357553882564,14.354178478079907,11.90851351511929,23.36796364849348,10.883312058294168,10.74230670928955,10.883312058294168,10.882242574736388,15.693425204907843,14.699702760084921,15.437436955653046,15.226520351386998,14.583399094150842,14.354178478079907,13.993396168476366,14.092874203296308,23.0,ok
2026-09,SCVA,K/01/275gsm/2300mm,VMI,1,32,31.25,30.0,34.719871923229825,35.04673767089844,32.15302874440096,37.864,33.083000000000006,33.79066666666667,28.806166666666662,33.57543949044586,28.05,36.257807458232,28.914656682552216,30.356588941802052,28.91465138090133,33.97321277950974,34.719871923229825,33.973212779509744,33.97742711424622,31.96129772872668,31.71979447090103,31.439167193728025,32.117151215480845,32.42558581736892,33.083000000000006,32.28384905565526,32.602593149777974,29.0,ok
2026-09,SCVA,K/01/275gsm/2450mm,VMI,1,32,68.7,57.338,49.98128110818716,47.61598205566406,48.49793565570469,38.255,50.26,49.63833333333333,48.85416666666666,49.322165605095535,41.615,53.262551766194,51.10413225706784,52.13580923790525,52.54554381249591,48.69839960651864,48.49793565570469,48.69839960651863,48.69691738925822,48.69927026787585,49.94916666666666,50.21910118334477,48.89715620005041,48.699069346024196,49.63833333333333,49.71220065773605,48.84490356607454,66.0,ok
2026-09,SCVA,K/01/400gsm/2000mm,VMI,1,32,31.678,30.479,14.156296052160137,12.589524269104004,13.409056774146457,4.139,18.421333333333333,21.174000000000003,29.65408333333333,21.039133757961785,17.66,22.719966513058964,37.677436949640274,23.80829807130941,37.67743253529767,13.384959031803533,13.409056774146457,13.384959031803533,13.383636807176629,23.397068449393476,21.946983256529485,22.80280250149947,23.477247439347543,21.086581660718874,21.039133757961785,20.226907537255936,20.843303800893114,41.0,ok
2026-09,SCVA,K/01/400gsm/2300mm,VMI,1,32,47.158,50.0,42.52657887431806,43.26819610595703,45.8429468961027,23.66,47.10166666666667,54.5375,104.86125,54.19012738853503,222.505,58.51941880164131,44.93075381247505,47.136051484292295,64.81558256833642,43.87924062545926,43.26819610595703,43.87924062545926,43.875580932052635,72.22573507219468,54.36381369426752,54.38339115157862,66.87946346579405,65.68423635371727,47.136051484292295,51.14913819155628,60.87656398140316,168.0,ok
2026-09,SCVA,K/01/400gsm/2450mm,VMI,1,32,29.239,50.0,23.204978413079747,24.80479431152344,24.21009877203592,15.921,19.958666666666662,23.33933333333333,31.01966666666667,23.190675159235667,31.66,25.04339622983159,27.87608095578957,28.30059151350445,48.5013613110488,24.073290498879704,24.21009877203592,24.0732904988797,24.074290376865,27.481077183607674,26.45973859281058,26.46162397639355,27.193379039199073,26.69466487174737,24.80479431152344,25.665512817222265,26.379447925812826,87.0,ok
2026-09,SCVA,K/01/430gsm/1800mm,VMI,1,32,69.48,65.0,62.92655415561146,61.87102508544922,64.09850530334661,42.855,69.13,71.38833333333334,68.63333333333334,70.93363057324841,94.8,76.60057347484765,70.24766169993777,67.08747894612158,74.63749502907116,62.96536151480243,62.92655415561146,62.96536151480243,62.96204729112197,70.63135063898932,70.59064613659308,70.82840899482066,69.73767782728409,68.86227622571542,69.13,68.78699915266708,67.96956633600465,40.0,ok
2026-09,SCVA,K/01/430gsm/2000mm,VMI,1,32,16.365000000000002,38.541,28.010635901631478,28.28890609741211,30.592559319311214,23.295,33.41666666666667,30.32166666666667,25.671666666666667,30.128535031847136,33.32,32.53552712226329,28.544262676771865,30.35067860338189,33.81100147288,28.964033772784934,28.28890609741211,28.964033772784934,28.960725783916768,30.139500490714415,30.33617263502428,30.86677835015514,30.030312058562405,29.868238940422998,30.32166666666667,30.232530157698406,29.75120183066221,40.0,ok
2026-09,SCVA,K/01/430gsm/2450mm,VMI,1,32,37.87,40.0,27.50401519323604,28.956954956054688,30.257868211383656,19.935,31.911666666666665,35.87499999999999,34.327083333333334,35.64649681528662,37.885,38.49432316312412,32.77968661964777,31.12825845767311,38.147431520028746,28.906279453558128,28.956954956054688,28.906279453558128,28.904524477760184,33.61299465757604,34.98679007430998,34.737488905822396,33.372630158237,32.52682961049498,32.77968661964777,33.19644611778287,32.20667092304281,19.0,ok
2026-09,SCVA,RF1/01/80gsm/2090mm,VMI,1,32,130.562,120.0,165.2049900861147,161.7212371826172,162.33975295071144,220.222,142.59400000000002,120.06166666666664,112.0705,119.29694267515922,42.682,128.82766818592205,135.66003434816287,137.91866216378193,131.66454149854258,163.08866007314776,162.33975295071144,163.0886600731478,163.08746129956145,129.09980155382354,130.2461048422323,128.90491925637255,132.4629263061302,136.9433842890522,135.66003434816287,137.78716729684047,140.45444708755193,29.0,ok
2026-09,SCVA,RF1/01/80gsm/2290mm,VMI,1,32,30.118,60.752,54.35892399690951,52.4412956237793,55.59563889212914,45.156,48.136,52.147333333333336,55.4575,51.8151847133758,84.35,55.9547401095049,52.17509578630511,59.209124308939806,52.761574090434834,54.13195283760598,54.35892399690951,54.13195283760598,54.12722264089362,55.716255234189376,52.46833493836997,53.38523800549232,54.77837106373599,55.35064698882397,52.761574090434834,53.634142949530215,54.60845285423335,72.0,ok
2026-09,SCVA,RF1/01/80gsm/2440mm,VMI,1,32,55.714,65.0,50.650381624683,51.31185150146485,56.356599492362975,40.67,45.77666666666666,55.66066666666666,56.26933333333333,55.30614012738853,70.43,59.724590665967874,58.50437395152525,55.34494038016873,58.50437010503863,52.77294420617028,51.31185150146485,52.77294420617028,52.765704619777665,55.61910818967557,55.96499999999999,56.59830409402019,55.06395103807017,54.96230111655897,55.66066666666666,55.32318413140355,54.46422000487891,84.0,ok
2026-09,SCVA,RF1/01/100gsm/2290mm,VMI,1,32,56.11,65.0,62.32113392083821,60.12696838378906,61.03892918547289,52.056,60.645333333333326,59.732,60.98066666666667,59.35154140127389,71.722,64.09318219316322,61.36368752363025,61.93911791316182,61.363682609235184,61.162343830033386,61.03892918547289,61.162343830033386,61.160833144158616,61.32472116404644,61.17217463795093,61.00408134100454,60.977779838714206,61.28724947158188,61.03892918547289,61.05683550401415,61.02554788792313,78.0,ok
2026-09,SCVA,RF1/01/100gsm/2440mm,VMI,1,32,85.05199999999999,80.0,69.27111079082509,68.50369262695312,76.40977382297046,53.29,68.74866666666667,69.681,78.84766666666667,69.2371719745223,123.896,74.76858347957219,70.24819884769562,69.26217838624562,69.43866835606794,71.39485908024956,69.27111079082509,71.39485908024956,71.38335580133894,74.74181343774372,69.55983417803397,70.43930017401728,73.07055726091247,73.96943935524504,69.43866835606794,70.78503914717399,72.63027937491293,111.0,ok
2026-09,SCVA,TSL/01/110gsm/2300mm,VMI,2,32,10.406,30.0,21.320076288885872,21.44166861474514,20.850648162469113,17.934,16.779333333333337,18.246,21.791500000000006,18.12978343949045,40.478,19.57818593545262,17.688433367902327,16.560976540667724,19.865546552385794,21.204131022033373,21.3389922708431,21.204131022033373,21.204996557386423,20.70517591692323,18.187891719745224,18.55044059780084,20.035642755364652,20.820319402717878,19.604299528101155,19.435004072545016,20.34078747712764,41.0,ok
2026-09,SCVA,TSL/01/110gsm/2450mm,VMI,2,32,20.53,30.0,21.383066963357184,21.364245846867565,20.367028181183116,15.81,17.61666666666667,17.81566666666667,22.46983333333333,17.70219108280255,48.014,19.116432892910527,18.098496269501126,16.752142698572964,23.516519653058545,21.038113663802623,21.325418301568426,21.038113663802623,21.039554515083996,21.69119492635124,17.758928874734607,18.73328820422819,20.793311894161146,21.5404838657631,19.280052332050673,19.501563357419666,20.857569295058788,28.0,ok
2026-09,SCVA,TSL/01/125gsm/2000mm,VMI,2,32,26.093,33.482,31.881483666364538,32.66706383228302,34.722344846855506,31.195,26.197000000000003,30.45016666666666,35.41358333333333,30.25621656050955,42.376,32.6734092275305,30.656667692129272,35.30371601829316,29.3695717794267,33.09029744850102,32.66706383228302,33.09029744850102,33.08739301517875,32.389133127788924,31.184541023436715,31.737820456342153,32.05781574325692,32.55094027872248,32.08768604571217,32.188646120395106,32.32648555869763,32.0,ok
2026-09,SCVA,TSL/01/125gsm/2100mm,VMI,2,32,106.336,100.0,143.18006935100752,141.32017350196838,134.26889939796473,182.557,121.41333333333334,99.9745,94.28775,99.33771974522294,40.666,107.27388741663421,116.77198613840628,116.44597438618953,113.9742487249471,139.5897140836469,141.3183746664712,139.58971408364687,139.59975154328947,109.27023997447333,110.53374576084333,108.8870740545823,111.97103528932111,116.26704169197494,116.57833313575169,116.73256667835123,119.18079243844848,24.0,ok
2026-09,SCVA,TSL/01/125gsm/2300mm,VMI,2,32,97.766,120.352,101.70658445515556,103.44697931408881,105.57239079374183,87.81400000000001,97.48933333333332,105.01266666666665,110.14225000000002,104.34379617834396,115.74,112.67990318851842,102.05866136933925,108.98671298783518,102.05865011492922,103.57531818766205,103.44697931408881,103.57531818766205,103.57239565017964,104.6325973838966,104.6782314225053,105.34108071845566,104.18169874016112,104.38860987707324,104.43479379110754,104.75249320819113,104.02270013636792,127.0,ok
2026-09,SCVA,TSL/01/125gsm/2450mm,VMI,2,32,171.22899999999998,156.178,131.7650144428879,117.53835171461107,118.81275616826294,98.025,137.77133333333333,136.91049999999998,141.38266666666667,136.03845859872612,154.674,146.9066768341437,140.07660975809776,140.75157743271845,140.07660025303576,122.70537410858729,118.84886525935309,122.70537410858729,122.70228888623319,137.2613422876722,139.02324755644082,139.14376209093334,136.56773816446625,133.90227270788336,137.8869370568661,135.73843666893123,132.94952727327998,186.0,ok
2026-09,SCVA,TSL/01/150gsm/2300mm,VMI,1,32,103.38,106.902,105.14544994540518,108.37913513183594,98.52473079090028,102.784,98.17266666666669,95.33266666666668,92.15966666666668,94.72545222929936,94.266,102.29314226255214,98.61560627040436,101.50773551838492,95.93449794970098,104.01643862271379,105.14544994540518,104.01643862271379,104.0309754554327,97.57914342303418,97.05358230818383,97.38143755018717,97.79238084068156,99.06467308449868,98.52473079090028,98.65449981717504,99.42035195996037,43.0,ok
2026-09,SCVA,TSL/01/150gsm/2450mm,VMI,2,32,103.201,107.683,86.92985522028734,88.1544506251812,88.08500836722233,75.05199999999999,96.36,96.59033333333332,101.32758333333334,95.97510828025476,83.518,103.6426343071,92.4755656299602,93.73921270817968,77.70992245436804,87.72310473756362,88.08500836722233,87.72310473756362,87.72331207574223,91.63903600465294,94.85716049421723,93.09244221363153,91.84474423328571,90.73535955840156,92.22516562668808,91.30266305494223,90.76925000151067,66.0,ok
2026-09,SPAL,HP2/01/115gsm/1790mm,VMI,2,32,44.337999999999994,65.0,49.17903633657015,48.59757128357887,51.62346272147489,39.182,48.757666666666665,54.69416666666667,60.25566666666666,54.34579617834395,66.256,41.74133724223594,39.413772973097544,39.194425580529106,47.75593988551316,49.80002344720798,49.24665699105735,49.80002344720798,49.795595685319725,49.159677185971965,47.942189633847946,47.61325913622679,48.37745796185157,49.30744940010336,48.52995062909167,48.34218057322051,48.74752324089808,145.0,ok
2026-09,SPAL,HP2/01/115gsm/1990mm,VMI,1,32,124.47,100.0,114.12009667696304,114.93104553222656,95.00722323365125,105.535,147.88766666666666,170.3645,137.91458333333333,169.27937579617836,89.577,130.018290468604,105.53500039049985,101.89758618403016,105.23774161313352,108.01945514761361,114.12009667696304,108.01945514761361,108.04834611427952,126.32467444524457,117.77664542955192,122.02138041203955,127.00700809836843,122.10039306886821,114.12009667696304,118.11966787393969,122.05971530628867,177.0,ok
2026-09,SPAL,HP2/01/115gsm/2090mm,VMI,2,32,60.730999999999995,95.0,81.83414647894158,81.0661698281765,85.99619254461597,69.45700000000001,86.70533333333333,105.29033333333332,115.79141666666669,104.61969426751592,123.071,80.35517459840207,69.92730040139925,65.61979561892127,74.54385466030972,82.965502950578,81.85974271188017,82.965502950578,82.95830454739769,89.53809028798814,83.5302539658677,86.82475134290047,87.97566667623482,88.02133936397044,81.72861178165371,85.53833521212633,86.66637810322888,207.0,ok
2026-09,SPAL,HP2/01/115gsm/2290mm,VMI,1,32,126.039,150.0,121.668610188349,121.5771484375,128.51986174182707,115.24,133.66533333333334,147.55816666666666,151.53516666666667,146.61830573248406,130.561,112.61301840865524,119.60887755441289,120.0128581989217,115.59449417723977,123.92187345589203,121.668610188349,123.92187345589203,123.91182270749407,129.30072207383802,125.28692909946085,127.67681149939862,128.91080719203302,128.05944931585051,121.668610188349,126.42516548489645,127.60631429433623,246.0,ok
2026-09,SPAL,HP2/01/115gsm/2440mm,VMI,2,32,113.547,160.0,133.78618541587548,136.66684955358505,131.55509991310038,125.99,166.34933333333333,168.23733333333334,149.90883333333335,167.16575796178344,113.834,128.39488551310097,132.21489321557357,132.10342157438023,123.656957443945,134.0027116275203,133.8429487881839,134.0027116275203,134.01035730775757,140.78554157087834,130.82396449061702,138.80819920927814,141.40810662395555,139.22027312241107,131.49833654079197,137.20637001535886,139.4776522543194,227.0,ok
2026-09,SPAL,HP2/01/155gsm/1790mm,VMI,2,21,172.202,180.0,159.1215084166722,159.80451649427414,161.1186543096674,144.894,154.18733333333333,274.60683333333327,226.72358333333332,272.8577452229299,182.925,209.57365543289157,146.21813311398253,146.41924469805954,178.5349410171081,160.01489307353793,159.77948262742296,160.01489307353793,160.0130517647799,193.69404694849717,181.38960994279668,182.99136898739522,192.62122533893256,185.92193451581423,161.24366639253088,175.33254368277608,184.1120709364921,81.0,ok
2026-09,SPAL,HP2/01/155gsm/1990mm,VMI,2,21,235.712,190.0,131.71449094443147,125.02333533763885,123.54242135522946,97.391,142.77066666666667,196.20883333333333,180.06116666666668,194.950345722809,145.57733333333334,149.74209465492663,98.94103685524921,166.98658624338233,138.75934519308166,126.7600825457666,124.95975266606416,126.7600825457666,126.76164067901736,151.1388408669449,147.824463769449,154.03484674905823,150.42867089219533,145.5129735620576,142.77066666666667,144.992700822505,144.2527219733394,144.0,ok
2026-09,SPAL,HP2/01/155gsm/2090mm,VMI,1,21,88.06,160.0,99.02549262100403,102.3849639892578,114.66015696783498,87.275,96.81766666666664,128.3335,131.5826666666667,127.51608917197451,141.964,97.9411924423961,87.65412440080513,86.23905637716778,102.71712983635692,105.35687119269893,102.3849639892578,105.35687119269893,105.33940812655635,108.80404255620337,100.32916113937651,106.82995041969987,107.17032033965413,108.00854147231775,102.3849639892578,106.33892401069956,106.69254090551519,114.0,ok
2026-09,SPAL,HP2/01/155gsm/2290mm,VMI,2,21,135.53799999999998,175.0,160.22589303340467,157.27417750656605,160.59933986278418,141.878,168.90866666666668,183.93633333333327,182.72566666666668,182.76476433121016,174.813,140.37600330505063,191.4173818963983,176.826760541437,191.4978202357102,159.36647013425164,160.22766846931626,159.36647013425164,159.36140258436006,173.5144396976473,179.77621360405186,178.32919858988564,173.1971150887596,170.24952364455604,174.813,171.9973410674656,169.58666405567774,152.0,ok
2026-09,SPAL,HP2/01/155gsm/2440mm,VMI,2,23,126.00800000000001,190.0,173.91783169928894,170.63402552902699,171.18716903723555,157.131,191.0043333333333,204.2195,194.0123333333333,202.9187388535032,176.279,155.85565226530807,157.13113966072459,170.31901630738054,159.98794992878638,171.9130087551838,171.18716903723555,171.9130087551838,171.9119219961233,176.88586636823692,173.29900815369027,174.75943972957336,176.50310645572088,175.73828384214772,171.09854729896873,173.80060543567387,175.3050296186984,154.0,ok
2026-09,SPAL,K/01/110gsm/1800mm,VMI,1,32,44.849,40.0,40.55255757711053,40.08625793457031,42.426920750334254,33.222,43.02366666666666,45.76466666666666,45.39225,45.47317197452229,54.858,34.92654704392937,33.22200027453899,33.249303106506645,27.454540459873748,41.021912087338364,40.55255757711053,41.021912087338364,41.01848557371753,39.65861461927044,38.97510685529801,39.214489844360656,39.075929390775784,39.973221727286116,40.55255757711053,39.81696392535323,39.58284249519967,36.0,ok
2026-09,SPAL,K/01/135gsm/2000mm,VMI,1,32,74.613,50.0,70.25185429482093,73.4081039428711,62.409510198238976,58.277,84.77966666666667,127.09483333333334,89.43566666666668,126.28531210191085,49.065,96.99587036848726,58.27699984356764,57.81479472442531,92.39409497958988,68.68982281197701,70.25185429482093,68.68982281197701,68.7060079772042,84.04192386846476,87.10766666666667,80.02654975416303,84.47321220519106,80.49913131696758,73.4081039428711,76.24764077343434,80.35873535583139,45.0,ok
2026-09,SPAL,K/01/135gsm/2100mm,VMI,1,32,14.863,24.0,21.608834396172348,21.87769317626953,21.84021281628538,13.957,23.409666666666663,30.7825,28.28333333333333,30.586433121019112,11.851,23.492500059283493,18.95672857643123,18.41663307434228,23.151464304349616,21.775580129575754,21.84021281628538,21.775580129575754,21.775657812923477,22.28872591354257,23.28056548550814,22.61838766906777,22.461047904562182,22.170307655704075,21.87769317626953,22.33745182257043,22.282194277498583,32.0,ok
2026-09,SPAL,K/01/135gsm/2300mm,VMI,1,32,33.687,24.0,37.161135209906114,37.27228164672852,33.48594853794221,38.661,38.63366666666667,46.26866666666666,35.343666666666664,45.973961783439485,17.86,35.31118831835084,37.96226941687876,38.524433339908,35.32149357277097,35.97312179819228,37.161135209906114,35.973121798192274,35.97860850153933,36.9860346431348,38.243351378393385,37.40775494381518,37.56937008425566,36.75228552507115,37.27228164672852,37.13234831531961,37.154258336459606,26.0,ok
2026-09,SPAL,K/01/135gsm/2450mm,VMI,1,32,21.962,50.0,51.22250766869316,50.13644409179688,46.07796465471674,43.39,71.02499999999999,64.37233333333333,47.74475,63.962318471337575,35.97,49.12749271987493,58.56764972977239,62.78709426189938,41.082089749385865,49.14563880506893,50.13644409179688,49.14563880506893,49.15141467487229,53.802872826560346,53.84757122482366,54.263217530480716,54.46396989031503,52.72812651390848,50.13644409179688,52.55735795534345,53.07765021506878,27.0,ok
2026-09,SPAL,K/01/160gsm/2100mm,VMI,1,32,29.321,36.0,30.518192535269343,30.388635635375977,29.59262990915589,26.12,30.535666666666668,37.98083333333333,33.95316666666667,37.738917197452224,30.543,28.986103446275308,26.3042924259262,26.33598808528231,31.59759969884472,30.1664860266004,30.388635635375977,30.1664860266004,30.167626155474558,31.009556752044745,30.53933333333333,30.325254093955948,30.890746783348106,30.815001969249888,30.518192535269343,30.27233140483743,30.70204731325442,15.0,ok
2026-09,SPAL,K/01/160gsm/2300mm,VMI,2,32,51.578,56.0,54.250308990593744,52.97057680040598,52.924163258518476,40.918,60.11000000000001,58.8425,60.50258333333333,58.46770700636942,55.806,44.90725037727244,60.81906533634768,62.41219379874215,69.13498225105397,53.38168301650607,52.96993535441563,53.38168301650607,53.38163845331056,57.19202821031189,59.47625000000001,59.090746133274614,57.12186505434966,56.31271778097209,58.46770700636942,57.178311213011774,56.14584701470133,33.0,ok
2026-09,SPAL,K/01/160gsm/2450mm,VMI,2,32,29.782,50.0,48.0506003441732,49.09617991745472,49.6770012251602,40.932,45.424,55.28166666666667,57.36466666666667,54.929554140127394,48.477,42.18970380716177,56.61906222878048,58.63683205999856,52.54496604683553,48.94126049559604,49.09118103609659,48.94126049559604,48.94051158994244,51.23994516162371,53.67264664039372,52.19117036270577,51.242899603996456,50.70947946946348,49.6010133901972,51.097827643143624,50.642087814849106,39.0,ok
2026-09,SPAL,K/01/225gsm/1800mm,VMI,1,32,34.081,45.0,58.41532099943345,57.589237213134766,66.7555391198925,51.682,51.69766666666667,56.235166666666665,75.69533333333332,55.87698089171974,109.005,42.917393202322216,52.422697366132255,55.09758058494253,66.77896314750001,60.92003244415357,58.41532099943345,60.92003244415357,60.906701111698204,61.74087818592834,55.48728073833114,56.35150922060465,59.99841307976649,61.55145224551879,56.235166666666665,57.87435029512095,60.23543227644183,12.0,ok
2026-09,SPAL,K/01/225gsm/2000mm,VMI,1,32,15.177,48.0,5.723522557622341,6.511993885040283,4.569293414458539,1.752,10.018,29.14333333333333,35.441500000000005,28.957707006369425,48.627,22.241525544093296,31.89014574636061,27.60874026764532,42.64508870293315,5.601603285707054,5.723522557622341,5.601603285707054,5.604482260035324,27.832504060073518,29.050520169851378,29.21382531630033,26.90548874558623,22.70229618906587,27.60874026764532,21.948496482273843,21.34695745585426,85.0,ok
2026-09,SPAL,K/01/225gsm/2100mm,VMI,1,32,10.781,24.0,3.5287549686155333,4.347475528717041,3.9404391456877432,0.0,8.433,25.923500000000004,27.550416666666667,25.7583821656051,21.118,19.784222375922543,2.0731501832979027,0.2760510288074767,13.130542217828427,3.938889881006773,3.9404391456877432,3.9388898810067725,3.9395501286946284,14.404726463812812,16.457382296875487,15.04954949044233,13.848259871172461,11.98953340624219,8.433,11.345996287297142,11.262566411955126,20.0,ok
2026-09,SPAL,K/01/225gsm/2300mm,VMI,2,32,29.691,24.0,27.15963686467546,28.286120176315308,26.502827283545212,24.241,25.82333333333333,40.349,36.27958333333333,40.092,20.593,30.793434090539417,26.66279037331217,26.133860568112716,32.790075145662904,27.316194774845325,27.12547110938053,27.31619477484533,27.318872666450265,30.375807684429393,28.72811223192579,29.744387014128012,30.496752072119413,29.66974316683307,27.033835643758582,28.912691609143444,29.667479421393303,19.0,ok
2026-09,SPAL,K/01/225gsm/2450mm,VMI,1,32,50.839,29.0,43.31996220224803,43.48040008544922,39.58911919627134,46.688,41.13666666666666,41.13616666666666,37.54058333333332,40.87415286624203,28.733,31.3941816894457,42.06734436027752,38.41499305357807,46.16645419803502,42.129827161322865,43.31996220224803,42.12982716132286,42.13546997600244,39.4151542834245,41.00515976645434,40.19498449112737,39.75864289717929,40.041617255247196,41.13616666666666,40.83993204785921,40.37887967786299,65.0,ok
2026-09,SPAL,K/01/275gsm/2300mm,VMI,1,32,13.495,20.0,18.68605162967483,20.87789726257324,19.226951228142845,19.916,14.159,20.65083333333333,26.838666666666665,20.519299363057325,24.793,15.76024375237836,19.08138103541481,30.275878300300096,25.129507628602244,19.59696670679697,19.226951228142845,19.596966706796973,19.599546146195703,21.712381007975285,20.585066348195326,21.68167022673462,21.553138045606666,21.22420847693413,20.519299363057325,20.98676905342207,21.043345153537985,24.0,ok
2026-09,SPAL,KW2/01/115gsm/2000mm,VMI,1,30,49.894,36.0,38.843358428375225,37.62178421020508,34.58078460198048,29.076,47.345333333333336,44.78966666666667,42.53175,44.5043821656051,36.467,34.18244934043546,43.14768114310336,45.08056905189496,34.944633264915204,37.01530908018693,37.62178421020508,37.01530908018693,37.01960131828227,40.20694649659541,42.83971557155168,41.06418554004839,40.31120197431869,39.470414785116525,38.843358428375225,39.7145600534279,39.45225358367379,28.0,ok
2026-09,SPAL,KW2/01/115gsm/2100mm,VMI,1,29,19.82,29.0,32.502058424114395,31.99468231201172,30.77048310264296,31.775,30.71533333333333,30.3925,32.456666666666656,30.198917197452232,29.264,23.194860977885927,31.17385571689901,32.97669845431136,29.820113648868237,31.75574127958969,31.99468231201172,31.75574127958969,31.757467820478105,30.196794599541676,30.553916666666666,30.679286649425467,30.22741771783729,30.5565515257066,30.77048310264296,31.033061330874904,30.626686709007057,28.0,ok
2026-09,SPAL,KW2/01/115gsm/2300mm,VMI,1,30,54.418,55.0,49.58393173354448,50.21152114868164,51.575531600264725,42.245000000000005,51.98566666666667,55.64466666666667,56.56275,55.29024203821656,47.576,42.46673710600104,53.76621159429055,59.24407360172726,44.7313159885373,50.45699482749695,50.21152114868164,50.45699482749695,50.45507653982348,50.95126636621061,52.87593913047861,51.49901715906296,51.02507799288189,50.83720370343053,51.575531600264725,51.15167638187429,50.876335213325106,39.0,ok
2026-09,SPAL,KW2/01/115gsm/2450mm,VMI,1,30,44.634,60.0,55.67614073326391,54.15803909301758,54.78715133516868,49.55,60.273,63.01766666666666,54.68574999999999,62.61628025477707,42.596,48.0936420986786,59.27014371101495,61.80388887561062,47.67444391903609,54.873777053816724,54.78715133516868,54.873777053816724,54.872734523842965,54.95808155257839,56.97794685550747,55.61273744755069,55.36813102698505,54.93862666824878,54.78715133516868,55.366417316306034,55.23885652695581,44.0,ok
2026-09,SPAL,TSL/01/80gsm/2000mm,VMI,1,32,19.055,15.0,22.222664597339698,22.53723526000977,21.15194345159836,19.341,25.695666666666664,33.0825,25.27091666666667,32.87178343949045,12.497,25.247807462397343,19.34099991239608,19.342565660400105,31.02961726381906,21.97061443631594,22.222664597339698,21.97061443631594,21.972645744189848,24.37198570718364,25.259362064532006,24.321262286658307,24.594789067038974,23.81782310621417,22.53723526000977,23.53771300321085,23.91053662497219,21.0,ok
2026-09,SPAL,TSL/01/100gsm/1800mm,VMI,1,32,78.692,95.0,81.59041556433353,83.48789978027344,78.81272049107253,62.064,98.28366666666666,148.73133333333334,116.49416666666669,147.784,86.645,113.50835238043194,67.11274030437156,66.29004041071342,72.36186875971028,81.29701194522649,81.59041556433353,81.29701194522649,81.30394030152252,97.92751685218938,92.46433333333333,92.40096579630786,97.53885327328771,94.08970802750562,83.48789978027344,88.69964784594741,93.30232708844073,44.0,ok
2026-09,SPAL,TSL/01/100gsm/2000mm,VMI,1,32,55.722,27.0,48.9208875026584,45.97412490844727,40.687260624451184,35.394,60.55100000000001,66.35433333333333,50.03475,65.93169426751592,25.55,50.64010979508,54.7507083109515,55.62824400276186,37.86101671085665,45.19409101185229,45.97412490844727,45.19409101185229,45.20148135253608,50.26958564204992,52.69540905301575,51.577638136608336,51.02424662238611,49.098317650465866,50.03475,49.44978909502298,49.504786827508305,41.0,ok
2026-09,SPAL,TSL/01/100gsm/2100mm,VMI,1,32,74.569,90.0,75.39199861987048,72.5638427734375,73.70923716677581,64.33,77.10300000000001,80.24316666666668,84.00291666666666,79.73206369426752,99.725,61.239749782303655,78.20786010294918,76.56579069584704,87.53873511628407,73.88835952002793,73.70923716677581,73.88835952002792,73.88645583031867,78.86882827249848,78.96996189860835,79.30913297106618,78.03219420825484,77.71948932962067,77.10300000000001,77.50220848738677,76.95035722987392,44.0,ok
2026-09,SPAL,TSL/01/100gsm/2300mm,VMI,1,32,115.99,130.0,99.58042057338918,93.56873321533205,100.6084156917539,86.266,122.36266666666668,124.58549999999998,117.23233333333332,123.79196178343948,112.032,95.0808045524523,115.11765635419688,114.20593508512172,115.11765129727983,97.91918982682505,99.58042057338918,97.91918982682505,97.9084820645873,112.57925090724902,115.11765382573836,116.01137378943308,112.40538835628078,109.19615988868964,114.20593508512172,110.14865372824377,108.62239775997486,84.0,ok
2026-09,SPAL,TSL/01/100gsm/2450mm,VMI,1,32,105.599,100.0,103.04027751040331,101.72576141357422,96.4036251042214,101.114,101.92966666666666,103.3985,95.29458333333334,102.73991082802549,98.889,78.91137066124662,97.69335630624514,89.69190112790069,95.50497032197192,100.38988800939966,101.72576141357422,100.38988800939966,100.39747184215075,96.51672592453897,98.29117815312256,98.40426277136952,96.40331414848933,97.41053255950683,98.889,99.03276377489313,97.44559590787007,84.0,ok
2026-09,SPAL,TSL/01/125gsm/1800mm,VMI,2,32,51.344,75.0,50.26829243165504,52.25989146530628,50.609849911367434,43.423,52.93833333333333,60.869,62.674083333333336,60.48129936305732,58.083,46.4538288348421,45.89584655972659,46.66446006995836,54.76556636429702,51.046011269442914,50.609849911367434,51.04601126944292,51.04857192199564,53.2248417858548,53.614352333305575,53.15188215574482,52.84151733588706,52.7220347436059,52.16953659057617,52.44544286444343,52.37364539797383,15.0,ok
2026-09,SPAL,TSL/01/125gsm/2000mm,VMI,2,32,134.586,60.0,57.858930815709726,59.498386070132256,57.777690623499296,50.926,62.438,72.09033333333333,65.10749999999999,71.63115923566879,57.176,55.01769382301958,51.29887516711337,45.74076267415728,57.56874398357589,58.3783358364471,57.886410860665094,58.3783358364471,58.38096795435906,58.89950682168682,57.18593701625769,57.97684467113482,58.71815781054945,58.77923659432381,57.45619722761749,58.11067505957224,58.6301675849474,30.0,ok
2026-09,SPAL,TSL/01/125gsm/2100mm,VMI,2,32,78.871,80.0,93.13156820665263,97.09263196587563,99.21305458338351,94.992,94.73133333333334,88.59066666666666,93.93375,88.02639490445858,142.662,67.61037088990922,93.53773254705882,92.28476080876914,102.19095338086606,96.47908491863726,97.09263196587563,96.47908491863726,96.47636342842969,95.85599625310617,93.67437638169895,92.991373892638,94.33884554984806,95.99978594515181,93.81175,94.14551932490618,94.89663421671303,27.0,ok
2026-09,SPAL,TSL/01/125gsm/2300mm,VMI,2,32,124.554,150.0,116.38367713816228,110.94133758544922,119.6113050975552,97.621,129.80999999999997,126.146,128.78791666666666,125.34252229299364,135.60399999999998,96.27174246660849,102.23983987442568,114.39842337600476,113.16163590288367,115.6454399403889,116.38367713816228,115.6454399403889,115.63242363568023,116.93830805795831,119.8704728344992,118.3460563521624,116.08097067413105,116.63995387698073,116.38367713816228,117.44585088157123,115.96392161591697,46.0,ok
2026-09,SPAL,TSL/01/125gsm/2450mm,VMI,2,32,81.401,100.0,120.39753474027864,117.99353291094305,119.73764201609954,113.795,129.57066666666668,127.86883333333331,129.54841666666664,127.05438216560508,138.447,97.58656946849165,114.34908652304672,115.6419457558415,123.62583231371522,119.37623655577374,119.76454379758447,119.37623655577374,119.37350383621809,121.74877328933667,125.34010723966014,122.97366612636809,121.023886774484,121.20126481236062,120.24226894953986,121.75691230511465,120.59321673977865,34.0,ok
2026-09,SPAL,TWTC2/51/115gsm/1800mm,VMI,1,32,43.01,24.0,39.18338810749675,40.1563835144043,36.73219908135362,40.662,34.95133333333333,31.825000000000003,40.57216666666666,31.622292993630577,65.75200000000001,24.28811221917314,35.23418606229717,36.89123737225791,42.76195926788352,38.690656901084886,39.18338810749675,38.690656901084886,38.69569497594543,38.45602879152423,36.06271171727754,36.68932057242585,37.559312324466205,38.51017373988439,36.89123737225791,37.35643268197886,37.85585317241349,41.0,ok
2026-09,SPAL,TWTC2/51/115gsm/2100mm,VMI,1,32,30.412,25.0,26.462774974680887,26.260351181030277,30.028566256732237,22.099,23.08333333333333,27.3625,37.43025,27.188216560509552,61.784,20.88243426856638,23.747750331841832,17.82261232030447,25.77556175982949,27.583897470814467,26.462774974680887,27.583897470814467,27.578429008410467,28.717565857438508,24.76165604583566,24.876060330919035,27.514801091847254,28.455950075909882,26.260351181030277,25.77867271088418,27.53140489718185,33.0,ok
2026-09,SPAL,TWTC2/51/115gsm/2300mm,VMI,1,32,36.76,40.0,28.85307353142592,28.50951385498047,30.81873372106301,24.753,29.808,29.295,32.31041666666666,29.108407643312106,38.293,22.357274075747902,28.46752987448272,29.29131830289772,29.60943060520812,29.3937737024898,28.85307353142592,29.3937737024898,29.390403385027895,29.329337716831525,29.29315915144886,29.263281070983442,28.996022882639586,29.344207559675738,29.29131830289772,29.3067786148189,29.098937097706028,52.0,ok
2026-09,SPAL,TWTC2/51/115gsm/2450mm,VMI,1,32,39.088,45.0,31.919831702615603,32.281028747558594,31.76848967971697,33.647,29.706666666666667,34.239333333333335,34.880250000000004,34.02124840764331,36.604,26.130676207688158,37.50393776876596,33.56777167795563,37.50393256441559,31.989783376630385,31.919831702615603,31.98978337663039,31.99055630105337,33.78048166264687,34.130290870488324,34.49326723648871,33.66056579719278,33.367243596643064,33.647,33.65877261653593,33.224774181208005,43.0,ok
2026-09,SQUA,HP2/01/105gsm/2190mm,VMI,1,32,46.6,65.0,56.131056473368005,58.39800643920898,52.38527949842903,61.042,57.278,54.971833333333336,49.43933333333333,54.62169426751593,48.115,53.52869757951153,57.26068763705078,51.64705713236225,59.5515476498106,55.63811413700201,56.131056473368005,55.638114137002,55.64700952986294,54.74558509329178,54.79676380042463,54.88466165829564,55.00092192607905,54.95155333414799,54.971833333333336,55.135812484531094,55.16951950685425,43.0,ok
2026-09,SQUA,HP2/01/105gsm/2440mm,VMI,2,32,19.142,35.0,45.449863700255996,45.78529161214829,49.26350883909647,38.312,34.894666666666666,59.88766666666668,59.263416666666664,59.50227348222206,58.804,58.31547909825202,38.83800476553066,38.845291637558084,44.76442041122299,46.832888050500245,45.78529161214829,46.832888050500245,46.82788602174549,49.142721939478584,51.548179843337245,49.82335521367308,48.54930712808798,48.609683349714345,46.044823791503916,48.85742771614047,48.10009957121031,37.0,ok
2026-09,SQUA,HP2/01/115gsm/1990mm,VMI,1,32,27.766,30.0,30.512752804571907,30.731639862060547,31.33604501290948,27.251,33.54666666666666,31.58666666666667,28.83541666666666,31.385477707006373,33.388,30.75744476798429,31.623312763144945,28.473633055309158,31.62330769113604,30.860145893180643,30.731639862060547,30.860145893180643,30.859290715307836,30.84709259845808,31.486072186836523,30.96860437710083,30.761933966595848,30.85010489724021,31.33604501290948,30.932451549127435,30.787339363958136,33.0,ok
2026-09,SQUA,HP2/01/115gsm/2190mm,VMI,2,32,25.613,25.0,25.294432728871772,24.805101931095123,28.28270854192764,14.293,25.19833333333333,35.20933333333333,42.28066666666666,34.985070063694266,75.807,34.28500818860959,24.2603508360586,23.175534383980153,32.82171610789691,26.12741440063151,25.320179222710752,26.12741440063151,26.122341266189228,34.231601291357286,33.295331936498116,30.981329794050897,32.66146614548356,32.361404316574415,28.282323465504142,29.36335799624443,30.95507117895096,59.0,ok
2026-09,SQUA,HP2/01/115gsm/2440mm,VMI,2,32,59.026,85.0,72.69705678222734,71.68135730922222,66.207158104551,62.205,74.25766666666665,75.14966666666666,68.72075000000001,74.67100636942675,58.70733333333333,73.17681685835045,71.65984737804676,69.44033468620454,73.71684886898528,70.19519073200019,71.68135730922222,70.19519073200019,70.20302060875454,70.17052708276805,72.42256311005185,71.88209078550514,70.4873289279083,70.1762186941293,71.8081266292888,71.31979076767016,70.41313822292827,87.0,ok
2026-09,SQUA,HP2/01/115gsm/2640mm,VMI,2,32,66.876,65.0,56.86230101071143,54.65167947113514,54.86908908116373,43.418,62.938,61.47416666666667,57.814166666666665,61.08261146496816,65.754,59.86032986200488,60.67790416633273,58.96128636416596,60.67789451342789,55.461023187670094,54.82980022686881,55.461023187670094,55.46051574677694,59.26583597042329,59.886591505552005,60.21792956148496,59.008175038371114,58.3878022513264,59.86032986200488,58.98260133191761,58.08240774230409,59.0,ok
2026-09,SQUA,HP2/01/115gsm/2790mm,VMI,2,32,166.81,160.0,160.18342580959933,164.57031106948853,156.71740767266886,152.817,167.98733333333334,180.53833333333333,165.01591666666667,179.3884076433121,164.117,175.79879113562484,169.75210770788897,174.00315903594856,157.94885973366345,160.49038151725225,160.08606715527696,160.49038151725225,160.50212379818586,168.73669085897714,168.34547454110051,169.32844556287364,168.85102694003962,166.8336963955022,165.10324415288645,166.53829445913897,166.67236747714455,138.0,ok
2026-09,SQUA,HP2/01/125gsm/1990mm,VMI,2,32,58.038,45.0,50.1749781208215,48.496702045202255,53.167834419492365,36.144,47.25266666666667,52.03833333333333,60.52233333333332,51.70687898089172,73.553,50.67220863184748,53.881119002398314,51.78507711042406,70.06423199696256,50.61317152850536,50.233631079396,50.61317152850536,50.606268159701386,54.76198490558575,51.87260615711253,53.37043535136968,53.963265166635736,53.804566433951805,51.80218133290034,52.45012209642453,53.087251494923144,77.0,ok
2026-09,SQUA,HP2/01/125gsm/2190mm,VMI,2,32,260.27299999999997,250.0,246.7752481994168,236.76787346601486,248.1682235054611,214.595,263.892,263.35450000000003,258.5273333333334,261.67708280254783,233.28,256.4408449182182,234.72031841382224,266.6632098907976,239.6078602105742,243.90378172363097,246.79264183885644,243.90378172363097,243.8864174108292,249.27581495692934,257.4848107386011,252.38017643516966,249.58900312689835,248.03611498001436,248.15609023813346,249.55471153132336,248.1009043764168,235.0,ok
2026-09,SQUA,HP2/01/125gsm/2440mm,VMI,1,32,126.988,160.0,152.69525320511534,152.22564697265625,151.23780975788307,148.128,155.45866666666666,162.81166666666664,157.59766666666664,161.77464968152864,118.856,158.53748981902072,153.5776573701352,150.4785312639369,153.5776511777389,152.05290331188488,152.22564697265625,152.05290331188488,152.05429124744848,152.07979793123607,154.51816201840091,154.87127716069418,153.02803531067835,152.07359148061656,153.5776511777389,153.93181921109104,152.77393525924066,172.0,ok
2026-09,SQUA,HP2/01/127gsm/2640mm,VMI,1,10,35.004999999999995,110.0,41.98945010534666,38.6430892944336,37.463624182327095,23.974,63.09866666666667,80.1135,53.5404,79.60322292993631,80.1135,78.01033826783166,80.1135,80.1135,80.1135,39.36538786070245,38.6430892944336,39.36538786070245,39.36680189247409,69.87941278644348,79.85836146496816,76.8421213107391,69.45317622453678,62.83771472665708,78.01033826783166,66.13618525157943,61.602089317784255,,faltante
2026-09,SQUA,HP2/01/127gsm/2790mm,VMI,1,11,210.788,270.0,99.55968149625916,96.2038345336914,79.28768714166301,67.533,117.717,92.87233333333334,85.25263636363636,92.2807898089172,92.87233333333334,90.4342231840595,92.87233333333334,92.87233333333334,92.87233333333334,91.68373439053785,96.2038345336914,91.68373439053785,91.70791100074722,91.757931602328,92.87233333333334,92.36739105438501,91.75444653046702,91.74080916883796,92.87233333333334,92.05923895077458,91.74230301047855,,faltante
2026-09,SQUA,HP2/01/155gsm/1990mm,VMI,2,21,172.624,125.0,107.48104572658505,103.85638707876205,114.59327267247065,90.883,118.02300000000002,127.20050000000002,115.81416666666668,126.3903057324841,119.089,123.861197336745,117.64377284484604,126.68611787675704,96.17968698294479,108.64356849260591,107.48196821941532,108.64356849260591,108.62772100811584,116.17707474404439,118.55600000000001,120.05976424483552,116.07174043651783,114.43857330140474,117.18091573311732,116.25436566075899,114.1292118080132,115.0,ok
2026-09,SQUA,HP2/01/155gsm/2190mm,VMI,2,21,177.325,175.0,178.38714537418764,178.35066871345043,186.74974507029796,145.297,175.8673333333333,188.52783333333335,208.90325,187.32701910828027,236.305,183.57854857464378,163.89038623942534,179.01845612639028,149.9749337059965,181.162519719312,178.43331321095152,181.162519719312,181.15036711377607,181.86897604214025,181.3665440171837,179.59866556587806,179.80693209432644,181.70594765994915,179.19645638280946,180.11995028368938,180.15750358475802,184.0,ok
2026-09,SQUA,HP2/01/155gsm/2440mm,VMI,2,21,227.81799999999998,245.0,196.27192003153985,194.32479517161846,185.04018131128814,158.135,236.97166666666664,244.42249999999999,232.0032666666666,242.8656687898089,197.66866666666667,238.0058530119029,225.70694194489957,246.44978656198694,216.870522414371,191.8789655048155,194.319555631161,191.87896550481545,191.8922259185825,223.90998727229692,234.5963333333333,232.10694213794153,224.4912987888059,216.5182130182627,225.70512241199089,220.08792804462675,215.98451922943136,211.0,ok
2026-09,SQUA,HP2/01/155gsm/2640mm,VMI,2,21,159.824,150.0,131.57719363633734,126.45245547592639,129.50751391503022,123.972,146.09866666666667,132.5906666666667,124.734,131.74614012738854,104.298,129.1098598591246,134.92062208108084,129.44160678990303,117.49140483084972,129.1790543424313,129.51898424865786,129.1790543424313,129.17418783093407,127.44029670216801,129.27573332451382,128.41621224051383,128.30157524747383,127.84154846530568,129.3603141717339,128.64847175844372,128.52928487951718,117.0,ok
2026-09,SQUA,HP2/01/155gsm/2790mm,VMI,2,21,292.94,290.0,271.6131989478775,278.8492965698242,288.79251893335726,302.097,309.7663333333333,313.2156666666667,290.736053030303,311.2206624203822,249.29433333333333,304.9930424641424,302.6993208923309,310.04367833364176,302.69928320351625,279.7516714836863,279.53826361744797,279.7516714836863,279.7379200276415,299.67653736776504,305.0576241601334,305.37804671794066,301.3380470601389,295.0784913945161,302.6689429730103,299.04018114262504,295.70145979118683,219.0,ok
2026-09,SQUA,K/01/125gsm/2200mm,VMI,1,32,26.182,35.0,35.16732288541378,34.27684783935547,36.82690149029052,29.768,32.38066666666666,33.903,37.54541666666666,33.68705732484076,50.741,33.01296907879816,30.84833803406994,30.90607689598637,33.82940351439496,35.42369073835326,35.16732288541378,35.42369073835326,35.41992431286307,34.66219281814235,33.35001320181946,32.95319558011448,34.08073286528842,34.83792310742179,33.82940351439496,33.776693966194074,34.430196988936025,22.0,ok
2026-09,SQUA,K/01/160gsm/2000mm,VMI,1,32,23.166,10.0,9.69914266031906,10.926937103271484,12.27628009663166,5.615,6.577333333333333,9.825,17.44016666666667,9.762420382165606,30.301,9.567071385989204,9.34888354118004,7.143469014826469,11.781359741467416,10.967453286740735,10.926937103271484,10.967453286740735,10.965608604637719,11.736170406562874,9.664745884077405,9.571367344271456,11.050717793886056,11.558774148142382,9.762420382165606,10.036729325094548,11.028508416512198,20.0,ok
2026-09,SQUA,K/01/160gsm/2200mm,VMI,1,32,65.441,35.0,32.07417108935866,31.548337936401367,36.07615384282919,24.066,28.801666666666662,32.01466666666667,48.173,31.81075159235669,53.578,31.174208793755625,26.23906167357097,24.989612917013982,39.041355553025255,33.232887622863075,32.07417108935866,33.232887622863075,33.226292154849695,33.98883238630559,31.49248019305616,31.51361849100698,33.13379341337001,33.814383594741926,31.81075159235669,32.086708201625676,33.15793110607126,57.0,ok
2026-09,SQUA,K/01/160gsm/2450mm,VMI,2,32,54.32,75.0,44.99926993562201,44.810290321707726,41.493209134987225,42.155,39.072,41.19416666666667,47.53831818181818,40.931783439490445,43.14,40.112726024054645,48.55465516916324,45.26005261915023,48.55465117890101,43.76758979743899,44.77872868128948,43.76758979743899,43.77237152260597,43.65133532792444,42.6475,43.22925045421789,43.645303759955844,43.678163282427796,43.14,43.386787931615515,43.67846229333717,51.0,ok
2026-09,SQUA,KS/257/195gsm/2000mm,VMI,1,32,111.678,80.0,84.40049762818683,81.02090454101562,84.24503250676466,76.205,88.07433333333334,98.75183333333337,91.422,98.12284076433122,88.8,96.15937292593468,89.92921284113321,99.25525970955373,81.53533102509377,83.22214489198903,84.24503250676466,83.22214489198903,83.21718614300416,90.82551839327132,90.6756064205666,92.08462664412207,90.84516087492081,89.07089373912926,88.8,89.18762455830864,88.85462881938602,43.0,ok
2026-09,SQUA,KS/257/195gsm/2200mm,VMI,1,32,112.245,110.0,123.67540722951682,117.69813537597656,130.07838815727976,107.639,122.87266666666666,125.691,125.45083333333332,124.8904203821656,161.834,122.391325147722,120.83806032742312,122.66206801876815,115.58576540058084,123.81731025425772,123.67540722951682,123.81731025425772,123.79888026073681,124.98551392766599,122.7673673427174,123.18422897934647,123.74735588512956,124.71592846457177,122.87266666666666,122.90776849795247,123.76080125233281,95.0,ok
2026-09,SQUA,KS/257/195gsm/2450mm,VMI,1,32,39.945,45.0,47.47330031618271,45.27056884765625,43.99855765691485,38.79,53.47466666666667,47.1895,44.20783333333333,46.888929936305736,38.924,45.95066821059924,42.06471874076099,44.30403178480552,42.064713927552766,45.580808940251266,45.27056884765625,45.580808940251266,45.58245666319989,44.38590626000243,44.25593255906942,44.24681598889293,44.55015012629322,44.661653032367546,44.30403178480552,44.65994693754763,44.819532147742905,38.0,ok
2026-09,SQUA,KS/257/245gsm/2650mm,VMI,1,32,110.205,90.0,79.81277420632107,79.58114624023438,77.69450732320729,74.202,87.82866666666666,85.25666666666667,83.36766666666666,84.71363057324841,80.072,83.01848510244135,82.15643295384069,81.70025222794303,80.93146515515149,79.02947592325425,79.58114624023438,79.02947592325425,79.03218476426022,82.32472660126248,82.58745902814101,82.64798877988194,82.36231558180928,81.56428413710674,81.70025222794303,81.70598368064968,81.49331268465495,80.0,ok
2026-09,SQUA,KS/257/245gsm/2800mm,VMI,1,32,35.371,70.0,67.15475584997289,66.67236328125,65.98017782608014,58.477,59.22533333333333,62.67316666666667,72.331,62.27397452229299,100.587,61.02785338279888,60.13569167949991,60.09473773121447,64.11900582018876,66.60243231910101,66.67236328125,66.60243231910101,66.60339147278864,66.09447631359949,61.650913952545935,61.72073830044362,64.88186866057399,66.2116969302537,62.67316666666667,63.34796963999607,65.33110275775965,43.0,ok
2026-09,SQUA,KW2/01/115gsm/2000mm,VMI,1,32,15.913,30.0,30.573178274723425,30.81298065185547,29.48548330468593,32.771,28.046666666666667,27.7295,28.285083333333333,27.552878980891723,32.418,27.001537506136145,29.95434387884654,29.544502507543445,33.1155716123395,30.290547410421606,30.573178274723425,30.290547410421606,30.292488591382067,29.641908448575737,28.914792920438387,29.329682731064995,29.565470317195953,29.791594362847864,29.544502507543445,29.649970957517198,29.75518688425168,48.0,ok
2026-09,SQUA,KW2/01/115gsm/2200mm,VMI,1,32,53.679,60.0,54.6520091025624,53.70085525512695,55.39447443797354,49.146,54.79233333333334,53.70316666666667,54.70508333333333,53.361108280254776,74.678,52.29333630062858,54.07760271075863,52.35057894182583,59.08105736138816,54.582446265220966,54.6520091025624,54.582446265220966,54.579913391930575,55.81882669281894,53.89038468871265,53.8316455443621,55.173419748712696,55.533508132604005,54.07760271075863,54.08191245131505,55.01854332740058,71.0,ok
2026-09,SQUA,KW2/01/115gsm/2450mm,VMI,1,32,51.921,60.0,54.54501364523045,52.448760986328125,54.683033656335766,45.641,53.84466666666666,57.18483333333333,55.58225,56.82059872611465,44.48,55.68360129220304,59.028343692589566,55.97497885906799,59.02833874272908,53.89226942929812,54.54501364523045,53.89226942929812,53.88885454078692,54.32686113127043,55.82929007563551,55.84848814623094,54.59014726884747,54.22657073850758,55.58225,55.19641524058667,54.407143823689594,67.0,ok
2026-09,SQUA,KW2/01/115gsm/2650mm,VMI,2,32,52.878,70.0,50.88626072535928,52.551219940185554,55.242014893992604,48.309999999999995,63.57266666666668,75.12941666666666,79.63258333333333,74.53405884137095,84.47725,73.15709846694422,83.82724951864779,83.71273920064007,92.78655034766025,52.893165186512476,53.78718014902522,52.89316518651247,52.88941822682716,75.91396130419298,81.6726612669867,80.11054959344314,75.4728083797365,70.60146989242057,79.63258333333333,73.94964640880946,69.5796370463386,62.0,ok
2026-09,SQUA,KW2/01/115gsm/2800mm,VMI,2,32,85.453,110.0,109.58443826754993,114.70269584655762,104.27317632657123,127.47800000000001,115.20733333333334,122.72041666666667,127.11133333333333,121.78429808917198,138.12775,119.49872638863503,139.6880388560665,124.79383214377114,152.28371067608361,109.52010348022627,106.30540117988829,109.52010348022627,109.53563672250444,128.86934394870616,125.95258273855224,129.0376115148349,128.50835880585336,124.40413460982617,136.5386385435571,126.20998844310438,123.5573970086622,87.0,ok
2026-09,SQUA,KW2/01/160gsm/2200mm,VMI,1,32,41.69,55.0,59.540776367502914,60.8022575378418,54.29848048383159,61.681,55.45533333333333,59.688,56.59175,59.30782165605095,43.567,58.12105413607364,53.643531183984535,57.78924928172299,53.64352639392725,58.21383812972544,59.540776367502914,58.21383812972544,58.22335607358531,55.948826598509264,57.19049964086149,56.81812326519423,56.34138866597441,56.47152156725146,57.78924928172299,57.15955516027777,56.832491033768946,55.0,ok
2026-09,SQUA,KW2/01/160gsm/2650mm,VMI,1,32,56.713,40.0,38.797059859409046,38.84763717651367,38.398630033190685,39.266,42.00233333333333,36.96516666666667,35.43233333333333,36.72971974522294,26.096,35.99474690025329,37.42681224508664,36.78717691160405,35.900002272064,38.6811090230378,38.797059859409046,38.6811090230378,38.68176293493693,36.26002914075642,36.75844832841349,36.63393745681626,36.623415039147076,36.81873988282136,36.96516666666667,37.31632797889011,37.160544173944665,23.0,ok
2026-09,SQUA,KW2/01/160gsm/2800mm,VMI,1,32,42.596,60.0,48.45305842055197,49.567569732666016,44.85739412790444,48.333,50.01233333333334,50.64483333333334,43.13399999999999,50.322254777070064,30.148,49.31529117878122,49.35754247783685,52.80757443031147,46.654048176748304,47.626007427040804,48.45305842055197,47.626007427040804,47.63291806447783,47.07288777074146,49.33641682830904,48.99907832396163,47.66489601591216,47.200530768349005,49.31529117878122,48.541388024988024,47.65655131897262,30.0,ok
2026-09,SQUA,RF1/01/80gsm/1990mm,VMI,1,32,46.491,40.0,39.805924893716,39.361236572265625,37.51169454935927,29.585,41.305,47.068666666666665,45.25933333333334,46.76886624203821,42.798,45.83300702731098,42.891556900066846,49.13349445966173,39.92219717132387,38.892952005113635,39.361236572265625,38.892952005113635,38.895588587820605,43.056512180040166,44.075445116700095,44.142627250458226,43.006796966531375,42.09569060121097,42.798,42.66056912667276,41.933970645992325,26.0,ok
2026-09,SQUA,RF1/01/80gsm/2190mm,VMI,1,32,58.209,70.0,65.01296851248291,62.79281234741211,62.86920610378095,57.617,69.83533333333334,67.10183333333333,62.84466666666666,66.6744331210191,73.187,65.3402574687786,61.37734409985247,59.70083872902085,60.46707474460398,63.55832898789199,62.86920610378095,63.55832898789199,63.55802469685074,64.41457814966084,64.09246206772264,63.967601572375685,64.10654050624215,64.21698218925265,62.86920610378095,63.831177377547796,63.96340443933925,78.0,ok
2026-09,SQUA,RF1/01/80gsm/2440mm,VMI,1,32,39.832,75.0,67.72761412499432,71.14289093017578,66.72188111004373,68.81700000000001,66.81966666666666,78.63833333333332,78.78849999999998,78.13745222929934,69.506,76.57389808399127,73.70487564847146,81.64484820202826,69.7699841746946,68.53079538840461,67.72761412499432,68.53079538840461,68.53748856411659,74.24005583384849,75.13938686623136,74.38842391163168,74.33609215253566,72.92253419259221,71.14289093017578,72.6686720583289,72.82293738659335,79.0,ok
2026-09,SQUA,RF1/01/100gsm/1990mm,VMI,1,32,23.368,20.0,20.64662421646128,20.08362197875977,19.982555900345137,16.631,16.485666666666667,17.0785,22.54716666666667,16.96971974522293,34.124,16.63015050031721,19.50311668150357,19.42611464338708,24.04502639179171,20.237600698522062,20.08362197875977,20.237600698522062,20.23769775092633,20.344046129555583,18.25230732169354,18.69260295613004,19.8594572588109,20.319481799317074,19.50311668150357,19.20760220359405,19.958159712701676,30.0,ok
2026-09,SQUA,RF1/01/100gsm/2190mm,VMI,1,32,93.523,80.0,75.7994266758597,73.94583129882812,71.24110648594225,64.459,75.10733333333333,80.12083333333334,84.14641666666667,79.61050955414014,75.84,78.0174790844726,69.80364905628801,75.66233056397928,78.3631533415052,73.6621214868767,73.94583129882812,73.6621214868767,73.66587213128221,76.11307049337185,76.9287395422363,77.1001343129051,75.95357106962659,75.54746687648836,75.7994266758597,75.95413003756228,75.35659241798872,125.0,ok
2026-09,SQUA,RF1/01/100gsm/2440mm,VMI,1,32,96.049,110.0,96.87968527294052,100.05552673339844,98.1844678493909,95.132,99.84733333333334,96.93316666666664,91.69758333333334,96.31575796178342,50.24,94.38845039898106,98.1782872900138,101.23588662549872,95.32407823404452,98.37322661857661,98.1844678493909,98.37322661857661,98.37621034329179,91.92925438436548,95.81991809791397,96.04529009191491,93.31527515404115,93.41632489995267,96.87968527294052,96.79813633412824,94.63593418599052,119.0,ok
2026-09,SQUA,RF1/01/100gsm/2640mm,VMI,1,32,53.03,85.0,75.68525334730116,74.52678680419922,69.3199534707018,71.92,83.02466666666668,75.04816666666667,67.212,74.57015286624205,76.279,73.07798146438834,72.59296171042095,72.46798180872574,72.13647789923586,73.17733120740074,74.52678680419922,73.17733120740074,73.18476187299672,73.83293890823462,72.83547158740464,73.31562040261326,73.80922515708487,73.68164482342681,73.07798146438834,73.55841806302,73.64627047669231,106.0,ok
2026-09,SQUA,RF1/01/100gsm/2790mm,VMI,1,32,206.754,175.0,192.6400847282636,197.6153717041016,179.42581407846518,213.211,184.17066666666668,187.8736666666667,169.61308333333332,186.6770191082803,162.442,182.9415552720143,189.36847892421892,189.17434544313176,182.7344994123606,189.89375683694345,192.6400847282636,189.89375683694345,189.92050264089605,184.82063148266724,185.42384288747348,185.59529209485336,185.76669056335894,185.99135271826947,186.6770191082803,186.11179225556313,186.85063438640404,130.0,ok
2026-09,SQUA,T1/01/250gsm/2000mm,VMI,1,27,51.19,50.0,32.68963987278544,34.75849533081055,36.61183952372273,25.984,31.436333333333334,36.089666666666666,41.21325,35.85979617834396,40.562,35.1422307680972,40.82514814115308,39.46586554662737,45.34108059694596,34.68665824243957,34.75849533081055,34.68665824243957,34.68415792503661,37.19193712311676,37.77776610664702,37.99078455014805,36.99469335944958,36.613795842960485,36.089666666666666,36.889409114245225,36.39175548808979,29.0,ok
2026-09,SQUA,T1/01/250gsm/2200mm,VMI,1,28,69.45100000000001,75.0,65.1624178277408,59.71341323852539,62.28215235654566,46.107,62.365,62.81616666666665,67.65625000000001,62.4160636942675,94.26,61.16709930729723,57.640233912232524,60.38841796091155,71.41818544482805,62.38599447427061,62.28215235654566,62.38599447427061,62.3818031292514,64.62344169862034,62.39053184713375,62.801499604857156,63.51161301339813,64.10710772377041,62.365,62.66299789466164,63.216787339468695,80.0,ok
2026-09,SQUA,T1/01/250gsm/2450mm,VMI,1,30,100.279,105.0,62.64688978281239,64.25643157958984,61.09133509424877,40.947,72.31766666666667,88.423,97.18816666666665,87.85979617834394,83.871,86.1016949784553,57.68097997173733,85.76630830400049,54.32986023517141,62.664885485550336,62.64688978281239,62.664885485550336,62.66960434569682,75.44854730010418,84.81865415200025,78.93290768320061,74.86511259062962,72.4984714967456,72.31766666666667,73.51023361731718,71.68267544994208,91.0,ok
2026-09,SQUA,TSL/01/100gsm/2650mm,VMI,1,32,17.646,30.0,28.78356860486416,29.104284286499023,26.94074354181138,30.713,30.873,25.56116666666667,22.018250000000005,25.398356687898094,23.138,24.89012785843946,30.501143643783863,30.488615501944214,30.74548946689349,28.27619881105819,28.78356860486416,28.27619881105819,28.279356407000233,27.43271498256258,28.02489108430544,27.92540172645538,27.650752013957657,27.627365096830793,28.78356860486416,28.04233408798965,27.814787323273222,35.0,ok
2026-09,SQUA,TSL/01/100gsm/2800mm,VMI,1,32,44.224,60.0,57.31590491967811,59.39425659179688,54.154783393571016,66.372,57.12933333333333,53.397,47.523,53.05689171974522,65.023,51.99520720586926,52.28250553511385,50.49815299667037,40.96812042332013,56.954981635015336,57.31590491967811,56.954981635015336,56.962742040039636,53.82452112140521,52.66969862742953,53.059848465122,53.60786343452842,54.546935086084474,53.397,54.35822618841978,54.483324306043386,32.0,ok
2026-09,SQUA,TSL/01/125gsm/2200mm,VMI,2,32,79.762,70.0,58.83156659946776,61.17218366265296,63.26579576183916,44.983,64.986,75.05883333333334,77.94241666666666,74.58075159235669,52.074,73.08836810677516,76.8794574769957,79.50334881912485,76.87944626746261,61.08984867465328,61.17218366265296,61.08984867465328,61.087024525887806,69.59756222627149,74.81979246284502,73.45401586834154,70.00284786263235,67.6342437143596,73.08836810677516,69.3326268037788,67.67624967936648,92.0,ok
2026-09,SQUA,TSL/01/125gsm/2450mm,VMI,2,32,89.03999999999999,120.0,104.69870671511964,104.55772855877878,107.79752602647282,101.178,116.87666666666668,111.817,96.10249999999998,111.10478980891718,55.191,108.88154922820912,111.48154892511313,118.8347043959516,91.9657595771249,105.68465376679042,104.74336289604845,105.68465376679042,105.67995503365384,102.34335186019825,109.58266915131729,106.5612713519253,104.02582319368446,103.1144215309503,107.52305019121827,106.26906549021369,104.45747151021112,85.0,ok
2026-09,SQUA,TSL/01/125gsm/2650mm,VMI,2,32,59.417,55.0,56.56688271828925,56.22026161104441,58.16391297432011,49.557,50.867,55.98266666666667,57.38575,55.62608917197452,82.07900000000001,54.512994236950455,61.257137492919675,52.13876678054186,57.714042839594924,56.983685767884594,56.57975928939966,56.983685767884594,56.98084398491037,57.71204471886481,55.80437791932059,55.3623992019259,56.89525223409946,57.54396188402321,56.1357536315918,55.90282805724547,56.91758753667533,60.0,ok
2026-09,SQUA,TSL/01/125gsm/2800mm,VMI,2,32,244.036,140.0,179.3529974792374,182.68296273052695,186.10162512970277,169.475,179.26766666666666,199.96866666666665,191.51325,198.69498089171972,189.825,194.71903399094955,170.31854874420588,170.12870978120193,172.65057930948683,182.71252844648905,182.68296273052695,182.71252844648905,182.70787394270778,183.65614360508974,184.54633333333334,182.87678267554983,183.1767648519143,183.43838626079727,182.6354564534421,182.82203126586293,183.0544070284911,188.0,ok
2026-09,SQUA,TSL/01/150gsm/2200mm,VMI,2,27,17.65,25.0,24.030190335358892,23.757403433322906,23.7285284754151,21.931,21.934,22.436666666666667,24.37516666666667,22.29375796178344,25.891,21.847653095536327,22.78422886735467,22.371914191262128,25.142431052350375,23.838707414698966,23.757403433322906,23.838707414698966,23.838725372699052,23.10078185016203,22.404290428964398,22.699289058954406,22.98567686602716,23.27107236505517,22.78422886734754,23.068726098094544,23.208281221328924,16.0,ok
2026-09,SVIG,HP2/01/115gsm/2190mm,VMI,1,32,131.214,130.0,142.30333979002518,139.01876831054688,127.64741833661292,140.292,144.96133333333333,150.767,133.511,149.80670063694268,101.45,153.68608244315797,141.0461147097333,145.44526728226066,130.1218702944674,136.32317547906166,139.01876831054688,136.32317547906166,136.33933765695178,139.10873686998954,143.00372402153332,142.5104026603783,140.380192814792,138.46591501054465,141.0461147097333,140.72293270636771,139.3257252783699,91.0,ok
2026-09,SVIG,HP2/01/115gsm/2440mm,VMI,1,32,95.517,110.0,98.92410341360616,90.78654479980467,105.21202961236136,81.936,109.866,102.709,105.64358333333332,102.0548025477707,124.052,104.69760518982478,97.4424355927543,102.33613399205746,91.35705048600452,98.3075592752574,98.92410341360616,98.3075592752574,98.28598225485115,102.20946111417452,102.52256699602873,102.48059344262343,101.46807001088446,101.30902222827056,102.33613399205746,101.15297157419029,100.63769918448328,77.0,ok
2026-09,SVIG,HP2/01/125gsm/2190mm,VMI,1,32,125.864,130.0,126.18676181159692,117.17611694335938,111.7195820878161,103.976,138.424,134.88416666666666,130.04258333333334,134.02503184713376,120.576,137.49573287662415,132.75093933799482,135.00376189135005,132.75093263461167,118.36082028092413,117.17611694335938,118.36082028092413,118.3679267681113,129.99291485877146,133.3879855925643,133.24290261851505,130.21990344199307,127.30858534080667,132.75093263461167,129.26625494067184,127.12711140741794,111.0,ok
2026-09,SVIG,HP2/01/125gsm/2440mm,VMI,2,32,127.341,100.0,103.78937449179327,98.25697424262763,106.2859617563051,86.63,115.71366666666664,122.87916666666668,120.53291666666668,122.09649681528664,121.617,125.2582974979928,123.3198629757336,118.86477268972524,123.79761797494085,102.77743683024202,103.78937449179327,102.77743683024202,102.76533985420193,118.07097979536792,121.85674840764332,121.55167775958189,117.79960864579103,114.54170064956962,120.53291666666668,117.2332463789743,113.87639245631303,111.0,ok
2026-09,SVIG,HP2/01/155gsm/2190mm,VMI,2,21,174.53,165.0,164.63758162522998,164.39816176891327,159.1965500263324,156.391,170.40133333333333,176.94183333333334,167.80575000000002,175.8148152866242,158.984,180.36770105732808,169.35888965214414,169.29074337850113,154.19792362507263,162.7440978068252,164.3970831296578,162.7440978068252,162.75160113816074,167.9553989666337,169.3223843204291,168.6084445434693,168.23805633821772,166.75279100667785,167.80575000000002,166.64692785334387,166.80635718729187,176.0,ok
2026-09,SVIG,HP2/01/155gsm/2440mm,VMI,1,23,183.353,140.0,124.75775135650558,115.65044403076172,116.09160459286495,102.541,142.68066666666667,135.01066666666668,125.19100000000002,134.1507261146497,113.606,137.62468211239232,117.8207402871392,129.7595483144954,93.0074805810584,118.83326666004409,116.09160459286495,118.83326666004409,118.83183358288765,123.13925107430684,127.4752741572477,125.92311356382517,123.48590663325481,122.14556236332312,124.75775135650558,123.55983126256481,122.27141891913143,111.0,ok
2026-09,SVIG,K/01/110gsm/2200mm,VMI,1,32,67.685,70.0,69.12344950286575,67.89813232421875,64.96976497263664,57.82,75.60666666666667,74.9675,68.41875,74.49000000000001,55.12,76.41898681778801,66.41246740984054,65.26954671259884,66.41246351235608,67.33044893324039,67.89813232421875,67.33044893324039,67.33457791995758,68.09363811192503,67.41560870492027,69.32845460579925,68.44166232775602,67.91751753222856,67.89813232421875,68.66245271494628,68.1527669027771,75.0,ok
2026-09,SVIG,K/01/110gsm/2450mm,VMI,1,32,73.485,70.0,70.23381775548677,68.36491394042969,68.22073820723111,55.44,77.205,77.93083333333334,75.51958333333333,77.43445859872612,70.915,79.43969487043366,73.0757814473288,72.01790799211356,73.07577653696276,68.93982330104919,68.36491394042969,68.93982330104919,68.93986872693169,73.20540361122316,74.29768239033106,74.7214179847441,73.18127960800962,72.22103892425993,73.07577653696276,73.09358217826455,72.07447673880841,81.0,ok
2026-09,SVIG,K/01/125gsm/2450mm,VMI,1,22,25.785,35.0,22.93249277836062,23.46517372131348,23.20413015737136,16.955,23.886666666666667,28.949166666666667,30.35583333333333,28.76477707006369,21.475,29.50966733432418,26.90749961737252,30.660537833521527,26.907495130514384,23.200598885681824,23.20413015737136,23.200598885681817,23.201022985085025,26.437164365246296,27.836138343718105,27.487545414268016,26.528475719261067,25.690264639192954,26.907495130514384,26.058563238072615,25.66017167219325,,faltante
2026-09,SVIG,KS/257/165gsm/2450mm,VMI,1,32,58.439,45.0,43.2029738227994,41.29981994628906,42.0466289492952,36.218,45.99333333333334,41.706,39.78291666666667,41.44035668789809,47.989,42.51349270314024,41.23234693131502,37.88113830015673,37.94629000989636,42.18314090612789,42.0466289492952,42.18314090612788,42.18189451634568,41.27028746324065,41.336351809606555,40.77023383315273,41.06452337762008,41.48094595006077,41.44035668789809,41.24120285747778,41.356103141283484,31.0,ok
2026-09,SVIG,KS/257/215gsm/2200mm,VMI,1,23,35.844,35.0,34.521802955798314,34.18477249145508,33.31547927280943,32.584,34.94133333333334,30.69966666666667,31.67216666666667,30.504127388535032,38.536,31.294059723353268,31.639808014812115,28.581628370161205,33.277983215197146,34.00735157335427,34.18477249145508,34.00735157335427,34.00857960465977,32.373077337872544,31.655987340739394,31.86128071444931,32.179837968335804,32.75021754606063,32.584,32.576637667417636,32.65705098703695,28.0,ok
2026-09,SVIG,KS/257/215gsm/2450mm,VMI,1,23,52.488,40.0,46.6106445480295,46.41463470458984,47.73133451405953,39.658,45.03666666666667,48.690333333333335,49.26816666666667,48.38020382165605,50.626,49.63305353858278,47.10530455640216,50.37161107158534,47.10530470134354,46.91887125555962,46.6106445480295,46.91887125555962,46.91694951586574,47.58746443562365,48.53526857749469,48.36372776966409,47.448035936399286,47.43317370176272,47.73133451405953,47.88210893162927,47.309448096050524,33.0,ok
2026-09,SVIG,KW2/01/115gsm/2200mm,VMI,2,32,36.445,50.0,56.06585311157643,55.41720008850098,54.84850009337605,47.132000000000005,55.08366666666667,57.21433333333333,52.047583333333336,56.94061146496815,47.71,58.32209137010744,49.86503134980789,53.423203969673274,49.865026374238894,55.44385109781783,55.41720008850098,55.44385109781783,55.444617115446746,52.7603547862129,52.73539365150331,52.87085385978138,52.8890086833479,53.37962316581404,52.325220336914064,52.9663200880691,53.55589874057409,37.0,ok
2026-09,SVIG,KW2/01/115gsm/2450mm,VMI,1,32,56.9,50.0,42.43061637659714,40.65878677368164,39.9907862555153,32.085,45.64666666666667,44.26666666666667,45.63141666666667,43.98471337579618,52.572,45.12373783929591,47.54865616210024,47.219444613149335,47.5486512038939,41.02672980193136,40.65878677368164,41.02672980193136,41.02754142331197,45.162695319423555,45.63904166666667,45.90609727605653,44.89321216374085,44.20824173846382,45.12373783929591,44.72341113137934,43.88445927776568,52.0,ok
2026-09,SVIG,TSL/01/80gsm/2200mm,VMI,1,32,132.264,140.0,127.68361798152829,115.13552856445312,118.65149365127634,101.762,142.024,149.71133333333333,139.55083333333332,148.75775796178343,142.242,152.60997643610187,101.76200070619583,102.88881502163468,99.50825250620574,120.49021339908592,118.65149365127634,120.49021339908592,120.48403223123202,128.08169692985882,140.78741666666667,129.53756783715787,127.28393015529575,126.32981611506504,127.68361798152829,126.52178302446721,125.50948605081032,38.0,ok
2026-09,SVIG,TSL/01/80gsm/2300mm,VMI,1,18,68.144,55.0,50.15741253213718,50.04094314575195,46.0937494137952,55.542,51.23933333333334,44.12733333333333,37.992333333333335,43.84626751592357,45.786,44.98170679700053,52.05846584576564,47.26472671727628,43.11315524006032,48.764035030561445,50.04094314575195,48.764035030561445,48.76973455440358,46.59513221160263,45.383853398500264,46.20756128281118,46.7889223139331,47.09564824674698,46.0937494137952,47.05971919872793,47.30581839699885,,faltante
2026-09,SVIG,TSL/01/80gsm/2450mm,VMI,1,32,297.334,320.0,262.98155638474765,265.4052429199219,264.1398341054704,251.266,310.15866666666665,344.766,362.1591666666666,342.5700382165605,379.038,351.44120331105484,274.5860309483669,288.04440906708805,246.65530597698648,264.17554447004665,264.1398341054704,264.17554447004665,264.1775864588193,315.06848208533904,326.36435244161356,318.5943913682895,312.31807996153157,303.32395802027156,288.04440906708805,300.4547757355419,299.7557421386931,80.0,ok
2026-09,SVIG,TSL/01/100gsm/2000mm,VMI,1,14,25.208,30.0,61.52221830215157,64.34728240966797,56.43362079690819,70.502,57.00366666666667,57.2775,57.03341666666666,56.91267515923568,29.880000000000003,58.38648104119589,62.92951324261072,66.75895573434607,51.43820972321044,60.76770716957591,61.52221830215157,60.76770716957591,60.77940101505654,56.81224182339321,57.15545833333333,58.2572087960626,57.812298836683325,57.72504151866614,57.2775,59.094041587233704,58.5865688370003,,faltante
2026-09,SVIG,TSL/01/100gsm/2200mm,VMI,1,32,167.282,175.0,155.2907013492786,151.2850799560547,150.79938094783896,134.969,167.93233333333333,174.5641666666667,168.39633333333336,173.45229299363055,154.788,177.94399908437856,142.98875215405124,148.1634878597416,130.9187273632982,152.45838741772408,151.2850799560547,152.45838741772408,152.45874036032532,157.41170927884335,161.36016666666666,159.28686661234835,157.29321628871125,156.26863500320044,154.788,157.01070688080694,156.0316521586023,37.0,ok
2026-09,SVIG,TSL/01/100gsm/2450mm,VMI,1,32,174.108,210.0,209.69535659901223,208.7389678955078,210.87728938718388,195.46,227.798,230.32316666666668,232.73716666666664,228.85614012738856,192.274,234.78257961558265,204.3452571068717,212.86589539067708,185.845624773842,209.77053796056796,209.69535659901223,209.77053796056796,209.76736136011314,214.5287830347695,220.33194769533856,216.60807654860068,215.07914316151982,213.43072647918447,210.87728938718388,214.32889701925646,213.69302530988796,43.0,ok
2026-09,SVIG,TSL/01/125gsm/2000mm,VMI,1,18,17.976,35.0,56.38172123142623,58.46707534790039,53.52049806290298,71.753,57.40866666666667,49.214666666666666,45.78041666666667,48.9011974522293,32.202,50.16753877669432,61.6192670347954,57.71958820085053,59.25554850006338,56.12309821407654,56.38172123142623,56.12309821407653,56.13043555086952,53.402188996463295,53.788102721680495,53.777867710528476,54.26629482694464,54.03009112360481,56.38172123142623,54.55961121171115,54.75274529347207,,faltante
2026-09,SVIG,TSL/01/125gsm/2200mm,VMI,1,32,137.336,120.0,122.82705953268616,123.54106903076172,122.33556523784011,119.867,129.12033333333335,133.52166666666665,127.4705,132.6712101910828,112.608,136.10685276805393,127.43273963706235,133.98256348668832,115.79831596465776,122.90123126709601,122.82705953268616,122.90123126709601,122.90303737319536,126.85791820475454,128.29541666666668,128.3472416380242,127.33579496121573,125.94483660375639,127.43273963706235,126.53190484771478,126.1790598665843,102.0,ok
2026-09,SVIG,TSL/01/125gsm/2450mm,VMI,1,32,74.992,115.0,113.05744393720346,111.9642562866211,108.07136081815956,109.799,118.22433333333332,110.885,113.76691666666666,110.17872611464968,103.166,113.03190520279352,112.79488938105722,116.8066863510864,104.45249161657382,111.03102034732804,111.9642562866211,111.03102034732804,111.03655607498749,111.31059486661604,111.83994469052861,111.74273956086118,111.63686931726349,111.24607766985727,111.9642562866211,111.5054998230168,111.48021662842953,112.0,ok
2026-09,SVIG,TSL/01/150gsm/2200mm,VMI,1,32,29.741,40.0,31.720580267460583,32.491336822509766,31.703716944532676,29.629,28.873,35.28616666666667,36.83508333333334,35.06141401273885,36.754,35.96936146130351,39.26465707548606,34.871291563085606,39.26465138761437,31.971878011501005,31.720580267460583,31.97187801150101,31.973084593829384,35.18086255002284,35.62776406398508,35.796219506187995,35.082090075342165,34.4403276565178,35.06141401273885,34.521439007959,34.27079018391875,64.0,ok
2026-09,SVIG,TWTC2/51/115gsm/2200mm,VMI,1,32,44.971,55.0,39.39303085754829,38.16753005981445,36.17520656329005,29.446,43.03333333333333,45.241166666666665,43.95791666666667,44.95300636942675,49.778,46.11710566740721,41.47103130030594,43.434177200263626,41.47102638024403,37.91192249355093,38.16753005981445,37.911922493550925,37.91469745922675,42.89027635843142,43.69604693346515,43.681771922777166,42.60412583770395,41.74142546653592,43.03333333333333,42.34691320380775,41.38041209486255,52.0,ok
2026-09,SVIG,TWTC2/51/115gsm/2450mm,VMI,1,32,58.324,50.0,57.44533792608925,60.26620864868164,57.07800617182964,55.979,57.562666666666665,59.823,61.03683333333333,59.44196178343948,61.99,60.98126586054666,58.084885450409686,59.76490077326283,55.62233433268638,58.26318424886684,57.44533792608925,58.26318424886684,58.2680422629495,59.028684820034506,59.60343127835115,59.27644675572089,58.91699034381065,58.85203084207273,59.44196178343948,58.938692586769534,58.747646317023694,60.0,ok
